﻿<?xml version="1.0" encoding="UTF-8"?>
<site generator-info-name="WebGrab+Plus/w MDB &amp; REX Postprocess -- version  V1.57 -- Jan van Straaten" site="telekom.hu">
  <channels>
    <channel update="i" site="telekom.hu" site_id="2" xmltv_id="M1">M1</channel>
    <channel update="i" site="telekom.hu" site_id="10" xmltv_id="M2">M2</channel>
    <channel update="i" site="telekom.hu" site_id="41" xmltv_id="DUNA">DUNA</channel>
    <channel update="i" site="telekom.hu" site_id="423" xmltv_id="M4 Sport">M4 Sport</channel>
    <channel update="i" site="telekom.hu" site_id="26" xmltv_id="DUNA WORLD">DUNA WORLD</channel>
    <channel update="i" site="telekom.hu" site_id="3" xmltv_id="RTL Klub">RTL Klub</channel>
    <channel update="i" site="telekom.hu" site_id="1" xmltv_id="TV2">TV2</channel>
    <channel update="i" site="telekom.hu" site_id="64" xmltv_id="hírTV">hírTV</channel>
    <channel update="i" site="telekom.hu" site_id="71" xmltv_id="ATV">ATV</channel>
    <channel update="i" site="telekom.hu" site_id="127" xmltv_id="Life Network">Life Network</channel>
    <channel update="i" site="telekom.hu" site_id="142" xmltv_id="Ozone Network">Ozone Network</channel>
    <channel update="i" site="telekom.hu" site_id="25" xmltv_id="STORY4">STORY4</channel>
    <channel update="i" site="telekom.hu" site_id="19" xmltv_id="Film+">Film+</channel>
    <channel update="i" site="telekom.hu" site_id="8" xmltv_id="Viasat3">Viasat3</channel>
    <channel update="i" site="telekom.hu" site_id="88" xmltv_id="Viasat6">Viasat6</channel>
    <channel update="i" site="telekom.hu" site_id="290" xmltv_id="M3">M3</channel>
    <channel update="i" site="telekom.hu" site_id="98" xmltv_id="PRIME">PRIME</channel>
    <channel update="i" site="telekom.hu" site_id="97" xmltv_id="STORY5">STORY5</channel>
    <channel update="i" site="telekom.hu" site_id="171" xmltv_id="RTL II">RTL II</channel>
    <channel update="i" site="telekom.hu" site_id="172" xmltv_id="Super TV2">Super TV2</channel>
    <channel update="i" site="telekom.hu" site_id="59" xmltv_id="Filmcafé">Filmcafé</channel>
    <channel update="i" site="telekom.hu" site_id="135" xmltv_id="VH1 Europe">VH1 Europe</channel>
    <channel update="i" site="telekom.hu" site_id="38" xmltv_id="MTV">MTV</channel>
    <channel update="i" site="telekom.hu" site_id="136" xmltv_id="Mozi+">Mozi+</channel>
    <channel update="i" site="telekom.hu" site_id="69" xmltv_id="VIVA">VIVA</channel>
    <channel update="i" site="telekom.hu" site_id="74" xmltv_id="RTL+">RTL+</channel>
    <channel update="i" site="telekom.hu" site_id="101" xmltv_id="Muzsika TV">Muzsika TV</channel>
    <channel update="i" site="telekom.hu" site_id="34" xmltv_id="Spektrum Home">Spektrum Home</channel>
    <channel update="i" site="telekom.hu" site_id="95" xmltv_id="Sláger TV">Sláger TV</channel>
    <channel update="i" site="telekom.hu" site_id="57" xmltv_id="Sport1">Sport1</channel>
    <channel update="i" site="telekom.hu" site_id="24" xmltv_id="Eurosport">Eurosport</channel>
    <channel update="i" site="telekom.hu" site_id="23" xmltv_id="Sport2">Sport2</channel>
    <channel update="i" site="telekom.hu" site_id="58" xmltv_id="Eurosport 2">Eurosport 2</channel>
    <channel update="i" site="telekom.hu" site_id="137" xmltv_id="Sport M">Sport M</channel>
    <channel update="i" site="telekom.hu" site_id="161" xmltv_id="Minimax/C8">Minimax/C8</channel>
    <channel update="i" site="telekom.hu" site_id="92" xmltv_id="Disney Channel">Disney Channel</channel>
    <channel update="i" site="telekom.hu" site_id="60" xmltv_id="Megamax">Megamax</channel>
    <channel update="i" site="telekom.hu" site_id="40" xmltv_id="Nickelodeon">Nickelodeon</channel>
    <channel update="i" site="telekom.hu" site_id="22" xmltv_id="Cool">Cool</channel>
    <channel update="i" site="telekom.hu" site_id="28" xmltv_id="AXN">AXN</channel>
    <channel update="i" site="telekom.hu" site_id="30" xmltv_id="AMC">AMC</channel>
    <channel update="i" site="telekom.hu" site_id="87" xmltv_id="Comedy Central">Comedy Central</channel>
    <channel update="i" site="telekom.hu" site_id="301" xmltv_id="FOX">FOX</channel>
    <channel update="i" site="telekom.hu" site_id="302" xmltv_id="Paramount Channel">Paramount Channel</channel>
    <channel update="i" site="telekom.hu" site_id="6" xmltv_id="Discovery Channel">Discovery Channel</channel>
    <channel update="i" site="telekom.hu" site_id="194" xmltv_id="TLC">TLC</channel>
    <channel update="i" site="telekom.hu" site_id="9" xmltv_id="National Geographic">National Geographic</channel>
    <channel update="i" site="telekom.hu" site_id="99" xmltv_id="Nat. Geo. Wild">Nat. Geo. Wild</channel>
    <channel update="i" site="telekom.hu" site_id="11" xmltv_id="Spektrum">Spektrum</channel>
    <channel update="i" site="telekom.hu" site_id="107" xmltv_id="Da Vinci Learning">Da Vinci Learning</channel>
    <channel update="i" site="telekom.hu" site_id="80" xmltv_id="Doq">Doq</channel>
    <channel update="i" site="telekom.hu" site_id="72" xmltv_id="Animal Planet">Animal Planet</channel>
    <channel update="i" site="telekom.hu" site_id="29" xmltv_id="Tv Paprika">Tv Paprika</channel>
    <channel update="i" site="telekom.hu" site_id="56" xmltv_id="ECHO TV">ECHO TV</channel>
    <channel update="i" site="telekom.hu" site_id="5" xmltv_id="HBO">HBO</channel>
    <channel update="i" site="telekom.hu" site_id="35" xmltv_id="HBO 2">HBO 2</channel>
    <channel update="i" site="telekom.hu" site_id="68" xmltv_id="HBO 3">HBO 3</channel>
    <channel update="i" site="telekom.hu" site_id="31" xmltv_id="Cinemax">Cinemax</channel>
    <channel update="i" site="telekom.hu" site_id="109" xmltv_id="Cinemax 2">Cinemax 2</channel>
    <channel update="i" site="telekom.hu" site_id="116" xmltv_id="HBO HD">HBO HD</channel>
    <channel update="i" site="telekom.hu" site_id="105" xmltv_id="Discovery Science">Discovery Science</channel>
    <channel update="i" site="telekom.hu" site_id="32" xmltv_id="Viasat Explore">Viasat Explore</channel>
    <channel update="i" site="telekom.hu" site_id="160" xmltv_id="Viasat Nature">Viasat Nature</channel>
    <channel update="i" site="telekom.hu" site_id="33" xmltv_id="Viasat History">Viasat History</channel>
    <channel update="i" site="telekom.hu" site_id="164" xmltv_id="Viasat Nature/History HD">Viasat Nature/History HD</channel>
    <channel update="i" site="telekom.hu" site_id="291" xmltv_id="Unitel Classica">Unitel Classica</channel>
    <channel update="i" site="telekom.hu" site_id="145" xmltv_id="MTV Hits">MTV Hits</channel>
    <channel update="i" site="telekom.hu" site_id="138" xmltv_id="Sky News">Sky News</channel>
    <channel update="i" site="telekom.hu" site_id="114" xmltv_id="Euronews">Euronews</channel>
    <channel update="i" site="telekom.hu" site_id="148" xmltv_id="SAT1">SAT1</channel>
    <channel update="i" site="telekom.hu" site_id="146" xmltv_id="ZDF">ZDF</channel>
    <channel update="i" site="telekom.hu" site_id="149" xmltv_id="RTL">RTL</channel>
    <channel update="i" site="telekom.hu" site_id="165" xmltv_id="ORF1">ORF1</channel>
    <channel update="i" site="telekom.hu" site_id="147" xmltv_id="TVE">TVE</channel>
    <channel update="i" site="telekom.hu" site_id="152" xmltv_id="TV5">TV5</channel>
    <channel update="i" site="telekom.hu" site_id="139" xmltv_id="RTR Planeta">RTR Planeta</channel>
    <channel update="i" site="telekom.hu" site_id="120" xmltv_id="Hustler TV">Hustler TV</channel>
    <channel update="i" site="telekom.hu" site_id="140" xmltv_id="Brazzers TV Europe">Brazzers TV Europe</channel>
    <channel update="i" site="telekom.hu" site_id="106" xmltv_id="Private TV">Private TV</channel>
    <channel update="i" site="telekom.hu" site_id="156" xmltv_id="Dorcel TV">Dorcel TV</channel>
    <channel update="i" site="telekom.hu" site_id="111" xmltv_id="Blue Hustler">Blue Hustler</channel>
    <channel update="i" site="telekom.hu" site_id="86" xmltv_id="Fishing &amp; Hunting">Fishing &amp; Hunting</channel>
    <channel update="i" site="telekom.hu" site_id="94" xmltv_id="Jim Jam">Jim Jam</channel>
    <channel update="i" site="telekom.hu" site_id="157" xmltv_id="Nick JR">Nick JR</channel>
    <channel update="i" site="telekom.hu" site_id="102" xmltv_id="Baby TV">Baby TV</channel>
    <channel update="i" site="telekom.hu" site_id="151" xmltv_id="KIKA">KIKA</channel>
    <channel update="i" site="telekom.hu" site_id="179" xmltv_id="Sundance TV">Sundance TV</channel>
    <channel update="i" site="telekom.hu" site_id="13" xmltv_id="Film Mánia">Film Mánia</channel>
    <channel update="i" site="telekom.hu" site_id="91" xmltv_id="AXN White">AXN White</channel>
    <channel update="i" site="telekom.hu" site_id="100" xmltv_id="AXN Black">AXN Black</channel>
    <channel update="i" site="telekom.hu" site_id="81" xmltv_id="Film+2">Film+2</channel>
    <channel update="i" site="telekom.hu" site_id="76" xmltv_id="Sorozat+">Sorozat+</channel>
    <channel update="i" site="telekom.hu" site_id="134" xmltv_id="Filmbox Premium">Filmbox Premium</channel>
    <channel update="i" site="telekom.hu" site_id="118" xmltv_id="Filmbox Plus">Filmbox Plus</channel>
    <channel update="i" site="telekom.hu" site_id="132" xmltv_id="Filmbox Family">Filmbox Family</channel>
    <channel update="i" site="telekom.hu" site_id="119" xmltv_id="Filmbox Extra HD">Filmbox Extra HD</channel>
    <channel update="i" site="telekom.hu" site_id="250" xmltv_id="Animal Planet HD">Animal Planet HD</channel>
    <channel update="i" site="telekom.hu" site_id="158" xmltv_id="Spektrum HD">Spektrum HD</channel>
    <channel update="i" site="telekom.hu" site_id="129" xmltv_id="Nat. Geo. HD">Nat. Geo. HD</channel>
    <channel update="i" site="telekom.hu" site_id="253" xmltv_id="Discovery HD Showcase">Discovery HD Showcase</channel>
    <channel update="i" site="telekom.hu" site_id="174" xmltv_id="AXN HD">AXN HD</channel>
    <channel update="i" site="telekom.hu" site_id="113" xmltv_id="Eurosport HD">Eurosport HD</channel>
    <channel update="i" site="telekom.hu" site_id="254" xmltv_id="Sport1 HD">Sport1 HD</channel>
    <channel update="i" site="telekom.hu" site_id="185" xmltv_id="Super TV2 HD">Super TV2 HD</channel>
    <channel update="i" site="telekom.hu" site_id="186" xmltv_id="ATV HD">ATV HD</channel>
    <channel update="i" site="telekom.hu" site_id="251" xmltv_id="Duna World HD">Duna World HD</channel>
    <channel update="i" site="telekom.hu" site_id="125" xmltv_id="M2 HD">M2 HD</channel>
    <channel update="i" site="telekom.hu" site_id="126" xmltv_id="M1 HD">M1 HD</channel>
    <channel update="i" site="telekom.hu" site_id="187" xmltv_id="Duna HD">Duna HD</channel>
    <channel update="i" site="telekom.hu" site_id="85" xmltv_id="Extr. Sports Channel">Extr. Sports Channel</channel>
    <channel update="i" site="telekom.hu" site_id="153" xmltv_id="Nautical">Nautical</channel>
    <channel update="i" site="telekom.hu" site_id="112" xmltv_id="EurosportNews">EurosportNews</channel>
    <channel update="i" site="telekom.hu" site_id="128" xmltv_id="ARD">ARD</channel>
    <channel update="i" site="telekom.hu" site_id="144" xmltv_id="MTV Rocks">MTV Rocks</channel>
    <channel update="i" site="telekom.hu" site_id="130" xmltv_id="MTV Dance">MTV Dance</channel>
    <channel update="i" site="telekom.hu" site_id="124" xmltv_id="Motors">Motors</channel>
    <channel update="i" site="telekom.hu" site_id="117" xmltv_id="Filmbox">Filmbox</channel>
  </channels>
</site>