<?xml version="1.0" encoding="UTF-8"?>
<site generator-info-name="WebGrab+Plus/w MDB &amp; REX Postprocess -- version  V2.0 -- Jan van Straaten" site="cosmote.gr">
  <channels>
    <channel update="i" site="cosmote.gr" site_id="4e" xmltv_id="4Ε">4Ε</channel>
    <channel update="i" site="cosmote.gr" site_id="alert" xmltv_id="ALERT">ALERT</channel>
    <channel update="i" site="cosmote.gr" site_id="alpha" xmltv_id="ALPHA">ALPHA</channel>
    <channel update="i" site="cosmote.gr" site_id="ant1" xmltv_id="ANT1">ANT1</channel>
    <channel update="i" site="cosmote.gr" site_id="action-1" xmltv_id="Action 24">Action 24</channel>
    <channel update="i" site="cosmote.gr" site_id="al-jazeera" xmltv_id="Al Jazeera">Al Jazeera</channel>
    <channel update="i" site="cosmote.gr" site_id="animal-planet-hd" xmltv_id="Animal Planet HD">Animal Planet HD</channel>
    <channel update="i" site="cosmote.gr" site_id="bbc-world-news" xmltv_id="BBC World News">BBC World News</channel>
    <channel update="i" site="cosmote.gr" site_id="baby-tv" xmltv_id="Baby TV">Baby TV</channel>
    <channel update="i" site="cosmote.gr" site_id="best-tv" xmltv_id="Best TV">Best TV</channel>
    <channel update="i" site="cosmote.gr" site_id="bloomberg" xmltv_id="Bloomberg">Bloomberg</channel>
    <channel update="i" site="cosmote.gr" site_id="blue-hustler" xmltv_id="Blue Hustler">Blue Hustler</channel>
    <channel update="i" site="cosmote.gr" site_id="blue-sky" xmltv_id="Blue Sky">Blue Sky</channel>
    <channel update="i" site="cosmote.gr" site_id="body-in-balance" xmltv_id="Body in Balance">Body in Balance</channel>
    <channel update="i" site="cosmote.gr" site_id="c-music-tv" xmltv_id="C Music TV">C Music TV</channel>
    <channel update="i" site="cosmote.gr" site_id="cnbc" xmltv_id="CNBC">CNBC</channel>
    <channel update="i" site="cosmote.gr" site_id="ote-cinema-1" xmltv_id="COSMOTE CINEMA 1HD">COSMOTE CINEMA 1HD</channel>
    <channel update="i" site="cosmote.gr" site_id="ote-cinema-2-hd" xmltv_id="COSMOTE CINEMA 2 HD">COSMOTE CINEMA 2 HD</channel>
    <channel update="i" site="cosmote.gr" site_id="ote-cinema-3" xmltv_id="COSMOTE CINEMA 3">COSMOTE CINEMA 3</channel>
    <channel update="i" site="cosmote.gr" site_id="ote-cinema-4" xmltv_id="COSMOTE CINEMA 4HD">COSMOTE CINEMA 4HD</channel>
    <channel update="i" site="cosmote.gr" site_id="ote-history" xmltv_id="COSMOTE HISTORY">COSMOTE HISTORY</channel>
    <channel update="i" site="cosmote.gr" site_id="ote-sport-1-hd" xmltv_id="COSMOTE SPORT 1HD">COSMOTE SPORT 1HD</channel>
    <channel update="i" site="cosmote.gr" site_id="ote-sport-2-hd" xmltv_id="COSMOTE SPORT 2HD">COSMOTE SPORT 2HD</channel>
    <channel update="i" site="cosmote.gr" site_id="ote-sport-3-hd" xmltv_id="COSMOTE SPORT 3HD">COSMOTE SPORT 3HD</channel>
    <channel update="i" site="cosmote.gr" site_id="ote-sport-4-hd" xmltv_id="COSMOTE SPORT 4HD">COSMOTE SPORT 4HD</channel>
    <channel update="i" site="cosmote.gr" site_id="ote-sport-5-hd" xmltv_id="COSMOTE SPORT 5HD">COSMOTE SPORT 5HD</channel>
    <channel update="i" site="cosmote.gr" site_id="ote-sport-6-hd" xmltv_id="COSMOTE SPORT 6HD">COSMOTE SPORT 6HD</channel>
    <channel update="i" site="cosmote.gr" site_id="ote-sport-7-hd" xmltv_id="COSMOTE SPORT 7HD">COSMOTE SPORT 7HD</channel>
    <channel update="i" site="cosmote.gr" site_id="ote-sport-8-hd" xmltv_id="COSMOTE SPORT 8HD">COSMOTE SPORT 8HD</channel>
    <channel update="i" site="cosmote.gr" site_id="ote-sport-highlights-hd" xmltv_id="COSMOTE SPORT HIGHLIGHTS HD">COSMOTE SPORT HIGHLIGHTS HD</channel>
    <channel update="i" site="cosmote.gr" site_id="channel-9" xmltv_id="Channel 9">Channel 9</channel>
    <channel update="i" site="cosmote.gr" site_id="corfu-channel" xmltv_id="Corfu Channel">Corfu Channel</channel>
    <channel update="i" site="cosmote.gr" site_id="deutsche-welle" xmltv_id="Deutsche Welle">Deutsche Welle</channel>
    <channel update="i" site="cosmote.gr" site_id="discovery-channel" xmltv_id="Discovery Channel">Discovery Channel</channel>
    <channel update="i" site="cosmote.gr" site_id="discovery-science-hd" xmltv_id="Discovery Science HD">Discovery Science HD</channel>
    <channel update="i" site="cosmote.gr" site_id="discovery-hd-showcase" xmltv_id="Discovery Showcase HD">Discovery Showcase HD</channel>
    <channel update="i" site="cosmote.gr" site_id="disney-channel" xmltv_id="Disney Channel">Disney Channel</channel>
    <channel update="i" site="cosmote.gr" site_id="disney-junior" xmltv_id="Disney Junior">Disney Junior</channel>
    <channel update="i" site="cosmote.gr" site_id="disney-xd" xmltv_id="Disney XD">Disney XD</channel>
    <channel update="i" site="cosmote.gr" site_id="e-hd" xmltv_id="E! HD">E! HD</channel>
    <channel update="i" site="cosmote.gr" site_id="edgesport-hd" xmltv_id="EDGEsport HD">EDGEsport HD</channel>
    <channel update="i" site="cosmote.gr" site_id="epsilon-tv" xmltv_id="Epsilon TV">Epsilon TV</channel>
    <channel update="i" site="cosmote.gr" site_id="euronews-english" xmltv_id="Euronews English">Euronews English</channel>
    <channel update="i" site="cosmote.gr" site_id="euronews" xmltv_id="Euronews Greek">Euronews Greek</channel>
    <channel update="i" site="cosmote.gr" site_id="eurosport-hd" xmltv_id="Eurosport 1 HD">Eurosport 1 HD</channel>
    <channel update="i" site="cosmote.gr" site_id="eurosport-2" xmltv_id="Eurosport 2">Eurosport 2</channel>
    <channel update="i" site="cosmote.gr" site_id="extra" xmltv_id="Extra">Extra</channel>
    <channel update="i" site="cosmote.gr" site_id="fox-hd" xmltv_id="FOX HD">FOX HD</channel>
    <channel update="i" site="cosmote.gr" site_id="foxlife-hd" xmltv_id="FOX Life HD">FOX Life HD</channel>
    <channel update="i" site="cosmote.gr" site_id="fashion-tv" xmltv_id="Fashion TV">Fashion TV</channel>
    <channel update="i" site="cosmote.gr" site_id="france-24-en" xmltv_id="France 24 En">France 24 En</channel>
    <channel update="i" site="cosmote.gr" site_id="france-24-fr" xmltv_id="France 24 Fr">France 24 Fr</channel>
    <channel update="i" site="cosmote.gr" site_id="hustler-tv-hd" xmltv_id="Hustler TV HD">Hustler TV HD</channel>
    <channel update="i" site="cosmote.gr" site_id="idx-hd" xmltv_id="IDX HD">IDX HD</channel>
    <channel update="i" site="cosmote.gr" site_id="kontra-channel" xmltv_id="Kontra Channel">Kontra Channel</channel>
    <channel update="i" site="cosmote.gr" site_id="luxe-tv-hd" xmltv_id="Luxe TV HD">Luxe TV HD</channel>
    <channel update="i" site="cosmote.gr" site_id="mad" xmltv_id="MAD">MAD</channel>
    <channel update="i" site="cosmote.gr" site_id="mad-hits" xmltv_id="MAD Hits">MAD Hits</channel>
    <channel update="i" site="cosmote.gr" site_id="mega" xmltv_id="MEGA">MEGA</channel>
    <channel update="i" site="cosmote.gr" site_id="mezzo" xmltv_id="MEZZO">MEZZO</channel>
    <channel update="i" site="cosmote.gr" site_id="mtv-europe" xmltv_id="MTV Europe">MTV Europe</channel>
    <channel update="i" site="cosmote.gr" site_id="mtv-live-hd" xmltv_id="MTV Live HD">MTV Live HD</channel>
    <channel update="i" site="cosmote.gr" site_id="motorvision-channel-hd" xmltv_id="Motorvision Channel HD">Motorvision Channel HD</channel>
    <channel update="i" site="cosmote.gr" site_id="nat-geo-wild-hd" xmltv_id="Nat Geo Wild HD">Nat Geo Wild HD</channel>
    <channel update="i" site="cosmote.gr" site_id="national-geographic" xmltv_id="National Geographic">National Geographic</channel>
    <channel update="i" site="cosmote.gr" site_id="national-geographic-hd" xmltv_id="National Geographic Channel HD">National Geographic Channel HD</channel>
    <channel update="i" site="cosmote.gr" site_id="nickelodeon-hd" xmltv_id="Nickelodeon HD">Nickelodeon HD</channel>
    <channel update="i" site="cosmote.gr" site_id="penthouse-hd1" xmltv_id="Penthouse HD1">Penthouse HD1</channel>
    <channel update="i" site="cosmote.gr" site_id="private-tv" xmltv_id="Private TV">Private TV</channel>
    <channel update="i" site="cosmote.gr" site_id="russia-today" xmltv_id="RT">RT</channel>
    <channel update="i" site="cosmote.gr" site_id="sbc" xmltv_id="SBC">SBC</channel>
    <channel update="i" site="cosmote.gr" site_id="star" xmltv_id="STAR">STAR</channel>
    <channel update="i" site="cosmote.gr" site_id="sirina-tv" xmltv_id="Sirina TV">Sirina TV</channel>
    <channel update="i" site="cosmote.gr" site_id="smile-tv" xmltv_id="Smile TV">Smile TV</channel>
    <channel update="i" site="cosmote.gr" site_id="star-kentrikes-elladas" xmltv_id="Star Κεντρικής Ελλάδας">Star Κεντρικής Ελλάδας</channel>
    <channel update="i" site="cosmote.gr" site_id="iconcerts-hd" xmltv_id="Stingray iConcerts">Stingray iConcerts</channel>
    <channel update="i" site="cosmote.gr" site_id="sundance-channel-hd" xmltv_id="SundanceTV">SundanceTV</channel>
    <channel update="i" site="cosmote.gr" site_id="tlc" xmltv_id="TLC">TLC</channel>
    <channel update="i" site="cosmote.gr" site_id="trt" xmltv_id="TRT">TRT</channel>
    <channel update="i" site="cosmote.gr" site_id="tv100" xmltv_id="TV100">TV100</channel>
    <channel update="i" site="cosmote.gr" site_id="travel-channel-hd" xmltv_id="Travel Channel HD">Travel Channel HD</channel>
    <channel update="i" site="cosmote.gr" site_id="tvkosmos" xmltv_id="Tvkosmos">Tvkosmos</channel>
    <channel update="i" site="cosmote.gr" site_id="vh1" xmltv_id="VH1">VH1</channel>
    <channel update="i" site="cosmote.gr" site_id="viasat-history" xmltv_id="Viasat History">Viasat History</channel>
    <channel update="i" site="cosmote.gr" site_id="village-cinema-hd" xmltv_id="Village Cinema HD">Village Cinema HD</channel>
    <channel update="i" site="cosmote.gr" site_id="zoom-tv" xmltv_id="Zoom TV">Zoom TV</channel>
    <channel update="i" site="cosmote.gr" site_id="epeiros-tv1" xmltv_id="Ήπειρος TV1">Ήπειρος TV1</channel>
    <channel update="i" site="cosmote.gr" site_id="art" xmltv_id="ΑΡΤ">ΑΡΤ</channel>
    <channel update="i" site="cosmote.gr" site_id="aigaio-tv" xmltv_id="Αιγαίο TV">Αιγαίο TV</channel>
    <channel update="i" site="cosmote.gr" site_id="boule" xmltv_id="ΒΟΥΛΗ">ΒΟΥΛΗ</channel>
    <channel update="i" site="cosmote.gr" site_id="diktyo-tv" xmltv_id="ΔΙΚΤΥΟ TV">ΔΙΚΤΥΟ TV</channel>
    <channel update="i" site="cosmote.gr" site_id="delta-tv" xmltv_id="Δέλτα TV">Δέλτα TV</channel>
    <channel update="i" site="cosmote.gr" site_id="ert1" xmltv_id="ΕΡΤ1">ΕΡΤ1</channel>
    <channel update="i" site="cosmote.gr" site_id="ert2" xmltv_id="ΕΡΤ2">ΕΡΤ2</channel>
    <channel update="i" site="cosmote.gr" site_id="ert3" xmltv_id="ΕΡΤ3">ΕΡΤ3</channel>
    <channel update="i" site="cosmote.gr" site_id="ionian-tv" xmltv_id="ΙΟΝΙΑΝ TV">ΙΟΝΙΑΝ TV</channel>
    <channel update="i" site="cosmote.gr" site_id="krete-tv" xmltv_id="Κρήτη TV">Κρήτη TV</channel>
    <channel update="i" site="cosmote.gr" site_id="makedonia-tv" xmltv_id="Μακεδονία TV">Μακεδονία TV</channel>
    <channel update="i" site="cosmote.gr" site_id="nea-teleorase-kretes" xmltv_id="Νέα Τηλεόραση Κρήτης">Νέα Τηλεόραση Κρήτης</channel>
    <channel update="i" site="cosmote.gr" site_id="skai" xmltv_id="ΣΚΑΪ">ΣΚΑΪ</channel>
  </channels>
</site>
