﻿<?xml version="1.0" encoding="UTF-8"?>
<site generator-info-name="WebGrab+Plus/w MDB &amp; REX Postprocess -- version V1.56.23.1 -- Jan van Straaten" site="novaguide.gr">
  <channels>
    <channel update="i" site="novaguide.gr" site_id="25" xmltv_id="Βουλή">Βουλή</channel>
    <channel update="i" site="novaguide.gr" site_id="46" xmltv_id="ΕΡΤ HD">ΕΡΤ HD</channel>
    <channel update="i" site="novaguide.gr" site_id="20" xmltv_id="ΕΡΤ1">ΕΡΤ1</channel>
    <channel update="i" site="novaguide.gr" site_id="77" xmltv_id="ΕΡΤ2">ΕΡΤ2</channel>
    <channel update="i" site="novaguide.gr" site_id="79" xmltv_id="ΕΡΤ3">ΕΡΤ3</channel>
    <channel update="i" site="novaguide.gr" site_id="9" xmltv_id="Mega">Mega</channel>
    <channel update="i" site="novaguide.gr" site_id="10" xmltv_id="Ant1">Ant1</channel>
    <channel update="i" site="novaguide.gr" site_id="18" xmltv_id="Star">Star</channel>
    <channel update="i" site="novaguide.gr" site_id="2" xmltv_id="Novalife">Novalife</channel>
    <channel update="i" site="novaguide.gr" site_id="4" xmltv_id="Alpha">Alpha</channel>
    <channel update="i" site="novaguide.gr" site_id="21" xmltv_id="Macedonia TV">Macedonia TV</channel>
    <channel update="i" site="novaguide.gr" site_id="5" xmltv_id="Skai">Skai</channel>
    <channel update="i" site="novaguide.gr" site_id="39" xmltv_id="novasports24 HD">novasports24 HD</channel>
    <channel update="i" site="novaguide.gr" site_id="70" xmltv_id="Euronews">Euronews</channel>
    <channel update="i" site="novaguide.gr" site_id="73" xmltv_id="E TV">E TV</channel>
    <channel update="i" site="novaguide.gr" site_id="32" xmltv_id="Action24">Action24</channel>
    <channel update="i" site="novaguide.gr" site_id="84" xmltv_id="Novasports extra2">Novasports extra2</channel>
    <channel update="i" site="novaguide.gr" site_id="62" xmltv_id="novacinema1 HD">novacinema1 HD</channel>
    <channel update="i" site="novaguide.gr" site_id="47" xmltv_id="novacinema2 HD">novacinema2 HD</channel>
    <channel update="i" site="novaguide.gr" site_id="8" xmltv_id="novacinema1">novacinema1</channel>
    <channel update="i" site="novaguide.gr" site_id="50" xmltv_id="novacinema2">novacinema2</channel>
    <channel update="i" site="novaguide.gr" site_id="37" xmltv_id="novacinema3">novacinema3</channel>
    <channel update="i" site="novaguide.gr" site_id="16" xmltv_id="novacinema4">novacinema4</channel>
    <channel update="i" site="novaguide.gr" site_id="30" xmltv_id="FOX Life">FOX Life</channel>
    <channel update="i" site="novaguide.gr" site_id="51" xmltv_id="FOX">FOX</channel>
    <channel update="i" site="novaguide.gr" site_id="42" xmltv_id="E">E</channel>
    <channel update="i" site="novaguide.gr" site_id="85" xmltv_id="Novasports extra1">Novasports extra1</channel>
    <channel update="i" site="novaguide.gr" site_id="61" xmltv_id="novasports1 HD">novasports1 HD</channel>
    <channel update="i" site="novaguide.gr" site_id="60" xmltv_id="novasports2 HD">novasports2 HD</channel>
    <channel update="i" site="novaguide.gr" site_id="13" xmltv_id="novasports1">novasports1</channel>
    <channel update="i" site="novaguide.gr" site_id="24" xmltv_id="novasports2">novasports2</channel>
    <channel update="i" site="novaguide.gr" site_id="44" xmltv_id="novasports3">novasports3</channel>
    <channel update="i" site="novaguide.gr" site_id="17" xmltv_id="novasports4">novasports4</channel>
    <channel update="i" site="novaguide.gr" site_id="40" xmltv_id="novasports6">novasports6</channel>
    <channel update="i" site="novaguide.gr" site_id="29" xmltv_id="novasports7">novasports7</channel>
    <channel update="i" site="novaguide.gr" site_id="67" xmltv_id="Eurosport 1">Eurosport 1</channel>
    <channel update="i" site="novaguide.gr" site_id="68" xmltv_id="Eurosport 2">Eurosport 2</channel>
    <channel update="i" site="novaguide.gr" site_id="63" xmltv_id="Eurosport HD">Eurosport HD</channel>
    <channel update="i" site="novaguide.gr" site_id="15" xmltv_id="MOTORS TV">MOTORS TV</channel>
    <channel update="i" site="novaguide.gr" site_id="81" xmltv_id="FOX Sports HD">FOX Sports HD</channel>
    <channel update="i" site="novaguide.gr" site_id="22" xmltv_id="Discovery">Discovery</channel>
    <channel update="i" site="novaguide.gr" site_id="71" xmltv_id="Animal Planet">Animal Planet</channel>
    <channel update="i" site="novaguide.gr" site_id="31" xmltv_id="National Geographic">National Geographic</channel>
    <channel update="i" site="novaguide.gr" site_id="36" xmltv_id="History">History</channel>
    <channel update="i" site="novaguide.gr" site_id="41" xmltv_id="Travel">Travel</channel>
    <channel update="i" site="novaguide.gr" site_id="53" xmltv_id="National Geo Wild">National Geo Wild</channel>
    <channel update="i" site="novaguide.gr" site_id="56" xmltv_id="National Geographic HD">National Geographic HD</channel>
    <channel update="i" site="novaguide.gr" site_id="55" xmltv_id="National Geo Wild HD">National Geo Wild HD</channel>
    <channel update="i" site="novaguide.gr" site_id="58" xmltv_id="Discovery Showcase HD">Discovery Showcase HD</channel>
    <channel update="i" site="novaguide.gr" site_id="12" xmltv_id="DisneyXD">DisneyXD</channel>
    <channel update="i" site="novaguide.gr" site_id="52" xmltv_id="Boomerang">Boomerang</channel>
    <channel update="i" site="novaguide.gr" site_id="43" xmltv_id="Disney">Disney</channel>
    <channel update="i" site="novaguide.gr" site_id="26" xmltv_id="Nickelodeon">Nickelodeon</channel>
    <channel update="i" site="novaguide.gr" site_id="19" xmltv_id="Mad TV">Mad TV</channel>
    <channel update="i" site="novaguide.gr" site_id="38" xmltv_id="MAD GREEKZ">MAD GREEKZ</channel>
    <channel update="i" site="novaguide.gr" site_id="11" xmltv_id="MTV">MTV</channel>
    <channel update="i" site="novaguide.gr" site_id="27" xmltv_id="VH1">VH1</channel>
    <channel update="i" site="novaguide.gr" site_id="74" xmltv_id="MEZZO">MEZZO</channel>
    <channel update="i" site="novaguide.gr" site_id="7" xmltv_id="CNN">CNN</channel>
    <channel update="i" site="novaguide.gr" site_id="34" xmltv_id="Kontra">Kontra</channel>
    <channel update="i" site="novaguide.gr" site_id="35" xmltv_id="Playboy">Playboy</channel>
    <channel update="i" site="novaguide.gr" site_id="78" xmltv_id="Brazzers TV Europe">Brazzers TV Europe</channel>
    <channel update="i" site="novaguide.gr" site_id="64" xmltv_id="Dorcel TV">Dorcel TV</channel>
    <channel update="i" site="novaguide.gr" site_id="69" xmltv_id="Hustler HD">Hustler HD</channel>
  </channels>
</site>