<?xml version="1.0" encoding="UTF-8"?>
<site generator-info-name="WebGrab+Plus/w MDB &amp; REX Postprocess -- version  V2.0 -- Jan van Straaten" site="stod2.is">
  <channels>
    <channel update="i" site="stod2.is" site_id="STOD2" xmltv_id="Stöð 2">Stöð 2</channel>
    <channel update="i" site="stod2.is" site_id="STOD3" xmltv_id="Stöð 3">Stöð 3</channel>
    <channel update="i" site="stod2.is" site_id="KRAKKAST" xmltv_id="Krakkastöðin">Krakkastöðin</channel>
    <channel update="i" site="stod2.is" site_id="BIO" xmltv_id="Bíóstöðin">Bíóstöðin</channel>
    <channel update="i" site="stod2.is" site_id="SYN" xmltv_id="Stöð 2 Sport">Stöð 2 Sport</channel>
    <channel update="i" site="stod2.is" site_id="SYN2" xmltv_id="Stöð 2 Sport 2">Stöð 2 Sport 2</channel>
    <channel update="i" site="stod2.is" site_id="SYNEX" xmltv_id="Stöð 2 Sport 3">Stöð 2 Sport 3</channel>
    <channel update="i" site="stod2.is" site_id="SYNEX2" xmltv_id="Stöð 2 Sport 4">Stöð 2 Sport 4</channel>
    <channel update="i" site="stod2.is" site_id="SYNEX3" xmltv_id="Stöð 2 Sport 5">Stöð 2 Sport 5</channel>
    <channel update="i" site="stod2.is" site_id="GOLF" xmltv_id="Golfstöðin">Golfstöðin</channel>
  </channels>
</site>
