<?xml version="1.0" encoding="UTF-8"?>
<site generator-info-name="WebGrab+Plus/w MDB &amp; REX Postprocess -- version V1.56.12 -- Jan van Straaten" site="areena.yle.fi">
  <channels>
    <channel update="i" site="areena" site_id="Yle TV1" xmltv_id="Yle TV1">Yle TV1</channel>
    <channel update="i" site="areena" site_id="Yle TV2" xmltv_id="Yle TV2">Yle TV2</channel>
    <channel update="i" site="areena" site_id="Yle Teema Fem" xmltv_id="Yle Teema Fem">Yle Teema Fem</channel>
    <channel update="i" site="areena" site_id="Yle Areena" xmltv_id="Yle Areena">Yle Areena</channel>
    <channel update="i" site="areena" site_id="MTV3" xmltv_id="MTV3">MTV3</channel>
    <channel update="i" site="areena" site_id="Nelonen" xmltv_id="Nelonen">Nelonen</channel>
    <channel update="i" site="areena" site_id="Sub" xmltv_id="Sub">Sub</channel>
    <channel update="i" site="areena" site_id="TV5" xmltv_id="TV5">TV5</channel>
    <channel update="i" site="areena" site_id="Liv" xmltv_id="Liv">Liv</channel>
    <channel update="i" site="areena" site_id="JIM" xmltv_id="JIM">JIM</channel>
    <channel update="i" site="areena" site_id="Kutonen" xmltv_id="Kutonen">Kutonen</channel>
    <channel update="i" site="areena" site_id="TLC" xmltv_id="TLC">TLC</channel>
    <channel update="i" site="areena" site_id="Fox" xmltv_id="Fox">Fox</channel>
    <channel update="i" site="areena" site_id="Ava" xmltv_id="Ava">Ava</channel>
    <channel update="i" site="areena" site_id="Hero" xmltv_id="Hero">Hero</channel>
    <channel update="i" site="areena" site_id="AlfaTV" xmltv_id="AlfaTV">AlfaTV</channel>
    <channel update="i" site="areena" site_id="Frii" xmltv_id="Frii">Frii</channel>
    <channel update="i" site="areena" site_id="National Geographic" xmltv_id="National Geographic">National Geographic</channel>
  </channels>
</site>
