<?xml version="1.0" encoding="UTF-8"?>
<site generator-info-name="WebGrab+Plus/w MDB &amp; REX Postprocess -- version V1.56.12 -- Jan van Straaten" site="telkussa.fi">
  <channels>
    <channel update="i" site="telkussa.fi" site_id="107" xmltv_id="Al Jazeera">Al Jazeera</channel>
    <channel update="i" site="telkussa.fi" site_id="117" xmltv_id="AlfaTV">AlfaTV</channel>
    <channel update="i" site="telkussa.fi" site_id="9" xmltv_id="Animal Planet">Animal Planet</channel>
    <channel update="i" site="telkussa.fi" site_id="7" xmltv_id="BBC Brit">BBC Brit</channel>
    <channel update="i" site="telkussa.fi" site_id="66" xmltv_id="BBC Earth">BBC Earth</channel>
    <channel update="i" site="telkussa.fi" site_id="67" xmltv_id="BBC HD">BBC HD</channel>
    <channel update="i" site="telkussa.fi" site_id="24" xmltv_id="BBC Lifestyle">BBC Lifestyle</channel>
    <channel update="i" site="telkussa.fi" site_id="23" xmltv_id="BBC World">BBC World</channel>
    <channel update="i" site="telkussa.fi" site_id="19" xmltv_id="C More Action">C More Action</channel>
    <channel update="i" site="telkussa.fi" site_id="16" xmltv_id="C More Emotion">C More Emotion</channel>
    <channel update="i" site="telkussa.fi" site_id="101" xmltv_id="C More Extreme">C More Extreme</channel>
    <channel update="i" site="telkussa.fi" site_id="20" xmltv_id="C More Film">C More Film</channel>
    <channel update="i" site="telkussa.fi" site_id="17" xmltv_id="C More First">C More First</channel>
    <channel update="i" site="telkussa.fi" site_id="45" xmltv_id="C More HD">C More HD</channel>
    <channel update="i" site="telkussa.fi" site_id="18" xmltv_id="C More Hits">C More Hits</channel>
    <channel update="i" site="telkussa.fi" site_id="100" xmltv_id="C More Kids">C More Kids</channel>
    <channel update="i" site="telkussa.fi" site_id="57" xmltv_id="C More Series">C More Series</channel>
    <channel update="i" site="telkussa.fi" site_id="21" xmltv_id="C More Tennis">C More Tennis</channel>
    <channel update="i" site="telkussa.fi" site_id="28" xmltv_id="C More Urheilu">C More Urheilu</channel>
    <channel update="i" site="telkussa.fi" site_id="68" xmltv_id="Cartoon Network">Cartoon Network</channel>
    <channel update="i" site="telkussa.fi" site_id="8" xmltv_id="CBS Reality">CBS Reality</channel>
    <channel update="i" site="telkussa.fi" site_id="51" xmltv_id="CNBC">CNBC</channel>
    <channel update="i" site="telkussa.fi" site_id="52" xmltv_id="CNN">CNN</channel>
    <channel update="i" site="telkussa.fi" site_id="79" xmltv_id="Comedy Central">Comedy Central</channel>
    <channel update="i" site="telkussa.fi" site_id="29" xmltv_id="Deutsche Welle">Deutsche Welle</channel>
    <channel update="i" site="telkussa.fi" site_id="6" xmltv_id="Discovery Channel">Discovery Channel</channel>
    <channel update="i" site="telkussa.fi" site_id="89" xmltv_id="Discovery HD Showcase">Discovery HD Showcase</channel>
    <channel update="i" site="telkussa.fi" site_id="11" xmltv_id="Discovery Science">Discovery Science</channel>
    <channel update="i" site="telkussa.fi" site_id="10" xmltv_id="Discovery World">Discovery World</channel>
    <channel update="i" site="telkussa.fi" site_id="46" xmltv_id="Disney Channel">Disney Channel</channel>
    <channel update="i" site="telkussa.fi" site_id="118" xmltv_id="Disney Junior">Disney Junior</channel>
    <channel update="i" site="telkussa.fi" site_id="78" xmltv_id="Disney XD">Disney XD</channel>
    <channel update="i" site="telkussa.fi" site_id="42" xmltv_id="E!">E!</channel>
    <channel update="i" site="telkussa.fi" site_id="80" xmltv_id="ESPN America">ESPN America</channel>
    <channel update="i" site="telkussa.fi" site_id="81" xmltv_id="ESPN Europe">ESPN Europe</channel>
    <channel update="i" site="telkussa.fi" site_id="49" xmltv_id="Eurosport">Eurosport</channel>
    <channel update="i" site="telkussa.fi" site_id="50" xmltv_id="Eurosport 2">Eurosport 2</channel>
    <channel update="i" site="telkussa.fi" site_id="53" xmltv_id="Extreme Sports">Extreme Sports</channel>
    <channel update="i" site="telkussa.fi" site_id="108" xmltv_id="Fashion TV">Fashion TV</channel>
    <channel update="i" site="telkussa.fi" site_id="77" xmltv_id="FOX">FOX</channel>
    <channel update="i" site="telkussa.fi" site_id="104" xmltv_id="Frii">Frii</channel>
    <channel update="i" site="telkussa.fi" site_id="25" xmltv_id="Hallmark Channel">Hallmark Channel</channel>
    <channel update="i" site="telkussa.fi" site_id="103" xmltv_id="Hero">Hero</channel>
    <channel update="i" site="telkussa.fi" site_id="90" xmltv_id="History">History</channel>
    <channel update="i" site="telkussa.fi" site_id="91" xmltv_id="History HD">History HD</channel>
    <channel update="i" site="telkussa.fi" site_id="55" xmltv_id="Jetix">Jetix</channel>
    <channel update="i" site="telkussa.fi" site_id="56" xmltv_id="JIM">JIM</channel>
    <channel update="i" site="telkussa.fi" site_id="64" xmltv_id="Kutonen">Kutonen</channel>
    <channel update="i" site="telkussa.fi" site_id="63" xmltv_id="Liv">Liv</channel>
    <channel update="i" site="telkussa.fi" site_id="109" xmltv_id="Motors TV">Motors TV</channel>
    <channel update="i" site="telkussa.fi" site_id="98" xmltv_id="MTV Dance">MTV Dance</channel>
    <channel update="i" site="telkussa.fi" site_id="32" xmltv_id="MTV Finland">MTV Finland</channel>
    <channel update="i" site="telkussa.fi" site_id="73" xmltv_id="MTV Rocks">MTV Rocks</channel>
    <channel update="i" site="telkussa.fi" site_id="105" xmltv_id="MTV Sport 1">MTV Sport 1</channel>
    <channel update="i" site="telkussa.fi" site_id="106" xmltv_id="MTV Sport 2">MTV Sport 2</channel>
    <channel update="i" site="telkussa.fi" site_id="3" xmltv_id="MTV3">MTV3</channel>
    <channel update="i" site="telkussa.fi" site_id="60" xmltv_id="MTV3 Ava">MTV3 Ava</channel>
    <channel update="i" site="telkussa.fi" site_id="59" xmltv_id="MTV3 Fakta">MTV3 Fakta</channel>
    <channel update="i" site="telkussa.fi" site_id="74" xmltv_id="MTV3 Juniori">MTV3 Juniori</channel>
    <channel update="i" site="telkussa.fi" site_id="92" xmltv_id="MTV3 Komedia">MTV3 Komedia</channel>
    <channel update="i" site="telkussa.fi" site_id="75" xmltv_id="MTV3 Leffa">MTV3 Leffa</channel>
    <channel update="i" site="telkussa.fi" site_id="30" xmltv_id="MTV3 MAX">MTV3 MAX</channel>
    <channel update="i" site="telkussa.fi" site_id="61" xmltv_id="MTV3 Sarja">MTV3 Sarja</channel>
    <channel update="i" site="telkussa.fi" site_id="58" xmltv_id="MTV3 Scifi">MTV3 Scifi</channel>
    <channel update="i" site="telkussa.fi" site_id="47" xmltv_id="National Geographic">National Geographic</channel>
    <channel update="i" site="telkussa.fi" site_id="95" xmltv_id="National Geographic HD">National Geographic HD</channel>
    <channel update="i" site="telkussa.fi" site_id="4" xmltv_id="Nelonen">Nelonen</channel>
    <channel update="i" site="telkussa.fi" site_id="54" xmltv_id="Nickelodeon">Nickelodeon</channel>
    <channel update="i" site="telkussa.fi" site_id="43" xmltv_id="Nordic TCM">Nordic TCM</channel>
    <channel update="i" site="telkussa.fi" site_id="69" xmltv_id="Playhouse Disney">Playhouse Disney</channel>
    <channel update="i" site="telkussa.fi" site_id="99" xmltv_id="RTL">RTL</channel>
    <channel update="i" site="telkussa.fi" site_id="94" xmltv_id="Ruutu+ Dokkarit">Ruutu+ Dokkarit</channel>
    <channel update="i" site="telkussa.fi" site_id="93" xmltv_id="Ruutu+ Lapset">Ruutu+ Lapset</channel>
    <channel update="i" site="telkussa.fi" site_id="70" xmltv_id="Ruutu+ Leffat &amp; Sarjat">Ruutu+ Leffat &amp; Sarjat</channel>
    <channel update="i" site="telkussa.fi" site_id="31" xmltv_id="Ruutu+ Urheilu 1">Ruutu+ Urheilu 1</channel>
    <channel update="i" site="telkussa.fi" site_id="71" xmltv_id="Ruutu+ Urheilu 2">Ruutu+ Urheilu 2</channel>
    <channel update="i" site="telkussa.fi" site_id="116" xmltv_id="SF Kanalen">SF Kanalen</channel>
    <channel update="i" site="telkussa.fi" site_id="39" xmltv_id="Showtime">Showtime</channel>
    <channel update="i" site="telkussa.fi" site_id="62" xmltv_id="Silver">Silver</channel>
    <channel update="i" site="telkussa.fi" site_id="27" xmltv_id="Sjuan">Sjuan</channel>
    <channel update="i" site="telkussa.fi" site_id="38" xmltv_id="Star">Star</channel>
    <channel update="i" site="telkussa.fi" site_id="5" xmltv_id="SubTV">SubTV</channel>
    <channel update="i" site="telkussa.fi" site_id="44" xmltv_id="SVT World">SVT World</channel>
    <channel update="i" site="telkussa.fi" site_id="12" xmltv_id="TLC">TLC</channel>
    <channel update="i" site="telkussa.fi" site_id="96" xmltv_id="TNT">TNT</channel>
    <channel update="i" site="telkussa.fi" site_id="48" xmltv_id="Toon Disney">Toon Disney</channel>
    <channel update="i" site="telkussa.fi" site_id="41" xmltv_id="Travel">Travel</channel>
    <channel update="i" site="telkussa.fi" site_id="22" xmltv_id="TV Finland">TV Finland</channel>
    <channel update="i" site="telkussa.fi" site_id="88" xmltv_id="TV Viisi">TV Viisi</channel>
    <channel update="i" site="telkussa.fi" site_id="26" xmltv_id="TV4">TV4</channel>
    <channel update="i" site="telkussa.fi" site_id="65" xmltv_id="TV7">TV7</channel>
    <channel update="i" site="telkussa.fi" site_id="76" xmltv_id="Urho TV">Urho TV</channel>
    <channel update="i" site="telkussa.fi" site_id="40" xmltv_id="VH1">VH1</channel>
    <channel update="i" site="telkussa.fi" site_id="97" xmltv_id="VH1 Classics">VH1 Classics</channel>
    <channel update="i" site="telkussa.fi" site_id="110" xmltv_id="Viasat Comedy">Viasat Comedy</channel>
    <channel update="i" site="telkussa.fi" site_id="82" xmltv_id="Viasat Explorer">Viasat Explorer</channel>
    <channel update="i" site="telkussa.fi" site_id="35" xmltv_id="Viasat Film Action">Viasat Film Action</channel>
    <channel update="i" site="telkussa.fi" site_id="37" xmltv_id="Viasat Film Classic">Viasat Film Classic</channel>
    <channel update="i" site="telkussa.fi" site_id="36" xmltv_id="Viasat Film Family">Viasat Film Family</channel>
    <channel update="i" site="telkussa.fi" site_id="72" xmltv_id="Viasat Film HD">Viasat Film HD</channel>
    <channel update="i" site="telkussa.fi" site_id="114" xmltv_id="Viasat Film Hits">Viasat Film Hits</channel>
    <channel update="i" site="telkussa.fi" site_id="34" xmltv_id="Viasat Film Nordic">Viasat Film Nordic</channel>
    <channel update="i" site="telkussa.fi" site_id="33" xmltv_id="Viasat Film Premiere">Viasat Film Premiere</channel>
    <channel update="i" site="telkussa.fi" site_id="113" xmltv_id="Viasat Fotboll HD">Viasat Fotboll HD</channel>
    <channel update="i" site="telkussa.fi" site_id="83" xmltv_id="Viasat Golf">Viasat Golf</channel>
    <channel update="i" site="telkussa.fi" site_id="84" xmltv_id="Viasat History">Viasat History</channel>
    <channel update="i" site="telkussa.fi" site_id="102" xmltv_id="Viasat Hockey">Viasat Hockey</channel>
    <channel update="i" site="telkussa.fi" site_id="112" xmltv_id="Viasat Jalkapallo HD">Viasat Jalkapallo HD</channel>
    <channel update="i" site="telkussa.fi" site_id="111" xmltv_id="Viasat Jääkiekko HD">Viasat Jääkiekko HD</channel>
    <channel update="i" site="telkussa.fi" site_id="85" xmltv_id="Viasat Nature/Crime">Viasat Nature/Crime</channel>
    <channel update="i" site="telkussa.fi" site_id="86" xmltv_id="Viasat Sport">Viasat Sport</channel>
    <channel update="i" site="telkussa.fi" site_id="115" xmltv_id="Viasat Sport Premium">Viasat Sport Premium</channel>
    <channel update="i" site="telkussa.fi" site_id="87" xmltv_id="Viasat Urheilu HD">Viasat Urheilu HD</channel>
    <channel update="i" site="telkussa.fi" site_id="14" xmltv_id="YLE Teema">YLE Teema</channel>
    <channel update="i" site="telkussa.fi" site_id="13" xmltv_id="Yle Teema &amp; Fem">Yle Teema &amp; Fem</channel>
    <channel update="i" site="telkussa.fi" site_id="1" xmltv_id="Yle TV1">Yle TV1</channel>
    <channel update="i" site="telkussa.fi" site_id="2" xmltv_id="Yle TV2">Yle TV2</channel>
    <channel update="i" site="telkussa.fi" site_id="15" xmltv_id="YLE24">YLE24</channel>
  </channels>
</site>
