﻿<?xml version="1.0" encoding="UTF-8"?>
<site generator-info-name="WebGrab+Plus/w MDB &amp; REX Postprocess -- version  V1.57 -- Jan van Straaten" site="maxtv.tportal.hr">
  <channels>
    <channel update="i" site="maxtv.tportal.hr" site_id="2416" xmltv_id="HRT1">HRT1</channel>
    <channel update="i" site="maxtv.tportal.hr" site_id="2695" xmltv_id="HRT2">HRT2</channel>
    <channel update="i" site="maxtv.tportal.hr" site_id="2418" xmltv_id="RTL">RTL</channel>
    <channel update="i" site="maxtv.tportal.hr" site_id="2697" xmltv_id="NOVATV">NOVATV</channel>
    <channel update="i" site="maxtv.tportal.hr" site_id="2926" xmltv_id="RTL2">RTL2</channel>
    <channel update="i" site="maxtv.tportal.hr" site_id="2699" xmltv_id="DomaTV">DomaTV</channel>
    <channel update="i" site="maxtv.tportal.hr" site_id="2928" xmltv_id="HRT3">HRT3</channel>
    <channel update="i" site="maxtv.tportal.hr" site_id="2701" xmltv_id="HRT4">HRT4</channel>
    <channel update="i" site="maxtv.tportal.hr" site_id="2930" xmltv_id="RTLliving">RTLliving</channel>
    <channel update="i" site="maxtv.tportal.hr" site_id="2931" xmltv_id="Pickbox">Pickbox</channel>
    <channel update="i" site="maxtv.tportal.hr" site_id="2932" xmltv_id="SPTV">SPTV</channel>
    <channel update="i" site="maxtv.tportal.hr" site_id="2933" xmltv_id="RTLcrime">RTLcrime</channel>
    <channel update="i" site="maxtv.tportal.hr" site_id="2934" xmltv_id="RTLkockic*">RTLkockic*</channel>
    <channel update="i" site="maxtv.tportal.hr" site_id="2431" xmltv_id="NatGeo">NatGeo</channel>
    <channel update="i" site="maxtv.tportal.hr" site_id="2970" xmltv_id="NGWild">NGWild</channel>
    <channel update="i" site="maxtv.tportal.hr" site_id="2434" xmltv_id="History">History</channel>
    <channel update="i" site="maxtv.tportal.hr" site_id="2972" xmltv_id="Crime&amp;Inv">Crime&amp;Inv</channel>
    <channel update="i" site="maxtv.tportal.hr" site_id="2436" xmltv_id="DiscEu">DiscEu</channel>
    <channel update="i" site="maxtv.tportal.hr" site_id="2974" xmltv_id="DiscAnimal">DiscAnimal</channel>
    <channel update="i" site="maxtv.tportal.hr" site_id="2743" xmltv_id="DiscTLC">DiscTLC</channel>
    <channel update="i" site="maxtv.tportal.hr" site_id="2976" xmltv_id="DiscSci">DiscSci</channel>
    <channel update="i" site="maxtv.tportal.hr" site_id="2439" xmltv_id="DiscWld">DiscWld</channel>
    <channel update="i" site="maxtv.tportal.hr" site_id="2978" xmltv_id="IDinvestigat">IDinvestigat</channel>
    <channel update="i" site="maxtv.tportal.hr" site_id="2747" xmltv_id="CBSReality">CBSReality</channel>
    <channel update="i" site="maxtv.tportal.hr" site_id="2980" xmltv_id="ViaHistory">ViaHistory</channel>
    <channel update="i" site="maxtv.tportal.hr" site_id="2749" xmltv_id="ViaExplore">ViaExplore</channel>
    <channel update="i" site="maxtv.tportal.hr" site_id="2982" xmltv_id="ViaNature">ViaNature</channel>
    <channel update="i" site="maxtv.tportal.hr" site_id="2446" xmltv_id="OK">OK</channel>
    <channel update="i" site="maxtv.tportal.hr" site_id="2985" xmltv_id="BabyTV">BabyTV</channel>
    <channel update="i" site="maxtv.tportal.hr" site_id="2447" xmltv_id="Disney">Disney</channel>
    <channel update="i" site="maxtv.tportal.hr" site_id="2987" xmltv_id="DisneyXD">DisneyXD</channel>
    <channel update="i" site="maxtv.tportal.hr" site_id="2449" xmltv_id="Boomerang">Boomerang</channel>
    <channel update="i" site="maxtv.tportal.hr" site_id="2989" xmltv_id="DisneyJr.">DisneyJr.</channel>
    <channel update="i" site="maxtv.tportal.hr" site_id="2452" xmltv_id="Cartoon Network">Cartoon Network</channel>
    <channel update="i" site="maxtv.tportal.hr" site_id="2991" xmltv_id="Nick*">Nick*</channel>
    <channel update="i" site="maxtv.tportal.hr" site_id="2629" xmltv_id="MiniTV">MiniTV</channel>
    <channel update="i" site="maxtv.tportal.hr" site_id="2762" xmltv_id="OKBambino*">OKBambino*</channel>
    <channel update="i" site="maxtv.tportal.hr" site_id="2645" xmltv_id="NickENG">NickENG</channel>
    <channel update="i" site="maxtv.tportal.hr" site_id="2997" xmltv_id="NickJr">NickJr</channel>
    <channel update="i" site="maxtv.tportal.hr" site_id="2765" xmltv_id="CineStarTV">CineStarTV</channel>
    <channel update="i" site="maxtv.tportal.hr" site_id="2999" xmltv_id="FOXLife">FOXLife</channel>
    <channel update="i" site="maxtv.tportal.hr" site_id="2767" xmltv_id="FOXCrime">FOXCrime</channel>
    <channel update="i" site="maxtv.tportal.hr" site_id="3001" xmltv_id="FOXMovies">FOXMovies</channel>
    <channel update="i" site="maxtv.tportal.hr" site_id="2657" xmltv_id="FOX">FOX</channel>
    <channel update="i" site="maxtv.tportal.hr" site_id="3007" xmltv_id="CCExtra">CCExtra</channel>
    <channel update="i" site="maxtv.tportal.hr" site_id="2460" xmltv_id="AXN">AXN</channel>
    <channel update="i" site="maxtv.tportal.hr" site_id="3009" xmltv_id="TV1000">TV1000</channel>
    <channel update="i" site="maxtv.tportal.hr" site_id="2464" xmltv_id="SciFi">SciFi</channel>
    <channel update="i" site="maxtv.tportal.hr" site_id="3011" xmltv_id="KlasikTV">KlasikTV</channel>
    <channel update="i" site="maxtv.tportal.hr" site_id="2465" xmltv_id="Diva">Diva</channel>
    <channel update="i" site="maxtv.tportal.hr" site_id="3013" xmltv_id="CinestarAc">CinestarAc</channel>
    <channel update="i" site="maxtv.tportal.hr" site_id="3014" xmltv_id="RTLpassion">RTLpassion</channel>
    <channel update="i" site="maxtv.tportal.hr" site_id="3003" xmltv_id="HBO">HBO</channel>
    <channel update="i" site="maxtv.tportal.hr" site_id="2457" xmltv_id="HBO2">HBO2</channel>
    <channel update="i" site="maxtv.tportal.hr" site_id="3005" xmltv_id="Cinemax">Cinemax</channel>
    <channel update="i" site="maxtv.tportal.hr" site_id="2459" xmltv_id="Cinemax2">Cinemax2</channel>
    <channel update="i" site="maxtv.tportal.hr" site_id="3027" xmltv_id="SKChannel">SKChannel</channel>
    <channel update="i" site="maxtv.tportal.hr" site_id="2798" xmltv_id="Arena1">Arena1</channel>
    <channel update="i" site="maxtv.tportal.hr" site_id="3029" xmltv_id="Arena2">Arena2</channel>
    <channel update="i" site="maxtv.tportal.hr" site_id="3030" xmltv_id="FightCh">FightCh</channel>
    <channel update="i" site="maxtv.tportal.hr" site_id="2908" xmltv_id="HNTV">HNTV</channel>
    <channel update="i" site="maxtv.tportal.hr" site_id="3032" xmltv_id="FightChWld">FightChWld</channel>
    <channel update="i" site="maxtv.tportal.hr" site_id="3033" xmltv_id="Arena3">Arena3</channel>
    <channel update="i" site="maxtv.tportal.hr" site_id="3034" xmltv_id="Arena4">Arena4</channel>
    <channel update="i" site="maxtv.tportal.hr" site_id="2901" xmltv_id="Arena5">Arena5</channel>
    <channel update="i" site="maxtv.tportal.hr" site_id="3036" xmltv_id="Arena6">Arena6</channel>
    <channel update="i" site="maxtv.tportal.hr" site_id="3037" xmltv_id="SportKlub1">SportKlub1</channel>
    <channel update="i" site="maxtv.tportal.hr" site_id="2468" xmltv_id="SportKlub2">SportKlub2</channel>
    <channel update="i" site="maxtv.tportal.hr" site_id="3039" xmltv_id="SportKlub3">SportKlub3</channel>
    <channel update="i" site="maxtv.tportal.hr" site_id="3040" xmltv_id="SportKlub4">SportKlub4</channel>
    <channel update="i" site="maxtv.tportal.hr" site_id="2918" xmltv_id="SportKlub5">SportKlub5</channel>
    <channel update="i" site="maxtv.tportal.hr" site_id="3042" xmltv_id="SportKlub6">SportKlub6</channel>
    <channel update="i" site="maxtv.tportal.hr" site_id="2477" xmltv_id="Lov i Ribolov">Lov i Ribolov</channel>
    <channel update="i" site="maxtv.tportal.hr" site_id="2806" xmltv_id="SKGolf">SKGolf</channel>
    <channel update="i" site="maxtv.tportal.hr" site_id="2482" xmltv_id="Extreme">Extreme</channel>
    <channel update="i" site="maxtv.tportal.hr" site_id="3046" xmltv_id="Nautical">Nautical</channel>
    <channel update="i" site="maxtv.tportal.hr" site_id="2812" xmltv_id="KreatorTV">KreatorTV</channel>
    <channel update="i" site="maxtv.tportal.hr" site_id="2433" xmltv_id="24Kitchen">24Kitchen</channel>
    <channel update="i" site="maxtv.tportal.hr" site_id="2814" xmltv_id="E!">E!</channel>
    <channel update="i" site="maxtv.tportal.hr" site_id="3050" xmltv_id="LaudatoTV">LaudatoTV</channel>
    <channel update="i" site="maxtv.tportal.hr" site_id="3051" xmltv_id="Poljopriv">Poljopriv</channel>
    <channel update="i" site="maxtv.tportal.hr" site_id="2488" xmltv_id="VOX">VOX</channel>
    <channel update="i" site="maxtv.tportal.hr" site_id="2826" xmltv_id="Fashion">Fashion</channel>
    <channel update="i" site="maxtv.tportal.hr" site_id="2841" xmltv_id="ZdravaTV">ZdravaTV</channel>
    <channel update="i" site="maxtv.tportal.hr" site_id="3063" xmltv_id="CMC">CMC</channel>
    <channel update="i" site="maxtv.tportal.hr" site_id="2496" xmltv_id="MTV">MTV</channel>
    <channel update="i" site="maxtv.tportal.hr" site_id="3065" xmltv_id="MTVdance">MTVdance</channel>
    <channel update="i" site="maxtv.tportal.hr" site_id="2498" xmltv_id="MTVhits">MTVhits</channel>
    <channel update="i" site="maxtv.tportal.hr" site_id="2500" xmltv_id="VH1Europe">VH1Europe</channel>
    <channel update="i" site="maxtv.tportal.hr" site_id="2832" xmltv_id="VH1class">VH1class</channel>
    <channel update="i" site="maxtv.tportal.hr" site_id="2617" xmltv_id="MTVM24">MTVM24</channel>
    <channel update="i" site="maxtv.tportal.hr" site_id="3071" xmltv_id="DMSAT">DMSAT</channel>
    <channel update="i" site="maxtv.tportal.hr" site_id="2644" xmltv_id="Jugoton*">Jugoton*</channel>
    <channel update="i" site="maxtv.tportal.hr" site_id="3073" xmltv_id="NarodnaTV">NarodnaTV</channel>
    <channel update="i" site="maxtv.tportal.hr" site_id="2507" xmltv_id="HitTV">HitTV</channel>
    <channel update="i" site="maxtv.tportal.hr" site_id="3075" xmltv_id="Balkanika">Balkanika</channel>
    <channel update="i" site="maxtv.tportal.hr" site_id="3132" xmltv_id="PozitivTV">PozitivTV</channel>
    <channel update="i" site="maxtv.tportal.hr" site_id="2842" xmltv_id="SkyNews">SkyNews</channel>
    <channel update="i" site="maxtv.tportal.hr" site_id="2642" xmltv_id="AlJazeera">AlJazeera</channel>
    <channel update="i" site="maxtv.tportal.hr" site_id="2844" xmltv_id="EuroNews">EuroNews</channel>
    <channel update="i" site="maxtv.tportal.hr" site_id="2513" xmltv_id="CNBC">CNBC</channel>
    <channel update="i" site="maxtv.tportal.hr" site_id="2846" xmltv_id="Bloomberg">Bloomberg</channel>
    <channel update="i" site="maxtv.tportal.hr" site_id="2515" xmltv_id="CNN">CNN</channel>
    <channel update="i" site="maxtv.tportal.hr" site_id="2848" xmltv_id="France24FR">France24FR</channel>
    <channel update="i" site="maxtv.tportal.hr" site_id="2518" xmltv_id="France24EN">France24EN</channel>
    <channel update="i" site="maxtv.tportal.hr" site_id="2520" xmltv_id="RusToday">RusToday</channel>
    <channel update="i" site="maxtv.tportal.hr" site_id="3087" xmltv_id="DWTV">DWTV</channel>
    <channel update="i" site="maxtv.tportal.hr" site_id="2522" xmltv_id="TVSabor">TVSabor</channel>
    <channel update="i" site="maxtv.tportal.hr" site_id="3089" xmltv_id="Jabuka">Jabuka</channel>
    <channel update="i" site="maxtv.tportal.hr" site_id="2524" xmltv_id="Z1">Z1</channel>
    <channel update="i" site="maxtv.tportal.hr" site_id="3091" xmltv_id="MrežaZG">MrežaZG</channel>
    <channel update="i" site="maxtv.tportal.hr" site_id="2526" xmltv_id="KanalRi">KanalRi</channel>
    <channel update="i" site="maxtv.tportal.hr" site_id="3093" xmltv_id="RiTV">RiTV</channel>
    <channel update="i" site="maxtv.tportal.hr" site_id="2527" xmltv_id="VKTV">VKTV</channel>
    <channel update="i" site="maxtv.tportal.hr" site_id="3095" xmltv_id="VTV">VTV</channel>
    <channel update="i" site="maxtv.tportal.hr" site_id="2529" xmltv_id="TVNOVA">TVNOVA</channel>
    <channel update="i" site="maxtv.tportal.hr" site_id="3097" xmltv_id="MrežaST">MrežaST</channel>
    <channel update="i" site="maxtv.tportal.hr" site_id="2562" xmltv_id="K5SPLIT">K5SPLIT</channel>
    <channel update="i" site="maxtv.tportal.hr" site_id="3099" xmltv_id="TV4R">TV4R</channel>
    <channel update="i" site="maxtv.tportal.hr" site_id="2532" xmltv_id="SBTV">SBTV</channel>
    <channel update="i" site="maxtv.tportal.hr" site_id="3101" xmltv_id="TVIstra">TVIstra</channel>
    <channel update="i" site="maxtv.tportal.hr" site_id="2534" xmltv_id="DUTV">DUTV</channel>
    <channel update="i" site="maxtv.tportal.hr" site_id="2536" xmltv_id="OSTV">OSTV</channel>
    <channel update="i" site="maxtv.tportal.hr" site_id="2539" xmltv_id="TVJadran">TVJadran</channel>
    <channel update="i" site="maxtv.tportal.hr" site_id="3105" xmltv_id="STV">STV</channel>
    <channel update="i" site="maxtv.tportal.hr" site_id="2542" xmltv_id="Srce TV">Srce TV</channel>
    <channel update="i" site="maxtv.tportal.hr" site_id="3107" xmltv_id="TVSibenik">TVSibenik</channel>
    <channel update="i" site="maxtv.tportal.hr" site_id="2649" xmltv_id="Mediaset*">Mediaset*</channel>
    <channel update="i" site="maxtv.tportal.hr" site_id="3057" xmltv_id="RAI3">RAI3</channel>
    <channel update="i" site="maxtv.tportal.hr" site_id="2824" xmltv_id="RAI2">RAI2</channel>
    <channel update="i" site="maxtv.tportal.hr" site_id="3061" xmltv_id="RAIEdu">RAIEdu</channel>
    <channel update="i" site="maxtv.tportal.hr" site_id="2875" xmltv_id="OBN">OBN</channel>
    <channel update="i" site="maxtv.tportal.hr" site_id="2546" xmltv_id="FTV">FTV</channel>
    <channel update="i" site="maxtv.tportal.hr" site_id="2877" xmltv_id="HayatTV">HayatTV</channel>
    <channel update="i" site="maxtv.tportal.hr" site_id="2548" xmltv_id="B92info">B92info</channel>
    <channel update="i" site="maxtv.tportal.hr" site_id="2881" xmltv_id="RAI1">RAI1</channel>
    <channel update="i" site="maxtv.tportal.hr" site_id="2552" xmltv_id="TV5Monde">TV5Monde</channel>
    <channel update="i" site="maxtv.tportal.hr" site_id="2883" xmltv_id="TVE">TVE</channel>
    <channel update="i" site="maxtv.tportal.hr" site_id="2904" xmltv_id="HappyTV">HappyTV</channel>
    <channel update="i" site="maxtv.tportal.hr" site_id="2556" xmltv_id="BlueHustle">BlueHustle</channel>
    <channel update="i" site="maxtv.tportal.hr" site_id="3127" xmltv_id="Dorcel">Dorcel</channel>
    <channel update="i" site="maxtv.tportal.hr" site_id="2558" xmltv_id="AdultTV">AdultTV</channel>
    <channel update="i" site="maxtv.tportal.hr" site_id="3129" xmltv_id="Brazzers">Brazzers</channel>
    <channel update="i" site="maxtv.tportal.hr" site_id="2560" xmltv_id="HustlerTV">HustlerTV</channel>
    <channel update="i" site="maxtv.tportal.hr" site_id="3131" xmltv_id="Private TV">Private TV</channel>
    <channel update="i" site="maxtv.tportal.hr" site_id="2945" xmltv_id="NGCHD">NGCHD</channel>
    <channel update="i" site="maxtv.tportal.hr" site_id="2717" xmltv_id="NGWildHD">NGWildHD</channel>
    <channel update="i" site="maxtv.tportal.hr" site_id="2947" xmltv_id="HistoryHD">HistoryHD</channel>
    <channel update="i" site="maxtv.tportal.hr" site_id="2427" xmltv_id="DiscHD">DiscHD</channel>
    <channel update="i" site="maxtv.tportal.hr" site_id="2949" xmltv_id="AnimalHD">AnimalHD</channel>
    <channel update="i" site="maxtv.tportal.hr" site_id="2631" xmltv_id="NovaHD">NovaHD</channel>
    <channel update="i" site="maxtv.tportal.hr" site_id="2951" xmltv_id="LuxeTVHD">LuxeTVHD</channel>
    <channel update="i" site="maxtv.tportal.hr" site_id="2430" xmltv_id="NickHD">NickHD</channel>
    <channel update="i" site="maxtv.tportal.hr" site_id="2730" xmltv_id="myZen.tv">myZen.tv</channel>
    <channel update="i" site="maxtv.tportal.hr" site_id="2954" xmltv_id="Arena1HD*">Arena1HD*</channel>
    <channel update="i" site="maxtv.tportal.hr" site_id="2625" xmltv_id="Arena2HD*">Arena2HD*</channel>
    <channel update="i" site="maxtv.tportal.hr" site_id="2956" xmltv_id="Arena3HD*">Arena3HD*</channel>
    <channel update="i" site="maxtv.tportal.hr" site_id="2627" xmltv_id="Arena4HD*">Arena4HD*</channel>
    <channel update="i" site="maxtv.tportal.hr" site_id="2958" xmltv_id="Arena5HD*">Arena5HD*</channel>
    <channel update="i" site="maxtv.tportal.hr" site_id="2959" xmltv_id="Arena6HD">Arena6HD</channel>
    <channel update="i" site="maxtv.tportal.hr" site_id="2960" xmltv_id="HBOHD">HBOHD</channel>
    <channel update="i" site="maxtv.tportal.hr" site_id="2683" xmltv_id="HBO2HD">HBO2HD</channel>
    <channel update="i" site="maxtv.tportal.hr" site_id="2962" xmltv_id="CinemaxHD">CinemaxHD</channel>
    <channel update="i" site="maxtv.tportal.hr" site_id="2685" xmltv_id="Cinemax2HD">Cinemax2HD</channel>
    <channel update="i" site="maxtv.tportal.hr" site_id="2964" xmltv_id="FightWldHD">FightWldHD</channel>
    <channel update="i" site="maxtv.tportal.hr" site_id="2965" xmltv_id="KreatorHD">KreatorHD</channel>
    <channel update="i" site="maxtv.tportal.hr" site_id="2475" xmltv_id="SK1HD">SK1HD</channel>
    <channel update="i" site="maxtv.tportal.hr" site_id="2967" xmltv_id="SK2HD">SK2HD</channel>
    <channel update="i" site="maxtv.tportal.hr" site_id="2968" xmltv_id="SK3HD">SK3HD</channel>
    <channel update="i" site="maxtv.tportal.hr" site_id="2709" xmltv_id="Arena3PPV">Arena3PPV</channel>
    <channel update="i" site="maxtv.tportal.hr" site_id="2937" xmltv_id="Arena4PPV">Arena4PPV</channel>
    <channel update="i" site="maxtv.tportal.hr" site_id="2713" xmltv_id="Arena5PPV">Arena5PPV</channel>
    <channel update="i" site="maxtv.tportal.hr" site_id="2939" xmltv_id="Arena6PPV">Arena6PPV</channel>
    <channel update="i" site="maxtv.tportal.hr" site_id="2923" xmltv_id="FightChPPV">FightChPPV</channel>
    <channel update="i" site="maxtv.tportal.hr" site_id="2711" xmltv_id="SK1PPV">SK1PPV</channel>
    <channel update="i" site="maxtv.tportal.hr" site_id="2942" xmltv_id="SK2PPV">SK2PPV</channel>
    <channel update="i" site="maxtv.tportal.hr" site_id="2714" xmltv_id="SK3PPV">SK3PPV</channel>
    <channel update="i" site="maxtv.tportal.hr" site_id="2944" xmltv_id="SK4PPV">SK4PPV</channel>
    <channel update="i" site="maxtv.tportal.hr" site_id="2992" xmltv_id="KiKa">KiKa</channel>
    <channel update="i" site="maxtv.tportal.hr" site_id="2489" xmltv_id="RTLde">RTLde</channel>
    <channel update="i" site="maxtv.tportal.hr" site_id="2818" xmltv_id="Pro7">Pro7</channel>
    <channel update="i" site="maxtv.tportal.hr" site_id="2563" xmltv_id="SAT1">SAT1</channel>
    <channel update="i" site="maxtv.tportal.hr" site_id="2822" xmltv_id="SuperRTL">SuperRTL</channel>
    <channel update="i" site="maxtv.tportal.hr" site_id="2634" xmltv_id="RTL2de">RTL2de</channel>
    <channel update="i" site="maxtv.tportal.hr" site_id="2884" xmltv_id="3SAT">3SAT</channel>
    <channel update="i" site="maxtv.tportal.hr" site_id="2635" xmltv_id="ARD">ARD</channel>
    <channel update="i" site="maxtv.tportal.hr" site_id="2886" xmltv_id="ZDF">ZDF</channel>
    <channel update="i" site="maxtv.tportal.hr" site_id="2544" xmltv_id="RTS">RTS</channel>
    <channel update="i" site="maxtv.tportal.hr" site_id="2879" xmltv_id="RTCG">RTCG</channel>
    <channel update="i" site="maxtv.tportal.hr" site_id="2550" xmltv_id="SLO1">SLO1</channel>
    <channel update="i" site="maxtv.tportal.hr" site_id="2887" xmltv_id="SLO2">SLO2</channel>
    <channel update="i" site="maxtv.tportal.hr" site_id="2638" xmltv_id="RTS1">RTS1</channel>
    <channel update="i" site="maxtv.tportal.hr" site_id="2889" xmltv_id="RTS2">RTS2</channel>
    <channel update="i" site="maxtv.tportal.hr" site_id="2641" xmltv_id="BHT1">BHT1</channel>
    <channel update="i" site="maxtv.tportal.hr" site_id="3015" xmltv_id="PINK">PINK</channel>
    <channel update="i" site="maxtv.tportal.hr" site_id="2783" xmltv_id="PINKM">PINKM</channel>
    <channel update="i" site="maxtv.tportal.hr" site_id="3017" xmltv_id="PINKBH">PINKBH</channel>
    <channel update="i" site="maxtv.tportal.hr" site_id="2785" xmltv_id="PINKPLUS">PINKPLUS</channel>
    <channel update="i" site="maxtv.tportal.hr" site_id="3019" xmltv_id="PINKEXTRA">PINKEXTRA</channel>
    <channel update="i" site="maxtv.tportal.hr" site_id="2787" xmltv_id="PINKMUSIC">PINKMUSIC</channel>
    <channel update="i" site="maxtv.tportal.hr" site_id="3021" xmltv_id="PINKFOLK1">PINKFOLK1</channel>
    <channel update="i" site="maxtv.tportal.hr" site_id="2789" xmltv_id="PINKFILM">PINKFILM</channel>
    <channel update="i" site="maxtv.tportal.hr" site_id="3023" xmltv_id="PINKMUSIC2">PINKMUSIC2</channel>
    <channel update="i" site="maxtv.tportal.hr" site_id="2791" xmltv_id="PINKKONCERT">PINKKONCERT</channel>
    <channel update="i" site="maxtv.tportal.hr" site_id="3025" xmltv_id="PinkFash">PinkFash</channel>
    <channel update="i" site="maxtv.tportal.hr" site_id="2793" xmltv_id="PinkWorld">PinkWorld</channel>
    <channel update="i" site="maxtv.tportal.hr" site_id="2995" xmltv_id="NickJrCro">NickJrCro</channel>
  </channels>
</site>