<?xml version="1.0" encoding="UTF-8"?>
<site generator-info-name="WebGrab+Plus/w MDB &amp; REX Postprocess -- version  V2.0 -- Jan van Straaten" site="mojtv.hr">
  <channels>
    <channel update="i" site="mojtv.hr" site_id="525/mrt1" xmltv_id="MRT1">MRT1</channel>
    <channel update="i" site="mojtv.hr" site_id="526/mrt2" xmltv_id="MRT2">MRT2</channel>
    <channel update="i" site="mojtv.hr" site_id="527/sobraniski-kanal" xmltv_id="Sobraniski Kanal">Sobraniski Kanal</channel>
    <channel update="i" site="mojtv.hr" site_id="1/htv1" xmltv_id="HTV1">HTV1</channel>
    <channel update="i" site="mojtv.hr" site_id="2/htv2" xmltv_id="HTV2">HTV2</channel>
    <channel update="i" site="mojtv.hr" site_id="310/htv3" xmltv_id="HTV3">HTV3</channel>
    <channel update="i" site="mojtv.hr" site_id="3/nova-tv" xmltv_id="NOVA TV">NOVA TV</channel>
    <channel update="i" site="mojtv.hr" site_id="4/rtl" xmltv_id="RTL">RTL</channel>
    <channel update="i" site="mojtv.hr" site_id="185/doma-tv" xmltv_id="Doma TV">Doma TV</channel>
    <channel update="i" site="mojtv.hr" site_id="186/rtl2" xmltv_id="RTL2">RTL2</channel>
    <channel update="i" site="mojtv.hr" site_id="341/htv-4" xmltv_id="HTV 4">HTV 4</channel>
    <channel update="i" site="mojtv.hr" site_id="7/mrezazg" xmltv_id="MrežaZG">MrežaZG</channel>
    <channel update="i" site="mojtv.hr" site_id="6/jabuka-tv" xmltv_id="Jabuka TV">Jabuka TV</channel>
    <channel update="i" site="mojtv.hr" site_id="370/rtl-kockica" xmltv_id="RTL Kockica">RTL Kockica</channel>
    <channel update="i" site="mojtv.hr" site_id="5/z1" xmltv_id="Z1">Z1</channel>
    <channel update="i" site="mojtv.hr" site_id="8/kanalri" xmltv_id="Kanal-Ri">Kanal-Ri</channel>
    <channel update="i" site="mojtv.hr" site_id="9/tv-nova" xmltv_id="TV NOVA">TV NOVA</channel>
    <channel update="i" site="mojtv.hr" site_id="245/slavonskobrodska-televizija" xmltv_id="Slavonskobrodska televizija">Slavonskobrodska televizija</channel>
    <channel update="i" site="mojtv.hr" site_id="11/varazdinska-tv" xmltv_id="Varaždinska TV">Varaždinska TV</channel>
    <channel update="i" site="mojtv.hr" site_id="12/vinkovacka-tv" xmltv_id="Vinkovačka TV">Vinkovačka TV</channel>
    <channel update="i" site="mojtv.hr" site_id="15/tv-istra" xmltv_id="TV Istra">TV Istra</channel>
    <channel update="i" site="mojtv.hr" site_id="113/osjecka-tv" xmltv_id="Osječka TV">Osječka TV</channel>
    <channel update="i" site="mojtv.hr" site_id="299/rtb-tv" xmltv_id="RTB TV">RTB TV</channel>
    <channel update="i" site="mojtv.hr" site_id="116/slavonska-tv" xmltv_id="Slavonska TV">Slavonska TV</channel>
    <channel update="i" site="mojtv.hr" site_id="117/tv-plus" xmltv_id="TV Plus">TV Plus</channel>
    <channel update="i" site="mojtv.hr" site_id="67/televizija-vox" xmltv_id="Televizija Vox">Televizija Vox</channel>
    <channel update="i" site="mojtv.hr" site_id="114/tv-jadran" xmltv_id="TV Jadran">TV Jadran</channel>
    <channel update="i" site="mojtv.hr" site_id="124/kanal-5" xmltv_id="Kanal 5">Kanal 5</channel>
    <channel update="i" site="mojtv.hr" site_id="176/ritv" xmltv_id="RITV">RITV</channel>
    <channel update="i" site="mojtv.hr" site_id="178/tv4r" xmltv_id="TV4r">TV4r</channel>
    <channel update="i" site="mojtv.hr" site_id="181/mrezast" xmltv_id="MrežaST">MrežaST</channel>
    <channel update="i" site="mojtv.hr" site_id="187/zdrava-tv" xmltv_id="Zdrava TV">Zdrava TV</channel>
    <channel update="i" site="mojtv.hr" site_id="291/srce-tv" xmltv_id="Srce TV">Srce TV</channel>
    <channel update="i" site="mojtv.hr" site_id="313/dubrovacka-tv" xmltv_id="Dubrovačka TV">Dubrovačka TV</channel>
    <channel update="i" site="mojtv.hr" site_id="477/poljoprivredna-tv" xmltv_id="Poljoprivredna TV">Poljoprivredna TV</channel>
    <channel update="i" site="mojtv.hr" site_id="504/laudato-tv" xmltv_id="Laudato TV">Laudato TV</channel>
    <channel update="i" site="mojtv.hr" site_id="505/pozitiv-tv" xmltv_id="Pozitiv TV">Pozitiv TV</channel>
    <channel update="i" site="mojtv.hr" site_id="524/hntv" xmltv_id="HNTV">HNTV</channel>
    <channel update="i" site="mojtv.hr" site_id="62/sk1" xmltv_id="SK1">SK1</channel>
    <channel update="i" site="mojtv.hr" site_id="63/sk2" xmltv_id="SK2">SK2</channel>
    <channel update="i" site="mojtv.hr" site_id="296/sk3" xmltv_id="SK3">SK3</channel>
    <channel update="i" site="mojtv.hr" site_id="240/sk4" xmltv_id="SK4">SK4</channel>
    <channel update="i" site="mojtv.hr" site_id="241/sk5" xmltv_id="SK5">SK5</channel>
    <channel update="i" site="mojtv.hr" site_id="242/sk6" xmltv_id="SK6">SK6</channel>
    <channel update="i" site="mojtv.hr" site_id="294/sk-hd" xmltv_id="SK HD">SK HD</channel>
    <channel update="i" site="mojtv.hr" site_id="143/sk-golf" xmltv_id="SK Golf">SK Golf</channel>
    <channel update="i" site="mojtv.hr" site_id="179/arena-sport-1" xmltv_id="Arena Sport 1">Arena Sport 1</channel>
    <channel update="i" site="mojtv.hr" site_id="180/arena-sport-2" xmltv_id="Arena Sport 2">Arena Sport 2</channel>
    <channel update="i" site="mojtv.hr" site_id="253/arena-sport-3" xmltv_id="Arena Sport 3">Arena Sport 3</channel>
    <channel update="i" site="mojtv.hr" site_id="264/arena-sport-4" xmltv_id="Arena Sport 4">Arena Sport 4</channel>
    <channel update="i" site="mojtv.hr" site_id="533/arena-sport-6" xmltv_id="Arena Sport 6">Arena Sport 6</channel>
    <channel update="i" site="mojtv.hr" site_id="460/arena-sport-5" xmltv_id="Arena Sport 5">Arena Sport 5</channel>
    <channel update="i" site="mojtv.hr" site_id="50/eurosport" xmltv_id="Eurosport">Eurosport</channel>
    <channel update="i" site="mojtv.hr" site_id="51/eurosport-2" xmltv_id="Eurosport 2">Eurosport 2</channel>
    <channel update="i" site="mojtv.hr" site_id="52/sport-1" xmltv_id="Sport 1">Sport 1</channel>
    <channel update="i" site="mojtv.hr" site_id="280/fight-channel" xmltv_id="Fight Channel">Fight Channel</channel>
    <channel update="i" site="mojtv.hr" site_id="107/rai-sport" xmltv_id="Rai Sport">Rai Sport</channel>
    <channel update="i" site="mojtv.hr" site_id="137/player-channel" xmltv_id="Player Channel">Player Channel</channel>
    <channel update="i" site="mojtv.hr" site_id="66/extreme-sports" xmltv_id="Extreme Sports">Extreme Sports</channel>
    <channel update="i" site="mojtv.hr" site_id="84/motors-tv" xmltv_id="Motors Tv">Motors Tv</channel>
    <channel update="i" site="mojtv.hr" site_id="85/nautical-channel" xmltv_id="Nautical Channel">Nautical Channel</channel>
    <channel update="i" site="mojtv.hr" site_id="244/sportska-televizija" xmltv_id="Sportska Televizija">Sportska Televizija</channel>
    <channel update="i" site="mojtv.hr" site_id="359/fuel-tv" xmltv_id="Fuel TV">Fuel TV</channel>
    <channel update="i" site="mojtv.hr" site_id="409/lov-i-ribolov" xmltv_id="Lov i ribolov">Lov i ribolov</channel>
    <channel update="i" site="mojtv.hr" site_id="473/fight-channel-world" xmltv_id="Fight Channel World">Fight Channel World</channel>
    <channel update="i" site="mojtv.hr" site_id="360/sportskool" xmltv_id="Sportskool">Sportskool</channel>
    <channel update="i" site="mojtv.hr" site_id="149/body-in-balance" xmltv_id="Body in balance">Body in balance</channel>
    <channel update="i" site="mojtv.hr" site_id="498/fightbox" xmltv_id="FightBox">FightBox</channel>
    <channel update="i" site="mojtv.hr" site_id="500/fastfun-box" xmltv_id="Fast&amp;Fun Box">Fast&amp;Fun Box</channel>
    <channel update="i" site="mojtv.hr" site_id="503/fcwhd" xmltv_id="FCWHD">FCWHD</channel>
    <channel update="i" site="mojtv.hr" site_id="284/fishing-and-hunting" xmltv_id="Fishing And Hunting">Fishing And Hunting</channel>
    <channel update="i" site="mojtv.hr" site_id="357/kreator-tv" xmltv_id="Kreator TV">Kreator TV</channel>
    <channel update="i" site="mojtv.hr" site_id="514/hbo3" xmltv_id="HBO3">HBO3</channel>
    <channel update="i" site="mojtv.hr" site_id="136/cinemax-2" xmltv_id="Cinemax 2">Cinemax 2</channel>
    <channel update="i" site="mojtv.hr" site_id="105/cinemax" xmltv_id="Cinemax">Cinemax</channel>
    <channel update="i" site="mojtv.hr" site_id="41/hbo" xmltv_id="HBO">HBO</channel>
    <channel update="i" site="mojtv.hr" site_id="42/hbo2" xmltv_id="HBO2">HBO2</channel>
    <channel update="i" site="mojtv.hr" site_id="106/cinestar-tv" xmltv_id="Cinestar TV">Cinestar TV</channel>
    <channel update="i" site="mojtv.hr" site_id="361/cinestar-premiere-1" xmltv_id="Cinestar Premiere 1">Cinestar Premiere 1</channel>
    <channel update="i" site="mojtv.hr" site_id="362/cinestar-premiere-2" xmltv_id="Cinestar Premiere 2">Cinestar Premiere 2</channel>
    <channel update="i" site="mojtv.hr" site_id="218/cinestar-action-thriller" xmltv_id="Cinestar Action &amp;Thriller">Cinestar Action &amp;Thriller</channel>
    <channel update="i" site="mojtv.hr" site_id="344/kinotv" xmltv_id="KinoTV">KinoTV</channel>
    <channel update="i" site="mojtv.hr" site_id="184/klasik-tv" xmltv_id="Klasik TV">Klasik TV</channel>
    <channel update="i" site="mojtv.hr" site_id="43/tv1000" xmltv_id="TV1000">TV1000</channel>
    <channel update="i" site="mojtv.hr" site_id="40/diva" xmltv_id="Diva">Diva</channel>
    <channel update="i" site="mojtv.hr" site_id="286/fox-movies" xmltv_id="Fox Movies">Fox Movies</channel>
    <channel update="i" site="mojtv.hr" site_id="319/fox" xmltv_id="Fox">Fox</channel>
    <channel update="i" site="mojtv.hr" site_id="69/fox-life" xmltv_id="Fox Life">Fox Life</channel>
    <channel update="i" site="mojtv.hr" site_id="70/fox-crime" xmltv_id="Fox Crime">Fox Crime</channel>
    <channel update="i" site="mojtv.hr" site_id="112/axn" xmltv_id="AXN">AXN</channel>
    <channel update="i" site="mojtv.hr" site_id="125/tcmcartoon" xmltv_id="TCM/Cartoon">TCM/Cartoon</channel>
    <channel update="i" site="mojtv.hr" site_id="382/horror-channel" xmltv_id="Horror Channel">Horror Channel</channel>
    <channel update="i" site="mojtv.hr" site_id="457/rtl-passion" xmltv_id="RTL Passion">RTL Passion</channel>
    <channel update="i" site="mojtv.hr" site_id="458/rtl-crime" xmltv_id="RTL Crime">RTL Crime</channel>
    <channel update="i" site="mojtv.hr" site_id="528/axn-spin" xmltv_id="AXN Spin">AXN Spin</channel>
    <channel update="i" site="mojtv.hr" site_id="44/bbc-entertainment" xmltv_id="BBC Entertainment">BBC Entertainment</channel>
    <channel update="i" site="mojtv.hr" site_id="119/scifi-channel" xmltv_id="Sci-Fi Channel">Sci-Fi Channel</channel>
    <channel update="i" site="mojtv.hr" site_id="75/cbs-drama" xmltv_id="CBS Drama">CBS Drama</channel>
    <channel update="i" site="mojtv.hr" site_id="356/m1-film" xmltv_id="M1 FILM">M1 FILM</channel>
    <channel update="i" site="mojtv.hr" site_id="529/amc" xmltv_id="AMC">AMC</channel>
    <channel update="i" site="mojtv.hr" site_id="495/filmbox-plus" xmltv_id="FilmBox Plus">FilmBox Plus</channel>
    <channel update="i" site="mojtv.hr" site_id="496/filmbox-extra-hd" xmltv_id="FilmBox Extra HD">FilmBox Extra HD</channel>
    <channel update="i" site="mojtv.hr" site_id="497/arthouse" xmltv_id="Arthouse">Arthouse</channel>
    <channel update="i" site="mojtv.hr" site_id="353/oyo-family" xmltv_id="Oyo Family">Oyo Family</channel>
    <channel update="i" site="mojtv.hr" site_id="354/oyo-cinema" xmltv_id="Oyo Cinema">Oyo Cinema</channel>
    <channel update="i" site="mojtv.hr" site_id="151/national-geographic-hd" xmltv_id="National Geographic HD">National Geographic HD</channel>
    <channel update="i" site="mojtv.hr" site_id="189/ng-wild-hd" xmltv_id="NG Wild HD">NG Wild HD</channel>
    <channel update="i" site="mojtv.hr" site_id="188/eurosport-hd" xmltv_id="Eurosport HD">Eurosport HD</channel>
    <channel update="i" site="mojtv.hr" site_id="156/zdf-hd" xmltv_id="ZDF HD">ZDF HD</channel>
    <channel update="i" site="mojtv.hr" site_id="157/arte-hd" xmltv_id="Arte HD">Arte HD</channel>
    <channel update="i" site="mojtv.hr" site_id="170/das-erste-hd" xmltv_id="Das Erste HD">Das Erste HD</channel>
    <channel update="i" site="mojtv.hr" site_id="134/myzentv" xmltv_id="MyZen.tv">MyZen.tv</channel>
    <channel update="i" site="mojtv.hr" site_id="336/hbo-hd" xmltv_id="HBO HD">HBO HD</channel>
    <channel update="i" site="mojtv.hr" site_id="337/hbo-comedy-hd" xmltv_id="HBO Comedy HD">HBO Comedy HD</channel>
    <channel update="i" site="mojtv.hr" site_id="338/cinemax-hd" xmltv_id="Cinemax HD">Cinemax HD</channel>
    <channel update="i" site="mojtv.hr" site_id="339/cinemax-2-hd" xmltv_id="Cinemax 2 HD">Cinemax 2 HD</channel>
    <channel update="i" site="mojtv.hr" site_id="243/history-channel-hd" xmltv_id="History Channel HD">History Channel HD</channel>
    <channel update="i" site="mojtv.hr" site_id="345/discovery-showcase-hd" xmltv_id="Discovery Showcase HD">Discovery Showcase HD</channel>
    <channel update="i" site="mojtv.hr" site_id="346/animal-planet-hd" xmltv_id="Animal Planet HD">Animal Planet HD</channel>
    <channel update="i" site="mojtv.hr" site_id="92/nova-hd" xmltv_id="Nova HD">Nova HD</channel>
    <channel update="i" site="mojtv.hr" site_id="363/cinestar-premiere-1-hd" xmltv_id="Cinestar Premiere 1 HD">Cinestar Premiere 1 HD</channel>
    <channel update="i" site="mojtv.hr" site_id="364/cinestar-premiere-2-hd" xmltv_id="Cinestar Premiere 2 HD">Cinestar Premiere 2 HD</channel>
    <channel update="i" site="mojtv.hr" site_id="347/dorcel-xxx" xmltv_id="Dorcel XXX">Dorcel XXX</channel>
    <channel update="i" site="mojtv.hr" site_id="530/discovery-dtx" xmltv_id="Discovery DTX">Discovery DTX</channel>
    <channel update="i" site="mojtv.hr" site_id="531/discovery-science-hd" xmltv_id="Discovery Science HD">Discovery Science HD</channel>
    <channel update="i" site="mojtv.hr" site_id="348/hustler-hd" xmltv_id="Hustler HD">Hustler HD</channel>
    <channel update="i" site="mojtv.hr" site_id="48/national-geographic" xmltv_id="National Geographic">National Geographic</channel>
    <channel update="i" site="mojtv.hr" site_id="73/viasat-history" xmltv_id="Viasat History">Viasat History</channel>
    <channel update="i" site="mojtv.hr" site_id="74/viasat-explorer" xmltv_id="Viasat Explorer">Viasat Explorer</channel>
    <channel update="i" site="mojtv.hr" site_id="120/natgeo-wild" xmltv_id="NatGeo Wild">NatGeo Wild</channel>
    <channel update="i" site="mojtv.hr" site_id="140/history-channel" xmltv_id="History Channel">History Channel</channel>
    <channel update="i" site="mojtv.hr" site_id="57/discovery-channel" xmltv_id="Discovery Channel">Discovery Channel</channel>
    <channel update="i" site="mojtv.hr" site_id="58/animal-planet" xmltv_id="Animal Planet">Animal Planet</channel>
    <channel update="i" site="mojtv.hr" site_id="59/discovery-science" xmltv_id="Discovery Science">Discovery Science</channel>
    <channel update="i" site="mojtv.hr" site_id="60/discovery-world" xmltv_id="Discovery World">Discovery World</channel>
    <channel update="i" site="mojtv.hr" site_id="76/cbs-reality" xmltv_id="CBS Reality">CBS Reality</channel>
    <channel update="i" site="mojtv.hr" site_id="471/the-medical-channel" xmltv_id="The Medical Channel">The Medical Channel</channel>
    <channel update="i" site="mojtv.hr" site_id="246/crime--investigations" xmltv_id="Crime &amp; Investigations">Crime &amp; Investigations</channel>
    <channel update="i" site="mojtv.hr" site_id="256/investigation-discovery" xmltv_id="Investigation Discovery">Investigation Discovery</channel>
    <channel update="i" site="mojtv.hr" site_id="260/tlc" xmltv_id="TLC">TLC</channel>
    <channel update="i" site="mojtv.hr" site_id="126/arte" xmltv_id="Arte">Arte</channel>
    <channel update="i" site="mojtv.hr" site_id="321/viasat-nature" xmltv_id="Viasat Nature">Viasat Nature</channel>
    <channel update="i" site="mojtv.hr" site_id="499/docubox" xmltv_id="DocuBox">DocuBox</channel>
    <channel update="i" site="mojtv.hr" site_id="32/cmc" xmltv_id="CMC">CMC</channel>
    <channel update="i" site="mojtv.hr" site_id="308/jugoton-tv" xmltv_id="Jugoton TV">Jugoton TV</channel>
    <channel update="i" site="mojtv.hr" site_id="165/mtv" xmltv_id="MTV">MTV</channel>
    <channel update="i" site="mojtv.hr" site_id="45/mtv-base" xmltv_id="MTV Base">MTV Base</channel>
    <channel update="i" site="mojtv.hr" site_id="46/mtv-hits" xmltv_id="MTV Hits">MTV Hits</channel>
    <channel update="i" site="mojtv.hr" site_id="121/mtv-dance" xmltv_id="MTV Dance">MTV Dance</channel>
    <channel update="i" site="mojtv.hr" site_id="127/mtv-rocks" xmltv_id="MTV Rocks">MTV Rocks</channel>
    <channel update="i" site="mojtv.hr" site_id="142/balkanika-mtv" xmltv_id="Balkanika MTV">Balkanika MTV</channel>
    <channel update="i" site="mojtv.hr" site_id="135/cmusic" xmltv_id="C-Music">C-Music</channel>
    <channel update="i" site="mojtv.hr" site_id="133/vh1-classic" xmltv_id="VH1 Classic">VH1 Classic</channel>
    <channel update="i" site="mojtv.hr" site_id="177/top-music" xmltv_id="Top Music">Top Music</channel>
    <channel update="i" site="mojtv.hr" site_id="152/viva" xmltv_id="VIVA">VIVA</channel>
    <channel update="i" site="mojtv.hr" site_id="146/trace-urban" xmltv_id="Trace Urban">Trace Urban</channel>
    <channel update="i" site="mojtv.hr" site_id="147/natgeo-music" xmltv_id="NatGeo Music">NatGeo Music</channel>
    <channel update="i" site="mojtv.hr" site_id="87/vh1" xmltv_id="VH-1">VH-1</channel>
    <channel update="i" site="mojtv.hr" site_id="305/dance-trippin" xmltv_id="Dance Trippin">Dance Trippin</channel>
    <channel update="i" site="mojtv.hr" site_id="249/dm-sat" xmltv_id="DM Sat">DM Sat</channel>
    <channel update="i" site="mojtv.hr" site_id="267/mtv-music" xmltv_id="MTV Music">MTV Music</channel>
    <channel update="i" site="mojtv.hr" site_id="227/mezzo" xmltv_id="Mezzo">Mezzo</channel>
    <channel update="i" site="mojtv.hr" site_id="343/dmc" xmltv_id="DMC">DMC</channel>
    <channel update="i" site="mojtv.hr" site_id="474/classica-hd" xmltv_id="Classica HD">Classica HD</channel>
    <channel update="i" site="mojtv.hr" site_id="475/djazztv" xmltv_id="DJazz.tv">DJazz.tv</channel>
    <channel update="i" site="mojtv.hr" site_id="476/brava-hd" xmltv_id="Brava HD">Brava HD</channel>
    <channel update="i" site="mojtv.hr" site_id="478/kerrang" xmltv_id="Kerrang">Kerrang</channel>
    <channel update="i" site="mojtv.hr" site_id="479/kiss" xmltv_id="Kiss">Kiss</channel>
    <channel update="i" site="mojtv.hr" site_id="480/magic" xmltv_id="Magic">Magic</channel>
    <channel update="i" site="mojtv.hr" site_id="481/smash-hits" xmltv_id="Smash Hits">Smash Hits</channel>
    <channel update="i" site="mojtv.hr" site_id="340/tv-soko" xmltv_id="TV Soko">TV Soko</channel>
    <channel update="i" site="mojtv.hr" site_id="324/mtv-live-hd" xmltv_id="MTV Live HD">MTV Live HD</channel>
    <channel update="i" site="mojtv.hr" site_id="329/mtv-classic" xmltv_id="MTV Classic">MTV Classic</channel>
    <channel update="i" site="mojtv.hr" site_id="312/narodna-tv" xmltv_id="Narodna TV">Narodna TV</channel>
    <channel update="i" site="mojtv.hr" site_id="250/ok-bambino" xmltv_id="OK Bambino">OK Bambino</channel>
    <channel update="i" site="mojtv.hr" site_id="248/cartoon-network-rse" xmltv_id="Cartoon Network RSE">Cartoon Network RSE</channel>
    <channel update="i" site="mojtv.hr" site_id="269/da-vinci-learning" xmltv_id="Da Vinci Learning">Da Vinci Learning</channel>
    <channel update="i" site="mojtv.hr" site_id="297/disney-channel" xmltv_id="Disney Channel">Disney Channel</channel>
    <channel update="i" site="mojtv.hr" site_id="298/disney-junior" xmltv_id="Disney Junior">Disney Junior</channel>
    <channel update="i" site="mojtv.hr" site_id="88/nickelodeon" xmltv_id="Nickelodeon">Nickelodeon</channel>
    <channel update="i" site="mojtv.hr" site_id="89/mini-tv" xmltv_id="Mini TV">Mini TV</channel>
    <channel update="i" site="mojtv.hr" site_id="54/boomerang" xmltv_id="Boomerang">Boomerang</channel>
    <channel update="i" site="mojtv.hr" site_id="153/tiji" xmltv_id="Tiji">Tiji</channel>
    <channel update="i" site="mojtv.hr" site_id="154/jimjam" xmltv_id="JimJam">JimJam</channel>
    <channel update="i" site="mojtv.hr" site_id="155/smile-of-a-child" xmltv_id="Smile of a Child">Smile of a Child</channel>
    <channel update="i" site="mojtv.hr" site_id="167/baby-tv" xmltv_id="Baby TV">Baby TV</channel>
    <channel update="i" site="mojtv.hr" site_id="144/duck-tv" xmltv_id="Duck TV">Duck TV</channel>
    <channel update="i" site="mojtv.hr" site_id="99/kika" xmltv_id="KIKA">KIKA</channel>
    <channel update="i" site="mojtv.hr" site_id="101/super-rtl" xmltv_id="Super RTL">Super RTL</channel>
    <channel update="i" site="mojtv.hr" site_id="314/nickelodeon-hd" xmltv_id="Nickelodeon HD">Nickelodeon HD</channel>
    <channel update="i" site="mojtv.hr" site_id="315/nick-jr" xmltv_id="Nick JR">Nick JR</channel>
    <channel update="i" site="mojtv.hr" site_id="316/disney-xd" xmltv_id="Disney XD">Disney XD</channel>
    <channel update="i" site="mojtv.hr" site_id="317/orlando-kids" xmltv_id="Orlando Kids">Orlando Kids</channel>
    <channel update="i" site="mojtv.hr" site_id="287/24sata-tv" xmltv_id="24sata TV">24sata TV</channel>
    <channel update="i" site="mojtv.hr" site_id="288/deutsche-welle" xmltv_id="Deutsche Welle">Deutsche Welle</channel>
    <channel update="i" site="mojtv.hr" site_id="279/russia-today" xmltv_id="Russia Today">Russia Today</channel>
    <channel update="i" site="mojtv.hr" site_id="270/al-jazeera-balkans" xmltv_id="Al Jazeera Balkans">Al Jazeera Balkans</channel>
    <channel update="i" site="mojtv.hr" site_id="271/al-jazeera-int" xmltv_id="Al Jazeera Int">Al Jazeera Int</channel>
    <channel update="i" site="mojtv.hr" site_id="272/france-24" xmltv_id="France 24">France 24</channel>
    <channel update="i" site="mojtv.hr" site_id="268/cctv" xmltv_id="CCTV">CCTV</channel>
    <channel update="i" site="mojtv.hr" site_id="266/bbc-world" xmltv_id="BBC World">BBC World</channel>
    <channel update="i" site="mojtv.hr" site_id="261/sky-news" xmltv_id="Sky News">Sky News</channel>
    <channel update="i" site="mojtv.hr" site_id="258/n24" xmltv_id="N24">N24</channel>
    <channel update="i" site="mojtv.hr" site_id="436/cnn" xmltv_id="CNN">CNN</channel>
    <channel update="i" site="mojtv.hr" site_id="169/eurosportnews" xmltv_id="Eurosportnews">Eurosportnews</channel>
    <channel update="i" site="mojtv.hr" site_id="77/n1" xmltv_id="N1">N1</channel>
    <channel update="i" site="mojtv.hr" site_id="78/euronews" xmltv_id="Euronews">Euronews</channel>
    <channel update="i" site="mojtv.hr" site_id="79/cnbc" xmltv_id="CNBC">CNBC</channel>
    <channel update="i" site="mojtv.hr" site_id="80/bloomberg" xmltv_id="Bloomberg">Bloomberg</channel>
    <channel update="i" site="mojtv.hr" site_id="335/tv-espana" xmltv_id="TV Espana">TV Espana</channel>
    <channel update="i" site="mojtv.hr" site_id="304/vizion-plus" xmltv_id="Vizion Plus">Vizion Plus</channel>
    <channel update="i" site="mojtv.hr" site_id="334/fox-news" xmltv_id="Fox News">Fox News</channel>
    <channel update="i" site="mojtv.hr" site_id="331/tvsh" xmltv_id="TVSh">TVSh</channel>
    <channel update="i" site="mojtv.hr" site_id="327/tv5monde" xmltv_id="TV5MONDE">TV5MONDE</channel>
    <channel update="i" site="mojtv.hr" site_id="328/mktv" xmltv_id="MKTV">MKTV</channel>
    <channel update="i" site="mojtv.hr" site_id="506/dr-fit" xmltv_id="Dr. Fit">Dr. Fit</channel>
    <channel update="i" site="mojtv.hr" site_id="507/woman" xmltv_id="Woman">Woman</channel>
    <channel update="i" site="mojtv.hr" site_id="508/planet-earth" xmltv_id="Planet Earth">Planet Earth</channel>
    <channel update="i" site="mojtv.hr" site_id="289/luxetv" xmltv_id="Luxe.TV">Luxe.TV</channel>
    <channel update="i" site="mojtv.hr" site_id="247/24kitchen" xmltv_id="24Kitchen">24Kitchen</channel>
    <channel update="i" site="mojtv.hr" site_id="265/food-network" xmltv_id="Food Network">Food Network</channel>
    <channel update="i" site="mojtv.hr" site_id="81/fashion-tv" xmltv_id="Fashion Tv">Fashion Tv</channel>
    <channel update="i" site="mojtv.hr" site_id="82/e-entertainment" xmltv_id="E! Entertainment">E! Entertainment</channel>
    <channel update="i" site="mojtv.hr" site_id="365/travel-channel" xmltv_id="Travel Channel">Travel Channel</channel>
    <channel update="i" site="mojtv.hr" site_id="459/rtl-living" xmltv_id="RTL Living">RTL Living</channel>
    <channel update="i" site="mojtv.hr" site_id="318/fine-living-network" xmltv_id="Fine Living Network">Fine Living Network</channel>
    <channel update="i" site="mojtv.hr" site_id="323/comedy-central-extra" xmltv_id="Comedy Central Extra">Comedy Central Extra</channel>
    <channel update="i" site="mojtv.hr" site_id="311/ginx" xmltv_id="GINX">GINX</channel>
    <channel update="i" site="mojtv.hr" site_id="263/bn-televizija" xmltv_id="BN Televizija">BN Televizija</channel>
    <channel update="i" site="mojtv.hr" site_id="283/bn-sat" xmltv_id="BN SAT">BN SAT</channel>
    <channel update="i" site="mojtv.hr" site_id="381/kanal6hd" xmltv_id="Kanal6HD">Kanal6HD</channel>
    <channel update="i" site="mojtv.hr" site_id="342/facetv" xmltv_id="Face.TV">Face.TV</channel>
    <channel update="i" site="mojtv.hr" site_id="355/tv-k3" xmltv_id="TV K3">TV K3</channel>
    <channel update="i" site="mojtv.hr" site_id="358/cinema-tv" xmltv_id="Cinema TV">Cinema TV</channel>
    <channel update="i" site="mojtv.hr" site_id="39/atv" xmltv_id="ATV">ATV</channel>
    <channel update="i" site="mojtv.hr" site_id="35/hayat-tv" xmltv_id="Hayat TV">Hayat TV</channel>
    <channel update="i" site="mojtv.hr" site_id="36/rtrs" xmltv_id="RTRS">RTRS</channel>
    <channel update="i" site="mojtv.hr" site_id="28/pink-bh" xmltv_id="PINK BH">PINK BH</channel>
    <channel update="i" site="mojtv.hr" site_id="24/bht1" xmltv_id="BHT1">BHT1</channel>
    <channel update="i" site="mojtv.hr" site_id="25/ftv" xmltv_id="FTV">FTV</channel>
    <channel update="i" site="mojtv.hr" site_id="26/obn" xmltv_id="OBN">OBN</channel>
    <channel update="i" site="mojtv.hr" site_id="217/tv1" xmltv_id="TV1">TV1</channel>
    <channel update="i" site="mojtv.hr" site_id="123/tv-tk-tuzla" xmltv_id="TV TK Tuzla">TV TK Tuzla</channel>
    <channel update="i" site="mojtv.hr" site_id="19/tv-slovenija-1" xmltv_id="TV Slovenija 1">TV Slovenija 1</channel>
    <channel update="i" site="mojtv.hr" site_id="20/tv-slovenija-2" xmltv_id="TV Slovenija 2">TV Slovenija 2</channel>
    <channel update="i" site="mojtv.hr" site_id="221/tv-slovenija-3" xmltv_id="TV Slovenija 3">TV Slovenija 3</channel>
    <channel update="i" site="mojtv.hr" site_id="17/pop-tv" xmltv_id="Pop TV">Pop TV</channel>
    <channel update="i" site="mojtv.hr" site_id="18/kanal-a" xmltv_id="Kanal A">Kanal A</channel>
    <channel update="i" site="mojtv.hr" site_id="220/brio" xmltv_id="Brio">Brio</channel>
    <channel update="i" site="mojtv.hr" site_id="273/kino" xmltv_id="Kino">Kino</channel>
    <channel update="i" site="mojtv.hr" site_id="276/oto" xmltv_id="Oto">Oto</channel>
    <channel update="i" site="mojtv.hr" site_id="23/tv3-medias" xmltv_id="TV3 Medias">TV3 Medias</channel>
    <channel update="i" site="mojtv.hr" site_id="21/tv-koper" xmltv_id="TV Koper">TV Koper</channel>
    <channel update="i" site="mojtv.hr" site_id="22/tv-maribor" xmltv_id="TV Maribor">TV Maribor</channel>
    <channel update="i" site="mojtv.hr" site_id="332/tv-golica" xmltv_id="TV Golica">TV Golica</channel>
    <channel update="i" site="mojtv.hr" site_id="333/carli-tv" xmltv_id="Čarli TV">Čarli TV</channel>
    <channel update="i" site="mojtv.hr" site_id="33/rts1" xmltv_id="RTS1">RTS1</channel>
    <channel update="i" site="mojtv.hr" site_id="34/rts2" xmltv_id="RTS2">RTS2</channel>
    <channel update="i" site="mojtv.hr" site_id="65/rts-sat" xmltv_id="RTS SAT">RTS SAT</channel>
    <channel update="i" site="mojtv.hr" site_id="31/b92" xmltv_id="B92">B92</channel>
    <channel update="i" site="mojtv.hr" site_id="29/pink-plus" xmltv_id="PINK Plus">PINK Plus</channel>
    <channel update="i" site="mojtv.hr" site_id="27/pink" xmltv_id="PINK">PINK</channel>
    <channel update="i" site="mojtv.hr" site_id="38/prva-srpska-televizija" xmltv_id="Prva srpska televizija">Prva srpska televizija</channel>
    <channel update="i" site="mojtv.hr" site_id="182/rtv-1" xmltv_id="RTV 1">RTV 1</channel>
    <channel update="i" site="mojtv.hr" site_id="183/rtv-2" xmltv_id="RTV 2">RTV 2</channel>
    <channel update="i" site="mojtv.hr" site_id="278/happy-tv" xmltv_id="Happy TV">Happy TV</channel>
    <channel update="i" site="mojtv.hr" site_id="391/pink-2" xmltv_id="Pink 2">Pink 2</channel>
    <channel update="i" site="mojtv.hr" site_id="393/pink-m" xmltv_id="Pink M">Pink M</channel>
    <channel update="i" site="mojtv.hr" site_id="30/cinemania" xmltv_id="Cinemania">Cinemania</channel>
    <channel update="i" site="mojtv.hr" site_id="301/kcn-kopernikus" xmltv_id="KCN Kopernikus">KCN Kopernikus</channel>
    <channel update="i" site="mojtv.hr" site_id="302/kcn-music" xmltv_id="KCN Music">KCN Music</channel>
    <channel update="i" site="mojtv.hr" site_id="303/kcn-svet-" xmltv_id="KCN Svet +">KCN Svet +</channel>
    <channel update="i" site="mojtv.hr" site_id="162/italia-1" xmltv_id="Italia 1">Italia 1</channel>
    <channel update="i" site="mojtv.hr" site_id="163/canale-5" xmltv_id="Canale 5">Canale 5</channel>
    <channel update="i" site="mojtv.hr" site_id="164/rete-4" xmltv_id="Rete 4">Rete 4</channel>
    <channel update="i" site="mojtv.hr" site_id="102/rai-uno" xmltv_id="RAI Uno">RAI Uno</channel>
    <channel update="i" site="mojtv.hr" site_id="103/rai-due" xmltv_id="RAI Due">RAI Due</channel>
    <channel update="i" site="mojtv.hr" site_id="104/rai-tre" xmltv_id="RAI Tre">RAI Tre</channel>
    <channel update="i" site="mojtv.hr" site_id="330/mediaset-italia" xmltv_id="Mediaset Italia">Mediaset Italia</channel>
    <channel update="i" site="mojtv.hr" site_id="150/das-erste" xmltv_id="Das Erste">Das Erste</channel>
    <channel update="i" site="mojtv.hr" site_id="93/zdf" xmltv_id="ZDF">ZDF</channel>
    <channel update="i" site="mojtv.hr" site_id="94/sat1" xmltv_id="SAT1">SAT1</channel>
    <channel update="i" site="mojtv.hr" site_id="95/pro7" xmltv_id="PRO7">PRO7</channel>
    <channel update="i" site="mojtv.hr" site_id="96/rtl" xmltv_id="RTL">RTL</channel>
    <channel update="i" site="mojtv.hr" site_id="97/3sat" xmltv_id="3SAT">3SAT</channel>
    <channel update="i" site="mojtv.hr" site_id="98/vox" xmltv_id="VOX">VOX</channel>
    <channel update="i" site="mojtv.hr" site_id="453/servus-tv" xmltv_id="Servus TV">Servus TV</channel>
    <channel update="i" site="mojtv.hr" site_id="90/orf1" xmltv_id="ORF1">ORF1</channel>
    <channel update="i" site="mojtv.hr" site_id="91/orf2" xmltv_id="ORF2">ORF2</channel>
    <channel update="i" site="mojtv.hr" site_id="128/hustler" xmltv_id="Hustler">Hustler</channel>
    <channel update="i" site="mojtv.hr" site_id="129/blue-hustler" xmltv_id="Blue Hustler">Blue Hustler</channel>
    <channel update="i" site="mojtv.hr" site_id="130/brazzers-tv" xmltv_id="Brazzers TV">Brazzers TV</channel>
    <channel update="i" site="mojtv.hr" site_id="131/adult-channel" xmltv_id="Adult Channel">Adult Channel</channel>
    <channel update="i" site="mojtv.hr" site_id="132/playboy-tv" xmltv_id="Playboy TV">Playboy TV</channel>
    <channel update="i" site="mojtv.hr" site_id="226/daring-tv" xmltv_id="Daring! TV">Daring! TV</channel>
    <channel update="i" site="mojtv.hr" site_id="259/dorcel-tv" xmltv_id="Dorcel TV">Dorcel TV</channel>
    <channel update="i" site="mojtv.hr" site_id="482/dusk" xmltv_id="Dusk">Dusk</channel>
    <channel update="i" site="mojtv.hr" site_id="501/erox" xmltv_id="Erox">Erox</channel>
    <channel update="i" site="mojtv.hr" site_id="502/eroxxx" xmltv_id="Eroxxx">Eroxxx</channel>
    <channel update="i" site="mojtv.hr" site_id="172/rtcg-sat" xmltv_id="RTCG SAT">RTCG SAT</channel>
    <channel update="i" site="mojtv.hr" site_id="173/rtcg1" xmltv_id="RTCG1">RTCG1</channel>
    <channel update="i" site="mojtv.hr" site_id="174/rtcg2" xmltv_id="RTCG2">RTCG2</channel>
    <channel update="i" site="mojtv.hr" site_id="175/rtv-atlas" xmltv_id="RTV Atlas">RTV Atlas</channel>
    <channel update="i" site="mojtv.hr" site_id="509/rtv-budva" xmltv_id="RTV Budva">RTV Budva</channel>
  </channels>
</site>
