<?xml version="1.0" encoding="UTF-8"?>
<site generator-info-name="WebGrab+Plus/w MDB &amp; REX Postprocess -- version  V1.57 -- Jan van Straaten" site="m.whatsonarabia.com">
  <channels>
    <channel update="i" site="m.whatsonarabia.com" site_id="ME 1st Forex TV##10000000020850000###1st Forex TV" xmltv_id="1st Forex TV">1st Forex TV</channel>
    <channel update="i" site="m.whatsonarabia.com" site_id="ME 2M Maroc##10000000007940000###2M Maroc" xmltv_id="2M Maroc">2M Maroc</channel>
    <channel update="i" site="m.whatsonarabia.com" site_id="ME 2M Monde##10000000019870000###2M Monde" xmltv_id="2M Monde">2M Monde</channel>
    <channel update="i" site="m.whatsonarabia.com" site_id="ME 4Shabab 2##10000000011920000###4Shabab 2" xmltv_id="4Shabab 2">4Shabab 2</channel>
    <channel update="i" site="m.whatsonarabia.com" site_id="WOA Aaj TV##10000000011380000###Aaj TV" xmltv_id="Aaj TV">Aaj TV</channel>
    <channel update="i" site="m.whatsonarabia.com" site_id="WOA ABP News##10000000011030000###ABP News" xmltv_id="ABP News">ABP News</channel>
    <channel update="i" site="m.whatsonarabia.com" site_id="WOA ABS CBN SportsplusAction##10000000011290000###ABS CBN Sports+Action" xmltv_id="ABS CBN Sports+Action">ABS CBN Sports+Action</channel>
    <channel update="i" site="m.whatsonarabia.com" site_id="WOA ABS TFC##10000000013000000###ABS TFC" xmltv_id="ABS TFC">ABS TFC</channel>
    <channel update="i" site="m.whatsonarabia.com" site_id="WOA ABS-CBN News##10000000011390000###ABS-CBN News" xmltv_id="ABS-CBN News">ABS-CBN News</channel>
    <channel update="i" site="m.whatsonarabia.com" site_id="ME Abu Alfida TV##10000000020870000###Abu Alfida TV" xmltv_id="Abu Alfida TV">Abu Alfida TV</channel>
    <channel update="i" site="m.whatsonarabia.com" site_id="ME Abu Dhabi Drama##10000000009720000###Abu Dhabi Drama" xmltv_id="Abu Dhabi Drama">Abu Dhabi Drama</channel>
    <channel update="i" site="m.whatsonarabia.com" site_id="WOA Abu Dhabi Sports##10000000009730000###Abu Dhabi Sports" xmltv_id="Abu Dhabi Sports">Abu Dhabi Sports</channel>
    <channel update="i" site="m.whatsonarabia.com" site_id="WOA Abu Dhabi Sports 2##10000000009740000###Abu Dhabi Sports 2" xmltv_id="Abu Dhabi Sports 2">Abu Dhabi Sports 2</channel>
    <channel update="i" site="m.whatsonarabia.com" site_id="WOA Abu Dhabi Sports 3##10000000021230000###Abu Dhabi Sports 3" xmltv_id="Abu Dhabi Sports 3">Abu Dhabi Sports 3</channel>
    <channel update="i" site="m.whatsonarabia.com" site_id="WOA Abu Dhabi Sports 3 HD##10000000009750000###Abu Dhabi Sports 3 HD" xmltv_id="Abu Dhabi Sports 3 HD">Abu Dhabi Sports 3 HD</channel>
    <channel update="i" site="m.whatsonarabia.com" site_id="WOA Abu Dhabi Sports 4##10000000021240000###Abu Dhabi Sports 4" xmltv_id="Abu Dhabi Sports 4">Abu Dhabi Sports 4</channel>
    <channel update="i" site="m.whatsonarabia.com" site_id="WOA Abu Dhabi Sports 4 HD##10000000009760000###Abu Dhabi Sports 4 HD" xmltv_id="Abu Dhabi Sports 4 HD">Abu Dhabi Sports 4 HD</channel>
    <channel update="i" site="m.whatsonarabia.com" site_id="WOA Abu Dhabi Sports 5##10000000021250000###Abu Dhabi Sports 5" xmltv_id="Abu Dhabi Sports 5">Abu Dhabi Sports 5</channel>
    <channel update="i" site="m.whatsonarabia.com" site_id="WOA Abu Dhabi Sports 5 HD##10000000009770000###Abu Dhabi Sports 5 HD" xmltv_id="Abu Dhabi Sports 5 HD">Abu Dhabi Sports 5 HD</channel>
    <channel update="i" site="m.whatsonarabia.com" site_id="WOA Abu Dhabi Sports 6##10000000021260000###Abu Dhabi Sports 6" xmltv_id="Abu Dhabi Sports 6">Abu Dhabi Sports 6</channel>
    <channel update="i" site="m.whatsonarabia.com" site_id="WOA Abu Dhabi Sports 6 HD##10000000009780000###Abu Dhabi Sports 6 HD" xmltv_id="Abu Dhabi Sports 6 HD">Abu Dhabi Sports 6 HD</channel>
    <channel update="i" site="m.whatsonarabia.com" site_id="WOA Abu Dhabi Sports 7 HD##10000000009790000###Abu Dhabi Sports 7 HD" xmltv_id="Abu Dhabi Sports 7 HD">Abu Dhabi Sports 7 HD</channel>
    <channel update="i" site="m.whatsonarabia.com" site_id="ME Abu Dhabi TV##10000000009710000###Abu Dhabi TV" xmltv_id="Abu Dhabi TV">Abu Dhabi TV</channel>
    <channel update="i" site="m.whatsonarabia.com" site_id="WOA Africa 24 TV##10000000022430000###Africa 24 TV" xmltv_id="Africa 24 TV">Africa 24 TV</channel>
    <channel update="i" site="m.whatsonarabia.com" site_id="ME Ajman TV##10000000007960000###Ajman TV" xmltv_id="Ajman TV">Ajman TV</channel>
    <channel update="i" site="m.whatsonarabia.com" site_id="ME Al Aan##10000000011550000###Al Aan" xmltv_id="Al Aan">Al Aan</channel>
    <channel update="i" site="m.whatsonarabia.com" site_id="ME Al Afasy Azkar##10000000012950000###Al Afasy Azkar" xmltv_id="Al Afasy Azkar">Al Afasy Azkar</channel>
    <channel update="i" site="m.whatsonarabia.com" site_id="ME Al Ahly Club##10000000009820000###Al Ahly Club" xmltv_id="Al Ahly Club">Al Ahly Club</channel>
    <channel update="i" site="m.whatsonarabia.com" site_id="ME Al Alam##10000000011800000###Al Alam" xmltv_id="Al Alam">Al Alam</channel>
    <channel update="i" site="m.whatsonarabia.com" site_id="ME Al Aoula Tv##10000000016650000###Al Aoula Tv" xmltv_id="Al Aoula Tv">Al Aoula Tv</channel>
    <channel update="i" site="m.whatsonarabia.com" site_id="ME Al Aqsa##10000000011560000###Al Aqsa" xmltv_id="Al Aqsa">Al Aqsa</channel>
    <channel update="i" site="m.whatsonarabia.com" site_id="ME Al Arabiya##10000000009830000###Al Arabiya" xmltv_id="Al Arabiya">Al Arabiya</channel>
    <channel update="i" site="m.whatsonarabia.com" site_id="ME Al Arabiya Al Hadath##10000000010810000###Al Arabiya Al Hadath" xmltv_id="Al Arabiya Al Hadath">Al Arabiya Al Hadath</channel>
    <channel update="i" site="m.whatsonarabia.com" site_id="ME Al Arabiya HD##10000000007990000###Al Arabiya HD" xmltv_id="Al Arabiya HD">Al Arabiya HD</channel>
    <channel update="i" site="m.whatsonarabia.com" site_id="ME Al Bahrain TV##10000000017860000###Al Bahrain TV" xmltv_id="Al Bahrain TV">Al Bahrain TV</channel>
    <channel update="i" site="m.whatsonarabia.com" site_id="ME Al Dafrah TV##10000000008000000###Al Dafrah TV" xmltv_id="Al Dafrah TV">Al Dafrah TV</channel>
    <channel update="i" site="m.whatsonarabia.com" site_id="ME Al Dawri Wa al Kass##10000000009840000###Al Dawri Wa al Kass" xmltv_id="Al Dawri Wa al Kass">Al Dawri Wa al Kass</channel>
    <channel update="i" site="m.whatsonarabia.com" site_id="ME Al Diyar##10000000011930000###Al Diyar" xmltv_id="Al Diyar">Al Diyar</channel>
    <channel update="i" site="m.whatsonarabia.com" site_id="ME Al Emarat TV##10000000010390000###Al Emarat TV" xmltv_id="Al Emarat TV">Al Emarat TV</channel>
    <channel update="i" site="m.whatsonarabia.com" site_id="ME Al Eyman##10000000019820000###Al Eyman" xmltv_id="Al Eyman">Al Eyman</channel>
    <channel update="i" site="m.whatsonarabia.com" site_id="ME Al Forat##10000000011940000###Al Forat" xmltv_id="Al Forat">Al Forat</channel>
    <channel update="i" site="m.whatsonarabia.com" site_id="ME Al Ghadeer##10000000011950000###Al Ghadeer" xmltv_id="Al Ghadeer">Al Ghadeer</channel>
    <channel update="i" site="m.whatsonarabia.com" site_id="ME Al Hayat##10000000009850000###Al Hayat" xmltv_id="Al Hayat">Al Hayat</channel>
    <channel update="i" site="m.whatsonarabia.com" site_id="ME Al Hayat 2##10000000013910000###Al Hayat 2" xmltv_id="Al Hayat 2">Al Hayat 2</channel>
    <channel update="i" site="m.whatsonarabia.com" site_id="ME Al Hayat Cinema##10000000013920000###Al Hayat Cinema" xmltv_id="Al Hayat Cinema">Al Hayat Cinema</channel>
    <channel update="i" site="m.whatsonarabia.com" site_id="ME Al Hayat Musalsalat##10000000013930000###Al Hayat Musalsalat" xmltv_id="Al Hayat Musalsalat">Al Hayat Musalsalat</channel>
    <channel update="i" site="m.whatsonarabia.com" site_id="ME Al Hurra##10000000008020000###Al Hurra" xmltv_id="Al Hurra">Al Hurra</channel>
    <channel update="i" site="m.whatsonarabia.com" site_id="ME Al Hurra Iraq##10000000011570000###Al Hurra Iraq" xmltv_id="Al Hurra Iraq">Al Hurra Iraq</channel>
    <channel update="i" site="m.whatsonarabia.com" site_id="ME Al Iraqia Furkan##10000000020880000###Al Iraqia Furkan" xmltv_id="Al Iraqia Furkan">Al Iraqia Furkan</channel>
    <channel update="i" site="m.whatsonarabia.com" site_id="ME Al Iraqiya TV##10000000009860000&amp;isfav=1&amp;type=all&amp;channeldisplayname=Al Iraqiya TV" xmltv_id="Al Iraqiya TV">Al Iraqiya TV</channel>
    <channel update="i" site="m.whatsonarabia.com" site_id="Al Jazeera##10000000003240000###Al Jazeera" xmltv_id="Al Jazeera">Al Jazeera</channel>
    <channel update="i" site="m.whatsonarabia.com" site_id="ME Al Jazeera Arabic##10000000011580000###Al Jazeera Arabic" xmltv_id="Al Jazeera Arabic">Al Jazeera Arabic</channel>
    <channel update="i" site="m.whatsonarabia.com" site_id="ME Al Jazeera Documentary##10000000010650000###Al Jazeera Documentary" xmltv_id="Al Jazeera Documentary">Al Jazeera Documentary</channel>
    <channel update="i" site="m.whatsonarabia.com" site_id="ME Al Jazeera Mubasher##10000000010820000###Al Jazeera Mubasher" xmltv_id="Al Jazeera Mubasher">Al Jazeera Mubasher</channel>
    <channel update="i" site="m.whatsonarabia.com" site_id="ME Al Kahera Wal Nass##10000000011440000###Al Kahera Wal Nass" xmltv_id="Al Kahera Wal Nass">Al Kahera Wal Nass</channel>
    <channel update="i" site="m.whatsonarabia.com" site_id="ME Al Kahera Wal Nass 2##10000000011460000###Al Kahera Wal Nass 2" xmltv_id="Al Kahera Wal Nass 2">Al Kahera Wal Nass 2</channel>
    <channel update="i" site="m.whatsonarabia.com" site_id="ME Al Kass HD##10000000021030000###Al Kass HD" xmltv_id="Al Kass HD">Al Kass HD</channel>
    <channel update="i" site="m.whatsonarabia.com" site_id="ME Al Kawthar##10000000011700000###Al Kawthar" xmltv_id="Al Kawthar">Al Kawthar</channel>
    <channel update="i" site="m.whatsonarabia.com" site_id="ME Al Maghribia##10000000010100000###Al Maghribia" xmltv_id="Al Maghribia">Al Maghribia</channel>
    <channel update="i" site="m.whatsonarabia.com" site_id="ME Al Majd##10000000009870000###Al Majd" xmltv_id="Al Majd">Al Majd</channel>
    <channel update="i" site="m.whatsonarabia.com" site_id="ME Al Majd Hadeeth Nabawy##10000000011830000###Al Majd Hadeeth Nabawy" xmltv_id="Al Majd Hadeeth Nabawy">Al Majd Hadeeth Nabawy</channel>
    <channel update="i" site="m.whatsonarabia.com" site_id="ME Al Majd Kids##10000000011910000###Al Majd Kids" xmltv_id="Al Majd Kids">Al Majd Kids</channel>
    <channel update="i" site="m.whatsonarabia.com" site_id="ME Al Majd Quran##10000000011840000###Al Majd Quran" xmltv_id="Al Majd Quran">Al Majd Quran</channel>
    <channel update="i" site="m.whatsonarabia.com" site_id="ME Al Manar##10000000011710000###Al Manar" xmltv_id="Al Manar">Al Manar</channel>
    <channel update="i" site="m.whatsonarabia.com" site_id="ME Al Masriya##10000000009880000###Al Masriya" xmltv_id="Al Masriya">Al Masriya</channel>
    <channel update="i" site="m.whatsonarabia.com" site_id="ME Al Masriya Al Oula##10000000015620000###Al Masriya Al Oula" xmltv_id="Al Masriya Al Oula">Al Masriya Al Oula</channel>
    <channel update="i" site="m.whatsonarabia.com" site_id="ME Al Mayadeen##10000000016660000###Al Mayadeen" xmltv_id="Al Mayadeen">Al Mayadeen</channel>
    <channel update="i" site="m.whatsonarabia.com" site_id="ME Al Mehwar##10000000010400000###Al Mehwar" xmltv_id="Al Mehwar">Al Mehwar</channel>
    <channel update="i" site="m.whatsonarabia.com" site_id="ME Al Mustakillah##10000000011720000###Al Mustakillah" xmltv_id="Al Mustakillah">Al Mustakillah</channel>
    <channel update="i" site="m.whatsonarabia.com" site_id="ME Al Nahar Cinema##10000000041550000###Al Nahar Cinema" xmltv_id="Al Nahar Cinema">Al Nahar Cinema</channel>
    <channel update="i" site="m.whatsonarabia.com" site_id="ME Al Nahar Drama##10000000013960000###Al Nahar Drama" xmltv_id="Al Nahar Drama">Al Nahar Drama</channel>
    <channel update="i" site="m.whatsonarabia.com" site_id="ME Al Nahar One##10000000013940000###Al Nahar One" xmltv_id="Al Nahar One">Al Nahar One</channel>
    <channel update="i" site="m.whatsonarabia.com" site_id="ME Al Nahar One plus2##10000000013950000###Al Nahar One +2" xmltv_id="Al Nahar One +2">Al Nahar One +2</channel>
    <channel update="i" site="m.whatsonarabia.com" site_id="ME Al Nahar Sports##10000000014150000###Al Nahar Sports" xmltv_id="Al Nahar Sports">Al Nahar Sports</channel>
    <channel update="i" site="m.whatsonarabia.com" site_id="ME Al Qudous##10000000011850000###Al Qudous" xmltv_id="Al Qudous">Al Qudous</channel>
    <channel update="i" site="m.whatsonarabia.com" site_id="ME Al Rafiden##10000000011990000###Al Rafiden" xmltv_id="Al Rafiden">Al Rafiden</channel>
    <channel update="i" site="m.whatsonarabia.com" site_id="ME AL Rai##10000000008040000###AL Rai" xmltv_id="AL Rai">AL Rai</channel>
    <channel update="i" site="m.whatsonarabia.com" site_id="ME Al Rayan##10000000013980000###Al Rayan" xmltv_id="Al Rayan">Al Rayan</channel>
    <channel update="i" site="m.whatsonarabia.com" site_id="ME Al Resalah TV##10000000009900000###Al Resalah TV" xmltv_id="Al Resalah TV">Al Resalah TV</channel>
    <channel update="i" site="m.whatsonarabia.com" site_id="ME Al Saeeda##10000000012010000###Al Saeeda" xmltv_id="Al Saeeda">Al Saeeda</channel>
    <channel update="i" site="m.whatsonarabia.com" site_id="ME Al Safwa##10000000015590000###Al Safwa" xmltv_id="Al Safwa">Al Safwa</channel>
    <channel update="i" site="m.whatsonarabia.com" site_id="ME Al Saha##10000000011860000###Al Saha" xmltv_id="Al Saha">Al Saha</channel>
    <channel update="i" site="m.whatsonarabia.com" site_id="ME Al Sharqiya##10000000009910000###Al Sharqiya" xmltv_id="Al Sharqiya">Al Sharqiya</channel>
    <channel update="i" site="m.whatsonarabia.com" site_id="ME Al Shorooq##10000000011730000###Al Shorooq" xmltv_id="Al Shorooq">Al Shorooq</channel>
    <channel update="i" site="m.whatsonarabia.com" site_id="ME Al Thamenah Tamazight##10000000017010000###Al Thamenah Tamazight" xmltv_id="Al Thamenah Tamazight">Al Thamenah Tamazight</channel>
    <channel update="i" site="m.whatsonarabia.com" site_id="ME Al Thuraya TV##10000000019320000###Al Thuraya TV" xmltv_id="Al Thuraya TV">Al Thuraya TV</channel>
    <channel update="i" site="m.whatsonarabia.com" site_id="WOA Al Turkmenia TV##10000000020330000###Al Turkmenia TV" xmltv_id="Al Turkmenia TV">Al Turkmenia TV</channel>
    <channel update="i" site="m.whatsonarabia.com" site_id="ME Al Yawm##10000000015580000###Al Yawm" xmltv_id="Al Yawm">Al Yawm</channel>
    <channel update="i" site="m.whatsonarabia.com" site_id="ME Alfalstiniah##10000000017060000###Alfalstiniah" xmltv_id="Alfalstiniah">Alfalstiniah</channel>
    <channel update="i" site="m.whatsonarabia.com" site_id="ME Alpha Shop##10000000020900000###Alpha Shop" xmltv_id="Alpha Shop">Alpha Shop</channel>
    <channel update="i" site="m.whatsonarabia.com" site_id="ME Alsumaria##10000000012020000###Alsumaria" xmltv_id="Alsumaria">Alsumaria</channel>
    <channel update="i" site="m.whatsonarabia.com" site_id="ME Althanyah##10000000015630000###Althanyah" xmltv_id="Althanyah">Althanyah</channel>
    <channel update="i" site="m.whatsonarabia.com" site_id="Amrita TV##10000000001150000###Amrita TV" xmltv_id="Amrita TV">Amrita TV</channel>
    <channel update="i" site="m.whatsonarabia.com" site_id="ME ANB##10000000012030000###ANB" xmltv_id="ANB">ANB</channel>
    <channel update="i" site="m.whatsonarabia.com" site_id="WOA Animal Planet HD##10000000017890000###Animal Planet HD" xmltv_id="Animal Planet HD">Animal Planet HD</channel>
    <channel update="i" site="m.whatsonarabia.com" site_id="ME A-One Home Shopping##10000000020860000###A-One Home Shopping" xmltv_id="A-One Home Shopping">A-One Home Shopping</channel>
    <channel update="i" site="m.whatsonarabia.com" site_id="ME Arabic Series plus2##10000000015610000###Arabic Series +2" xmltv_id="Arabic Series +2">Arabic Series +2</channel>
    <channel update="i" site="m.whatsonarabia.com" site_id="ME Arabic Series Channel##10000000015600000###Arabic Series Channel" xmltv_id="Arabic Series Channel">Arabic Series Channel</channel>
    <channel update="i" site="m.whatsonarabia.com" site_id="ME Arabica Music##10000000015140000###Arabica Music" xmltv_id="Arabica Music">Arabica Music</channel>
    <channel update="i" site="m.whatsonarabia.com" site_id="WOA ARD##10000000010210000###ARD" xmltv_id="ARD">ARD</channel>
    <channel update="i" site="m.whatsonarabia.com" site_id="WOA Arirang TV##10000000010660000###Arirang TV" xmltv_id="Arirang TV">Arirang TV</channel>
    <channel update="i" site="m.whatsonarabia.com" site_id="ME Arrabia##10000000016900000###Arrabia" xmltv_id="Arrabia">Arrabia</channel>
    <channel update="i" site="m.whatsonarabia.com" site_id="ME Arriadia##10000000022520000###Arriadia" xmltv_id="Arriadia">Arriadia</channel>
    <channel update="i" site="m.whatsonarabia.com" site_id="ME ART Aflam 1##10000000015650000###ART Aflam 1" xmltv_id="ART Aflam 1">ART Aflam 1</channel>
    <channel update="i" site="m.whatsonarabia.com" site_id="ME ART Aflam 2##10000000015660000###ART Aflam 2" xmltv_id="ART Aflam 2">ART Aflam 2</channel>
    <channel update="i" site="m.whatsonarabia.com" site_id="ME ART Hekayat##10000000013120000###ART Hekayat" xmltv_id="ART Hekayat">ART Hekayat</channel>
    <channel update="i" site="m.whatsonarabia.com" site_id="ME ART Hekayat 2##10000000013270000###ART Hekayat 2" xmltv_id="ART Hekayat 2">ART Hekayat 2</channel>
    <channel update="i" site="m.whatsonarabia.com" site_id="WOA ARTE##10000000013100000###ARTE" xmltv_id="ARTE">ARTE</channel>
    <channel update="i" site="m.whatsonarabia.com" site_id="WOA ARY Digital##10000000008100000###ARY Digital" xmltv_id="ARY Digital">ARY Digital</channel>
    <channel update="i" site="m.whatsonarabia.com" site_id="WOA ARY Musik##10000000014950000###ARY Musik" xmltv_id="ARY Musik">ARY Musik</channel>
    <channel update="i" site="m.whatsonarabia.com" site_id="WOA ARY News##10000000014170000###ARY News" xmltv_id="ARY News">ARY News</channel>
    <channel update="i" site="m.whatsonarabia.com" site_id="WOA ARY QTV##10000000014960000###ARY QTV" xmltv_id="ARY QTV">ARY QTV</channel>
    <channel update="i" site="m.whatsonarabia.com" site_id="WOA ARY Zauq##10000000014940000###ARY Zauq" xmltv_id="ARY Zauq">ARY Zauq</channel>
    <channel update="i" site="m.whatsonarabia.com" site_id="Asianet Middle East##10000000005770000###Asianet Middle East" xmltv_id="Asianet Middle East">Asianet Middle East</channel>
    <channel update="i" site="m.whatsonarabia.com" site_id="Asianet News##10000000001490000###Asianet News" xmltv_id="Asianet News">Asianet News</channel>
    <channel update="i" site="m.whatsonarabia.com" site_id="WOA ASN Shop##10000000021000000###ASN Shop" xmltv_id="ASN Shop">ASN Shop</channel>
    <channel update="i" site="m.whatsonarabia.com" site_id="ME Assadisa##10000000022530000###Assadisa" xmltv_id="Assadisa">Assadisa</channel>
    <channel update="i" site="m.whatsonarabia.com" site_id="WOA AZTV##10000000022540000###AZTV" xmltv_id="AZTV">AZTV</channel>
    <channel update="i" site="m.whatsonarabia.com" site_id="WOA B4U Aflam##10000000007870000###B4U Aflam" xmltv_id="B4U Aflam">B4U Aflam</channel>
    <channel update="i" site="m.whatsonarabia.com" site_id="WOA B4U Plus##10000000014030000###B4U Plus" xmltv_id="B4U Plus">B4U Plus</channel>
    <channel update="i" site="m.whatsonarabia.com" site_id="WOA Baby TV##10000000013210000###Baby TV" xmltv_id="Baby TV">Baby TV</channel>
    <channel update="i" site="m.whatsonarabia.com" site_id="ME Bahrain Quran##10000000020910000###Bahrain Quran" xmltv_id="Bahrain Quran">Bahrain Quran</channel>
    <channel update="i" site="m.whatsonarabia.com" site_id="ME Bahrain Sport 1##10000000017480000###Bahrain Sport 1" xmltv_id="Bahrain Sport 1">Bahrain Sport 1</channel>
    <channel update="i" site="m.whatsonarabia.com" site_id="ME Baraem##10000000008120000###Baraem" xmltv_id="Baraem">Baraem</channel>
    <channel update="i" site="m.whatsonarabia.com" site_id="ME BBC Arabic##10000000008130000###BBC Arabic" xmltv_id="BBC Arabic">BBC Arabic</channel>
    <channel update="i" site="m.whatsonarabia.com" site_id="WOA BBC Entertainment##10000000017900000###BBC Entertainment" xmltv_id="BBC Entertainment">BBC Entertainment</channel>
    <channel update="i" site="m.whatsonarabia.com" site_id="WOA FTP BBC Lifestyle##10000000017910000###BBC Lifestyle" xmltv_id="BBC Lifestyle">BBC Lifestyle</channel>
    <channel update="i" site="m.whatsonarabia.com" site_id="WOA BBC Persian##10000000008140000###BBC Persian" xmltv_id="BBC Persian">BBC Persian</channel>
    <channel update="i" site="m.whatsonarabia.com" site_id="BBC World News##10000000000750000###BBC World News" xmltv_id="BBC World News">BBC World News</channel>
    <channel update="i" site="m.whatsonarabia.com" site_id="WOA beIN Sports 1##10000000011590000###beIN Sports 1" xmltv_id="beIN Sports 1">beIN Sports 1</channel>
    <channel update="i" site="m.whatsonarabia.com" site_id="WOA beIN Sports 11 HD##10000000019040000###beIN Sports 11 HD" xmltv_id="beIN Sports 11 HD">beIN Sports 11 HD</channel>
    <channel update="i" site="m.whatsonarabia.com" site_id="WOA beIN Sports 12 HD##10000000019050000###beIN Sports 12 HD" xmltv_id="beIN Sports 12 HD">beIN Sports 12 HD</channel>
    <channel update="i" site="m.whatsonarabia.com" site_id="WOA beIN Sports 13 HD##10000000019060000###beIN Sports 13 HD" xmltv_id="beIN Sports 13 HD">beIN Sports 13 HD</channel>
    <channel update="i" site="m.whatsonarabia.com" site_id="WOA beIN Sports 14 HD##10000000019070000###beIN Sports 14 HD" xmltv_id="beIN Sports 14 HD">beIN Sports 14 HD</channel>
    <channel update="i" site="m.whatsonarabia.com" site_id="WOA beIN Sports 15 HD##10000000019080000###beIN Sports 15 HD" xmltv_id="beIN Sports 15 HD">beIN Sports 15 HD</channel>
    <channel update="i" site="m.whatsonarabia.com" site_id="WOA beIN Sports 1HD##10000000011960000###beIN Sports 1HD" xmltv_id="beIN Sports 1HD">beIN Sports 1HD</channel>
    <channel update="i" site="m.whatsonarabia.com" site_id="WOA beIN Sports 2##10000000011610000###beIN Sports 2" xmltv_id="beIN Sports 2">beIN Sports 2</channel>
    <channel update="i" site="m.whatsonarabia.com" site_id="WOA beIN Sports 2HD##10000000011970000###beIN Sports 2HD" xmltv_id="beIN Sports 2HD">beIN Sports 2HD</channel>
    <channel update="i" site="m.whatsonarabia.com" site_id="WOA beIN Sports 3##10000000012110000###beIN Sports 3" xmltv_id="beIN Sports 3">beIN Sports 3</channel>
    <channel update="i" site="m.whatsonarabia.com" site_id="WOA beIN Sports 4##10000000011620000###beIN Sports 4" xmltv_id="beIN Sports 4">beIN Sports 4</channel>
    <channel update="i" site="m.whatsonarabia.com" site_id="WOA beIN Sports 5##10000000011630000###beIN Sports 5" xmltv_id="beIN Sports 5">beIN Sports 5</channel>
    <channel update="i" site="m.whatsonarabia.com" site_id="WOA beIN Sports HD##10000000011690000###beIN Sports HD" xmltv_id="beIN Sports HD">beIN Sports HD</channel>
    <channel update="i" site="m.whatsonarabia.com" site_id="WOA beIN Sports News##10000000011820000###beIN Sports News" xmltv_id="beIN Sports News">beIN Sports News</channel>
    <channel update="i" site="m.whatsonarabia.com" site_id="Bindass##10000000002710000###Bindass" xmltv_id="Bindass">Bindass</channel>
    <channel update="i" site="m.whatsonarabia.com" site_id="WOA BNTV##10000000020340000###BNTV" xmltv_id="BNTV">BNTV</channel>
    <channel update="i" site="m.whatsonarabia.com" site_id="WOA BVN##10000000013250000###BVN" xmltv_id="BVN">BVN</channel>
    <channel update="i" site="m.whatsonarabia.com" site_id="ME Cairo Cinema##10000000017050000###Cairo Cinema" xmltv_id="Cairo Cinema">Cairo Cinema</channel>
    <channel update="i" site="m.whatsonarabia.com" site_id="ME Cairo Drama##10000000015450000###Cairo Drama" xmltv_id="Cairo Drama">Cairo Drama</channel>
    <channel update="i" site="m.whatsonarabia.com" site_id="ME Canal Atlas##10000000020920000###Canal Atlas" xmltv_id="Canal Atlas">Canal Atlas</channel>
    <channel update="i" site="m.whatsonarabia.com" site_id="WOA Canal24 Horas##10000000010320000###Canal24 Horas" xmltv_id="Canal24 Horas">Canal24 Horas</channel>
    <channel update="i" site="m.whatsonarabia.com" site_id="WOA Canale 5##10000000013110000###Canale 5" xmltv_id="Canale 5">Canale 5</channel>
    <channel update="i" site="m.whatsonarabia.com" site_id="WOA Carousel International##10000000014740000###Carousel International" xmltv_id="Carousel International">Carousel International</channel>
    <channel update="i" site="m.whatsonarabia.com" site_id="ME Cartoon Network Arabic##10000000008150000###Cartoon Network Arabic" xmltv_id="Cartoon Network Arabic">Cartoon Network Arabic</channel>
    <channel update="i" site="m.whatsonarabia.com" site_id="ME CBC##10000000010460000###CBC" xmltv_id="CBC">CBC</channel>
    <channel update="i" site="m.whatsonarabia.com" site_id="ME CBC Drama##10000000013130000###CBC Drama" xmltv_id="CBC Drama">CBC Drama</channel>
    <channel update="i" site="m.whatsonarabia.com" site_id="ME CBC Sofra##10000000016770000###CBC Sofra" xmltv_id="CBC Sofra">CBC Sofra</channel>
    <channel update="i" site="m.whatsonarabia.com" site_id="WOA CCTV 4##10000000010130000###CCTV 4" xmltv_id="CCTV 4">CCTV 4</channel>
    <channel update="i" site="m.whatsonarabia.com" site_id="Indo CCTV News##10000000014820000###CCTV News" xmltv_id="CCTV News">CCTV News</channel>
    <channel update="i" site="m.whatsonarabia.com" site_id="WOA CGTN Russian##10000000010330000###CGTN Russian" xmltv_id="CGTN Russian">CGTN Russian</channel>
    <channel update="i" site="m.whatsonarabia.com" site_id="WOA Chaine Inter##10000000019900000###Chaine Inter" xmltv_id="Chaine Inter">Chaine Inter</channel>
    <channel update="i" site="m.whatsonarabia.com" site_id="Channel News Asia##10000000036670000###Channel News Asia" xmltv_id="Channel News Asia">Channel News Asia</channel>
    <channel update="i" site="m.whatsonarabia.com" site_id="Channel One##10000000002940000###Channel One" xmltv_id="Channel One">Channel One</channel>
    <channel update="i" site="m.whatsonarabia.com" site_id="WOA Channel V China##10000000014130000###Channel V Chinese" xmltv_id="Channel V Chinese">Channel V Chinese</channel>
    <channel update="i" site="m.whatsonarabia.com" site_id="WOA Check-Inn TV##10000000021970000###Check-Inn TV" xmltv_id="Check-Inn TV">Check-Inn TV</channel>
    <channel update="i" site="m.whatsonarabia.com" site_id="ME Cinema 1##10000000016840000###Cinema 1" xmltv_id="Cinema 1">Cinema 1</channel>
    <channel update="i" site="m.whatsonarabia.com" site_id="ME Cinema 2##10000000016870000###Cinema 2" xmltv_id="Cinema 2">Cinema 2</channel>
    <channel update="i" site="m.whatsonarabia.com" site_id="WOA Cinema One Global##10000000008180000###Cinema One Global" xmltv_id="Cinema One Global">Cinema One Global</channel>
    <channel update="i" site="m.whatsonarabia.com" site_id="WOA City7 TV##10000000010840000###City7 TV" xmltv_id="City7 TV">City7 TV</channel>
    <channel update="i" site="m.whatsonarabia.com" site_id="WOA C-Music TV##10000000020360000###C-Music TV" xmltv_id="C-Music TV">C-Music TV</channel>
    <channel update="i" site="m.whatsonarabia.com" site_id="ME CNBC Arabiya##10000000008190000###CNBC Arabiya" xmltv_id="CNBC Arabiya">CNBC Arabiya</channel>
    <channel update="i" site="m.whatsonarabia.com" site_id="CNN International##10000000000770000###CNN" xmltv_id="CNN">CNN</channel>
    <channel update="i" site="m.whatsonarabia.com" site_id="WOA Colors##10000000006680000###Colors" xmltv_id="Colors">Colors</channel>
    <channel update="i" site="m.whatsonarabia.com" site_id="WOA FTP Crime &amp; Investigation##10000000018840000###Crime &amp; Investigation" xmltv_id="Crime &amp; Investigation">Crime &amp; Investigation</channel>
    <channel update="i" site="m.whatsonarabia.com" site_id="WOA CTC International##10000000019340000###CTC International" xmltv_id="CTC International">CTC International</channel>
    <channel update="i" site="m.whatsonarabia.com" site_id="WOA Dawn News##10000000010160000###Dawn News" xmltv_id="Dawn News">Dawn News</channel>
    <channel update="i" site="m.whatsonarabia.com" site_id="WOA Deepam TV##10000000008210000###Deepam TV" xmltv_id="Deepam TV">Deepam TV</channel>
    <channel update="i" site="m.whatsonarabia.com" site_id="WOA Dena##10000000020350000###Dena" xmltv_id="Dena">Dena</channel>
    <channel update="i" site="m.whatsonarabia.com" site_id="WOA Detski Mir TV##10000000014730000###Detski Mir TV" xmltv_id="Detski Mir TV">Detski Mir TV</channel>
    <channel update="i" site="m.whatsonarabia.com" site_id="WOA Discovery Channel HD##10000000017950000###Discovery Channel HD" xmltv_id="Discovery Channel HD">Discovery Channel HD</channel>
    <channel update="i" site="m.whatsonarabia.com" site_id="WOA FTP Discovery ID##10000000017880000###Discovery ID" xmltv_id="Discovery ID">Discovery ID</channel>
    <channel update="i" site="m.whatsonarabia.com" site_id="WOA FTP Discovery Science HD##10000000017970000###Discovery Science HD" xmltv_id="Discovery Science HD">Discovery Science HD</channel>
    <channel update="i" site="m.whatsonarabia.com" site_id="WOA FTP Discovery World##10000000017920000###Discovery World" xmltv_id="Discovery World">Discovery World</channel>
    <channel update="i" site="m.whatsonarabia.com" site_id="WOA Disney Channel##10000000017930000###Disney Channel" xmltv_id="Disney Channel">Disney Channel</channel>
    <channel update="i" site="m.whatsonarabia.com" site_id="WOA FTP Disney Junior##10000000017940000###Disney Junior" xmltv_id="Disney Junior">Disney Junior</channel>
    <channel update="i" site="m.whatsonarabia.com" site_id="WOA FTP Disney XD##10000000017960000###Disney XD" xmltv_id="Disney XD">Disney XD</channel>
    <channel update="i" site="m.whatsonarabia.com" site_id="WOA DocuBox HD##10000000022050000###DocuBox HD" xmltv_id="DocuBox HD">DocuBox HD</channel>
    <channel update="i" site="m.whatsonarabia.com" site_id="WOA Drama USA##10000000022160000###Drama USA" xmltv_id="Drama USA">Drama USA</channel>
    <channel update="i" site="m.whatsonarabia.com" site_id="ME Dream TV##10000000009940000###Dream TV" xmltv_id="Dream TV">Dream TV</channel>
    <channel update="i" site="m.whatsonarabia.com" site_id="WOA du Live!##10000000015120000###du Live!" xmltv_id="du Live!">du Live!</channel>
    <channel update="i" site="m.whatsonarabia.com" site_id="ME Dubai Al Oula##10000000008260000###Dubai Al Oula" xmltv_id="Dubai Al Oula">Dubai Al Oula</channel>
    <channel update="i" site="m.whatsonarabia.com" site_id="ME Dubai Holy Quran##10000000020930000###Dubai Holy Quran" xmltv_id="Dubai Holy Quran">Dubai Holy Quran</channel>
    <channel update="i" site="m.whatsonarabia.com" site_id="WOA Dubai One##10000000008220000###Dubai One" xmltv_id="Dubai One">Dubai One</channel>
    <channel update="i" site="m.whatsonarabia.com" site_id="ME Dubai Racing##10000000008230000###Dubai Racing" xmltv_id="Dubai Racing">Dubai Racing</channel>
    <channel update="i" site="m.whatsonarabia.com" site_id="ME Dubai Sports 1##10000000007860000###Dubai Sports 1" xmltv_id="Dubai Sports 1">Dubai Sports 1</channel>
    <channel update="i" site="m.whatsonarabia.com" site_id="ME Dubai Sports 1 HD##10000000008250000###Dubai Sports 1 HD" xmltv_id="Dubai Sports 1 HD">Dubai Sports 1 HD</channel>
    <channel update="i" site="m.whatsonarabia.com" site_id="ME Dubai Sports 2##10000000008240000###Dubai Sports 2" xmltv_id="Dubai Sports 2">Dubai Sports 2</channel>
    <channel update="i" site="m.whatsonarabia.com" site_id="WOA Dunya News##10000000023060000###Dunya News" xmltv_id="Dunya News">Dunya News</channel>
    <channel update="i" site="m.whatsonarabia.com" site_id="ME DW Arabia##10000000012120000###DW Arabia" xmltv_id="DW Arabia">DW Arabia</channel>
    <channel update="i" site="m.whatsonarabia.com" site_id="WOA DZMM Teleradyo##10000000011410000###DZMM Teleradyo" xmltv_id="DZMM Teleradyo">DZMM Teleradyo</channel>
    <channel update="i" site="m.whatsonarabia.com" site_id="WOA Euro Sports News##10000000008300000###Euro Sports News" xmltv_id="Euro Sports News">Euro Sports News</channel>
  </channels>
</site>
