<?xml version="1.0" encoding="UTF-8"?>
<site generator-info-name="WebGrab+Plus/w MDB &amp; REX Postprocess -- version  V2.1 -- Jan van Straaten" site="mi.tv">
  <channels>
    <channel update="i" site="mi.tv" site_id="ar_24-7-canal-de-noticias" xmltv_id="24/7 Canal de Noticias">24/7 Canal de Noticias</channel>
    <channel update="i" site="mi.tv" site_id="ar_26-tv" xmltv_id="26 TV">26 TV</channel>
    <channel update="i" site="mi.tv" site_id="ar_360-tv" xmltv_id="360tv">360tv</channel>
    <channel update="i" site="mi.tv" site_id="ar_a-e-mundo" xmltv_id="A&amp;E Mundo">A&amp;E Mundo</channel>
    <channel update="i" site="mi.tv" site_id="ar_america-24" xmltv_id="A24">A24</channel>
    <channel update="i" site="mi.tv" site_id="ar_amc" xmltv_id="AMC">AMC</channel>
    <channel update="i" site="mi.tv" site_id="ar_america-sports" xmltv_id="América Sports">América Sports</channel>
    <channel update="i" site="mi.tv" site_id="ar_america-2-capital" xmltv_id="América TV">América TV</channel>
    <channel update="i" site="mi.tv" site_id="ar_animal-planet" xmltv_id="Animal Planet">Animal Planet</channel>
    <channel update="i" site="mi.tv" site_id="ar_argentinisima-satelital" xmltv_id="Argentinísima Satelital">Argentinísima Satelital</channel>
    <channel update="i" site="mi.tv" site_id="ar_atreseries" xmltv_id="Atreseries">Atreseries</channel>
    <channel update="i" site="mi.tv" site_id="ar_axn" xmltv_id="AXN">AXN</channel>
    <channel update="i" site="mi.tv" site_id="ar_az-corazon" xmltv_id="Az Corazón">Az Corazón</channel>
    <channel update="i" site="mi.tv" site_id="ar_bbc-hd-hybrid" xmltv_id="BBC HD">BBC HD</channel>
    <channel update="i" site="mi.tv" site_id="ar_bloomberg" xmltv_id="Bloomberg">Bloomberg</channel>
    <channel update="i" site="mi.tv" site_id="ar_boomerang-cartoon" xmltv_id="Boomerang Cartoon">Boomerang Cartoon</channel>
    <channel update="i" site="mi.tv" site_id="ar_c5n" xmltv_id="C5N">C5N</channel>
    <channel update="i" site="mi.tv" site_id="ar_canal-7-hd" xmltv_id="Canal 7 HD">Canal 7 HD</channel>
    <channel update="i" site="mi.tv" site_id="ar_canal-9" xmltv_id="Canal 9">Canal 9</channel>
    <channel update="i" site="mi.tv" site_id="ar_canal-10-de-cordoba" xmltv_id="Canal 10 Córdoba">Canal 10 Córdoba</channel>
    <channel update="i" site="mi.tv" site_id="ar_canal-a" xmltv_id="Canal A">Canal A</channel>
    <channel update="i" site="mi.tv" site_id="ar_ciudad-abierta" xmltv_id="Canal de la Ciudad">Canal de la Ciudad</channel>
    <channel update="i" site="mi.tv" site_id="ar_canal-de-la-musica" xmltv_id="Canal de la Musica">Canal de la Musica</channel>
    <channel update="i" site="mi.tv" site_id="ar_canal-de-las-estrellas" xmltv_id="Canal de las Estrellas">Canal de las Estrellas</channel>
    <channel update="i" site="mi.tv" site_id="ar_canal-luz" xmltv_id="Canal Luz">Canal Luz</channel>
    <channel update="i" site="mi.tv" site_id="ar_canal-orbe-21" xmltv_id="Canal Orbe 21">Canal Orbe 21</channel>
    <channel update="i" site="mi.tv" site_id="ar_canal-rural" xmltv_id="Canal Rural">Canal Rural</channel>
    <channel update="i" site="mi.tv" site_id="ar_cartoon-network" xmltv_id="Cartoon Network">Cartoon Network</channel>
    <channel update="i" site="mi.tv" site_id="ar_cba-24n" xmltv_id="CBA 24N">CBA 24N</channel>
    <channel update="i" site="mi.tv" site_id="ar_cinecanal" xmltv_id="Cinecanal">Cinecanal</channel>
    <channel update="i" site="mi.tv" site_id="ar_cine-latino" xmltv_id="Cinelatino">Cinelatino</channel>
    <channel update="i" site="mi.tv" site_id="ar_cinemax" xmltv_id="Cinemax">Cinemax</channel>
    <channel update="i" site="mi.tv" site_id="ar_cinemax-sur" xmltv_id="Cinemax Sur">Cinemax Sur</channel>
    <channel update="i" site="mi.tv" site_id="ar_cn-23" xmltv_id="CN23">CN23</channel>
    <channel update="i" site="mi.tv" site_id="ar_cnn" xmltv_id="CNN">CNN</channel>
    <channel update="i" site="mi.tv" site_id="ar_cnn-en-espanol" xmltv_id="CNN en Español">CNN en Español</channel>
    <channel update="i" site="mi.tv" site_id="ar_comedy-central" xmltv_id="Comedy Central">Comedy Central</channel>
    <channel update="i" site="mi.tv" site_id="ar_conexion-educativa" xmltv_id="Conexión Educativa">Conexión Educativa</channel>
    <channel update="i" site="mi.tv" site_id="ar_construir" xmltv_id="Construir TV">Construir TV</channel>
    <channel update="i" site="mi.tv" site_id="ar_de-pelicula" xmltv_id="De Película">De Película</channel>
    <channel update="i" site="mi.tv" site_id="ar_discovery" xmltv_id="Discovery Channel">Discovery Channel</channel>
    <channel update="i" site="mi.tv" site_id="ar_discovery-civilization" xmltv_id="Discovery Civilization">Discovery Civilization</channel>
    <channel update="i" site="mi.tv" site_id="ar_discovery-hd-charvz" xmltv_id="Discovery HD">Discovery HD</channel>
    <channel update="i" site="mi.tv" site_id="ar_discovery-home-and-health" xmltv_id="Discovery Home &amp; Health">Discovery Home &amp; Health</channel>
    <channel update="i" site="mi.tv" site_id="ar_discovery-kids" xmltv_id="Discovery Kids">Discovery Kids</channel>
    <channel update="i" site="mi.tv" site_id="ar_discovery-science" xmltv_id="Discovery Science">Discovery Science</channel>
    <channel update="i" site="mi.tv" site_id="ar_discovery-hd-theater" xmltv_id="Discovery Theater HD">Discovery Theater HD</channel>
    <channel update="i" site="mi.tv" site_id="ar_discovery-turbo" xmltv_id="Discovery Turbo">Discovery Turbo</channel>
    <channel update="i" site="mi.tv" site_id="ar_discovery-world-hd" xmltv_id="Discovery World HD">Discovery World HD</channel>
    <channel update="i" site="mi.tv" site_id="ar_disney" xmltv_id="Disney Channel">Disney Channel</channel>
    <channel update="i" site="mi.tv" site_id="ar_disney-jr" xmltv_id="Disney Junior">Disney Junior</channel>
    <channel update="i" site="mi.tv" site_id="ar_dxtv" xmltv_id="DXTV">DXTV</channel>
    <channel update="i" site="mi.tv" site_id="ar_entertainment" xmltv_id="E!">E!</channel>
    <channel update="i" site="mi.tv" site_id="ar_el-doce" xmltv_id="El Doce">El Doce</channel>
    <channel update="i" site="mi.tv" site_id="ar_el-garage" xmltv_id="El Garage">El Garage</channel>
    <channel update="i" site="mi.tv" site_id="ar_el-gourmet" xmltv_id="elgourmet">elgourmet</channel>
    <channel update="i" site="mi.tv" site_id="ar_el-trece" xmltv_id="El Trece">El Trece</channel>
    <channel update="i" site="mi.tv" site_id="ar_encuentro" xmltv_id="Encuentro">Encuentro</channel>
    <channel update="i" site="mi.tv" site_id="ar_espn" xmltv_id="ESPN">ESPN</channel>
    <channel update="i" site="mi.tv" site_id="ar_espn-1" xmltv_id="ESPN +">ESPN +</channel>
    <channel update="i" site="mi.tv" site_id="ar_espn-2" xmltv_id="ESPN 2">ESPN 2</channel>
    <channel update="i" site="mi.tv" site_id="ar_espn-3" xmltv_id="ESPN 3">ESPN 3</channel>
    <channel update="i" site="mi.tv" site_id="ar_europa-europa" xmltv_id="Europa Europa">Europa Europa</channel>
    <channel update="i" site="mi.tv" site_id="ar_ewtn" xmltv_id="EWTN">EWTN</channel>
    <channel update="i" site="mi.tv" site_id="ar_film-arts" xmltv_id="Film&amp;Arts">Film&amp;Arts</channel>
    <channel update="i" site="mi.tv" site_id="ar_film-zone" xmltv_id="Film Zone">Film Zone</channel>
    <channel update="i" site="mi.tv" site_id="ar_fox" xmltv_id="FOX">FOX</channel>
    <channel update="i" site="mi.tv" site_id="ar_fox-1-este" xmltv_id="FOX 1 Este">FOX 1 Este</channel>
    <channel update="i" site="mi.tv" site_id="ar_fox-1-hd" xmltv_id="FOX 1 HD">FOX 1 HD</channel>
    <channel update="i" site="mi.tv" site_id="ar_fox-1-oeste" xmltv_id="FOX 1 Oeste">FOX 1 Oeste</channel>
    <channel update="i" site="mi.tv" site_id="ar_fox-action" xmltv_id="FOX Action">FOX Action</channel>
    <channel update="i" site="mi.tv" site_id="ar_fox-action-hd" xmltv_id="FOX Action HD">FOX Action HD</channel>
    <channel update="i" site="mi.tv" site_id="ar_fox-action-oeste" xmltv_id="FOX Action Oeste">FOX Action Oeste</channel>
    <channel update="i" site="mi.tv" site_id="ar_fox-cinema" xmltv_id="FOX Cinema">FOX Cinema</channel>
    <channel update="i" site="mi.tv" site_id="ar_fox-classics" xmltv_id="FOX Classics">FOX Classics</channel>
    <channel update="i" site="mi.tv" site_id="ar_fox-comedy-hd" xmltv_id="FOX Comedy HD">FOX Comedy HD</channel>
    <channel update="i" site="mi.tv" site_id="ar_fox-family" xmltv_id="FOX Family">FOX Family</channel>
    <channel update="i" site="mi.tv" site_id="ar_fox-family-hd" xmltv_id="FOX Family HD">FOX Family HD</channel>
    <channel update="i" site="mi.tv" site_id="ar_fox-family-oeste" xmltv_id="FOX Family Oeste">FOX Family Oeste</channel>
    <channel update="i" site="mi.tv" site_id="ar_fox-hd" xmltv_id="FOX HD">FOX HD</channel>
    <channel update="i" site="mi.tv" site_id="ar_fox-life" xmltv_id="FOX Life">FOX Life</channel>
    <channel update="i" site="mi.tv" site_id="ar_fox-movies" xmltv_id="FOX Movies">FOX Movies</channel>
    <channel update="i" site="mi.tv" site_id="ar_fox-movies-hd" xmltv_id="FOX Movies HD">FOX Movies HD</channel>
    <channel update="i" site="mi.tv" site_id="ar_fox-sports-2" xmltv_id="FOX Sports 2">FOX Sports 2</channel>
    <channel update="i" site="mi.tv" site_id="ar_fox-sports-3" xmltv_id="FOX Sports 3">FOX Sports 3</channel>
    <channel update="i" site="mi.tv" site_id="ar_fox-sports-cono-sur-capital" xmltv_id="FOX Sports Cono Sur">FOX Sports Cono Sur</channel>
    <channel update="i" site="mi.tv" site_id="ar_fox-sports-hd" xmltv_id="FOX Sports HD">FOX Sports HD</channel>
    <channel update="i" site="mi.tv" site_id="ar_fx" xmltv_id="FX">FX</channel>
    <channel update="i" site="mi.tv" site_id="ar_galicia-tv" xmltv_id="Galicia TV">Galicia TV</channel>
    <channel update="i" site="mi.tv" site_id="ar_glitz" xmltv_id="Glitz">Glitz</channel>
    <channel update="i" site="mi.tv" site_id="ar_golden" xmltv_id="Golden">Golden</channel>
    <channel update="i" site="mi.tv" site_id="ar_golden-edge" xmltv_id="Golden Edge">Golden Edge</channel>
    <channel update="i" site="mi.tv" site_id="ar_h2" xmltv_id="H2">H2</channel>
    <channel update="i" site="mi.tv" site_id="ar_hapsa" xmltv_id="HAPSATV">HAPSATV</channel>
    <channel update="i" site="mi.tv" site_id="ar_hbo" xmltv_id="HBO">HBO</channel>
    <channel update="i" site="mi.tv" site_id="ar_hbo-2" xmltv_id="HBO 2">HBO 2</channel>
    <channel update="i" site="mi.tv" site_id="ar_hbo-2-hd" xmltv_id="HBO 2 HD">HBO 2 HD</channel>
    <channel update="i" site="mi.tv" site_id="ar_hbo-family" xmltv_id="HBO Family">HBO Family</channel>
    <channel update="i" site="mi.tv" site_id="ar_hbo-family-hd" xmltv_id="HBO Family HD">HBO Family HD</channel>
    <channel update="i" site="mi.tv" site_id="ar_hbo-hd-este" xmltv_id="HBO HD Este">HBO HD Este</channel>
    <channel update="i" site="mi.tv" site_id="ar_hbo-oeste" xmltv_id="HBO Oeste">HBO Oeste</channel>
    <channel update="i" site="mi.tv" site_id="ar_hbo-oeste-hd" xmltv_id="HBO Oeste HD">HBO Oeste HD</channel>
    <channel update="i" site="mi.tv" site_id="ar_hbo-plus-este" xmltv_id="HBO Plus Este">HBO Plus Este</channel>
    <channel update="i" site="mi.tv" site_id="ar_hbo-plus-panamericano-hd" xmltv_id="HBO Plus Panamericano HD">HBO Plus Panamericano HD</channel>
    <channel update="i" site="mi.tv" site_id="ar_hbo-plus-pan-regional" xmltv_id="HBO Plus Panregional">HBO Plus Panregional</channel>
    <channel update="i" site="mi.tv" site_id="ar_hbo-plus-pan-regional-hd" xmltv_id="HBO Plus Panregional HD">HBO Plus Panregional HD</channel>
    <channel update="i" site="mi.tv" site_id="ar_hbo-signature" xmltv_id="HBO Signature">HBO Signature</channel>
    <channel update="i" site="mi.tv" site_id="ar_hbo-signature-hd" xmltv_id="HBO Signature HD">HBO Signature HD</channel>
    <channel update="i" site="mi.tv" site_id="ar_hispan-tv" xmltv_id="HispanTV">HispanTV</channel>
    <channel update="i" site="mi.tv" site_id="ar_history" xmltv_id="History">History</channel>
    <channel update="i" site="mi.tv" site_id="ar_hola-tv" xmltv_id="Hola TV">Hola TV</channel>
    <channel update="i" site="mi.tv" site_id="ar_htv" xmltv_id="HTV">HTV</channel>
    <channel update="i" site="mi.tv" site_id="ar_i-sat" xmltv_id="I-SAT">I-SAT</channel>
    <channel update="i" site="mi.tv" site_id="ar_incaa-tv" xmltv_id="INCAA TV">INCAA TV</channel>
    <channel update="i" site="mi.tv" site_id="ar_investigation-discovery" xmltv_id="Investigation Discovery">Investigation Discovery</channel>
    <channel update="i" site="mi.tv" site_id="ar_lifetime" xmltv_id="Lifetime">Lifetime</channel>
    <channel update="i" site="mi.tv" site_id="ar_magazine" xmltv_id="Magazine">Magazine</channel>
    <channel update="i" site="mi.tv" site_id="ar_max" xmltv_id="Max">Max</channel>
    <channel update="i" site="mi.tv" site_id="ar_max-prime" xmltv_id="Max Prime">Max Prime</channel>
    <channel update="i" site="mi.tv" site_id="ar_max-prime-o" xmltv_id="Max Prime O">Max Prime O</channel>
    <channel update="i" site="mi.tv" site_id="ar_max-prime-panamericano-hd" xmltv_id="Max Prime Panamericano HD">Max Prime Panamericano HD</channel>
    <channel update="i" site="mi.tv" site_id="ar_max-prime-panregional-hd" xmltv_id="Max Prime Panregional HD">Max Prime Panregional HD</channel>
    <channel update="i" site="mi.tv" site_id="ar_max-up" xmltv_id="Max Up">Max Up</channel>
    <channel update="i" site="mi.tv" site_id="ar_metro" xmltv_id="Metro">Metro</channel>
    <channel update="i" site="mi.tv" site_id="ar_mtv" xmltv_id="MTV">MTV</channel>
    <channel update="i" site="mi.tv" site_id="ar_mtv-hits" xmltv_id="MTV Hits">MTV Hits</channel>
    <channel update="i" site="mi.tv" site_id="ar_muchmusic" xmltv_id="MuchMusic">MuchMusic</channel>
    <channel update="i" site="mi.tv" site_id="ar_mundo-fox" xmltv_id="Mundo Fox">Mundo Fox</channel>
    <channel update="i" site="mi.tv" site_id="ar_mas-chic" xmltv_id="Más Chic">Más Chic</channel>
    <channel update="i" site="mi.tv" site_id="ar_nat-geo-wild" xmltv_id="Nat Geo Wild">Nat Geo Wild</channel>
    <channel update="i" site="mi.tv" site_id="ar_national-geographic" xmltv_id="National Geographic">National Geographic</channel>
    <channel update="i" site="mi.tv" site_id="ar_nickelodeon" xmltv_id="Nickelodeon">Nickelodeon</channel>
    <channel update="i" site="mi.tv" site_id="ar_pakapaka" xmltv_id="Pakapaka">Pakapaka</channel>
    <channel update="i" site="mi.tv" site_id="ar_paramount-channel" xmltv_id="Paramount Channel">Paramount Channel</channel>
    <channel update="i" site="mi.tv" site_id="ar_pasiones" xmltv_id="Pasiones">Pasiones</channel>
    <channel update="i" site="mi.tv" site_id="ar_penthouse" xmltv_id="Penthouse">Penthouse</channel>
    <channel update="i" site="mi.tv" site_id="ar_playboy" xmltv_id="Playboy">Playboy</channel>
    <channel update="i" site="mi.tv" site_id="ar_quiero" xmltv_id="Quiero">Quiero</channel>
    <channel update="i" site="mi.tv" site_id="ar_rai" xmltv_id="RAI">RAI</channel>
    <channel update="i" site="mi.tv" site_id="ar_russia-today-hd" xmltv_id="Russia Today HD">Russia Today HD</channel>
    <channel update="i" site="mi.tv" site_id="ar_sony" xmltv_id="Sony">Sony</channel>
    <channel update="i" site="mi.tv" site_id="ar_sony-hd" xmltv_id="Sony HD">Sony HD</channel>
    <channel update="i" site="mi.tv" site_id="ar_space" xmltv_id="Space">Space</channel>
    <channel update="i" site="mi.tv" site_id="ar_studio-universal" xmltv_id="Studio Universal">Studio Universal</channel>
    <channel update="i" site="mi.tv" site_id="ar_sundance-channel" xmltv_id="Sundance Channel">Sundance Channel</channel>
    <channel update="i" site="mi.tv" site_id="ar_sy-fy" xmltv_id="SyFy">SyFy</channel>
    <channel update="i" site="mi.tv" site_id="ar_solo-tango" xmltv_id="TangoCity">TangoCity</channel>
    <channel update="i" site="mi.tv" site_id="ar_tateti" xmltv_id="TaTeTi">TaTeTi</channel>
    <channel update="i" site="mi.tv" site_id="ar_tbs" xmltv_id="TBS">TBS</channel>
    <channel update="i" site="mi.tv" site_id="ar_tcm" xmltv_id="TCM">TCM</channel>
    <channel update="i" site="mi.tv" site_id="ar_tecnopolis" xmltv_id="Tecnópolis TV">Tecnópolis TV</channel>
    <channel update="i" site="mi.tv" site_id="ar_telefe" xmltv_id="Telefe">Telefe</channel>
    <channel update="i" site="mi.tv" site_id="ar_telemundo" xmltv_id="Telemundo">Telemundo</channel>
    <channel update="i" site="mi.tv" site_id="ar_teleocho" xmltv_id="Teleocho">Teleocho</channel>
    <channel update="i" site="mi.tv" site_id="ar_telesur" xmltv_id="teleSUR">teleSUR</channel>
    <channel update="i" site="mi.tv" site_id="ar_discovery-tlc" xmltv_id="TLC">TLC</channel>
    <channel update="i" site="mi.tv" site_id="ar_tlnovelas" xmltv_id="TLNovelas">TLNovelas</channel>
    <channel update="i" site="mi.tv" site_id="ar_tn" xmltv_id="TN">TN</channel>
    <channel update="i" site="mi.tv" site_id="ar_tnt" xmltv_id="TNT">TNT</channel>
    <channel update="i" site="mi.tv" site_id="ar_tnt-series" xmltv_id="TNT Series">TNT Series</channel>
    <channel update="i" site="mi.tv" site_id="ar_tru-tv" xmltv_id="truTV">truTV</channel>
    <channel update="i" site="mi.tv" site_id="ar_turismo-vision-argentina" xmltv_id="Turismo Visión Argentina">Turismo Visión Argentina</channel>
    <channel update="i" site="mi.tv" site_id="ar_tv-5" xmltv_id="TV 5">TV 5</channel>
    <channel update="i" site="mi.tv" site_id="ar_tve" xmltv_id="TVE">TVE</channel>
    <channel update="i" site="mi.tv" site_id="ar_tv-globo" xmltv_id="TV Globo">TV Globo</channel>
    <channel update="i" site="mi.tv" site_id="ar_tvn-chile" xmltv_id="TVN CHILE">TVN CHILE</channel>
    <channel update="i" site="mi.tv" site_id="ar_canal-7-capital" xmltv_id="TV Pública">TV Pública</channel>
    <channel update="i" site="mi.tv" site_id="ar_tyc-sports" xmltv_id="TyC Sports">TyC Sports</channel>
    <channel update="i" site="mi.tv" site_id="ar_tyc-alternativa" xmltv_id="TyC Sports 2">TyC Sports 2</channel>
    <channel update="i" site="mi.tv" site_id="ar_universal-channel" xmltv_id="Universal Channel">Universal Channel</channel>
    <channel update="i" site="mi.tv" site_id="ar_venus" xmltv_id="Venus">Venus</channel>
    <channel update="i" site="mi.tv" site_id="ar_vh1" xmltv_id="VH1">VH1</channel>
    <channel update="i" site="mi.tv" site_id="ar_vh1-soul" xmltv_id="VH1 Soul">VH1 Soul</channel>
    <channel update="i" site="mi.tv" site_id="ar_viajar" xmltv_id="Viajar">Viajar</channel>
    <channel update="i" site="mi.tv" site_id="ar_volver" xmltv_id="Volver">Volver</channel>
    <channel update="i" site="mi.tv" site_id="ar_warner-channel" xmltv_id="Warner Channel">Warner Channel</channel>
    <channel update="i" site="mi.tv" site_id="ar_zoomoo" xmltv_id="ZooMoo">ZooMoo</channel>
    <channel update="i" site="mi.tv" site_id="co_tvn-24-h" xmltv_id="24 Horas">24 Horas</channel>
    <channel update="i" site="mi.tv" site_id="co_a-e-mundo" xmltv_id="A&amp;E Mundo">A&amp;E Mundo</channel>
    <channel update="i" site="mi.tv" site_id="co_a-e-mundo-hd" xmltv_id="A&amp;E Mundo HD">A&amp;E Mundo HD</channel>
    <channel update="i" site="mi.tv" site_id="co_aliento-vision" xmltv_id="Aliento Vision">Aliento Vision</channel>
    <channel update="i" site="mi.tv" site_id="co_amc" xmltv_id="AMC">AMC</channel>
    <channel update="i" site="mi.tv" site_id="co_amc-hd" xmltv_id="AMC HD">AMC HD</channel>
    <channel update="i" site="mi.tv" site_id="co_animal-planet" xmltv_id="Animal Planet">Animal Planet</channel>
    <channel update="i" site="mi.tv" site_id="co_antena3" xmltv_id="Antena 3">Antena 3</channel>
    <channel update="i" site="mi.tv" site_id="co_axn" xmltv_id="AXN">AXN</channel>
    <channel update="i" site="mi.tv" site_id="co_axn-hd" xmltv_id="AXN HD">AXN HD</channel>
    <channel update="i" site="mi.tv" site_id="co_az-corazon" xmltv_id="Az Corazón">Az Corazón</channel>
    <channel update="i" site="mi.tv" site_id="co_az-mundo-hd" xmltv_id="Az Mundo HD">Az Mundo HD</channel>
    <channel update="i" site="mi.tv" site_id="co_azteca-13" xmltv_id="Azteca 13">Azteca 13</channel>
    <channel update="i" site="mi.tv" site_id="co_bbce" xmltv_id="BBCE">BBCE</channel>
    <channel update="i" site="mi.tv" site_id="co_bbc-world" xmltv_id="BBC World">BBC World</channel>
    <channel update="i" site="mi.tv" site_id="co_bloomberg" xmltv_id="Bloomberg">Bloomberg</channel>
    <channel update="i" site="mi.tv" site_id="co_boomerang-cartoon" xmltv_id="Boomerang Cartoon">Boomerang Cartoon</channel>
    <channel update="i" site="mi.tv" site_id="co_cablenoticias" xmltv_id="Cable Noticias">Cable Noticias</channel>
    <channel update="i" site="mi.tv" site_id="co_cali-tv" xmltv_id="CaliTV">CaliTV</channel>
    <channel update="i" site="mi.tv" site_id="co_canal-14-cali" xmltv_id="Canal 14 - Cali">Canal 14 - Cali</channel>
    <channel update="i" site="mi.tv" site_id="co_canal-c" xmltv_id="Canal C">Canal C</channel>
    <channel update="i" site="mi.tv" site_id="co_canal-capital" xmltv_id="Canal Capital">Canal Capital</channel>
    <channel update="i" site="mi.tv" site_id="co_canal-cartagena" xmltv_id="Canal Cartagena">Canal Cartagena</channel>
    <channel update="i" site="mi.tv" site_id="co_canal-de-las-estrellas" xmltv_id="Canal de las Estrellas">Canal de las Estrellas</channel>
    <channel update="i" site="mi.tv" site_id="co_canal-de-las-estrellas-hd" xmltv_id="Canal de las Estrellas HD">Canal de las Estrellas HD</channel>
    <channel update="i" site="mi.tv" site_id="co_senal-institucional-rtvc" xmltv_id="Canal Institucional">Canal Institucional</channel>
    <channel update="i" site="mi.tv" site_id="co_canal-tr3ce" xmltv_id="Canal TR3CE">Canal TR3CE</channel>
    <channel update="i" site="mi.tv" site_id="co_tro" xmltv_id="Canal TRO">Canal TRO</channel>
    <channel update="i" site="mi.tv" site_id="co_canal-u" xmltv_id="Canal U">Canal U</channel>
    <channel update="i" site="mi.tv" site_id="co_canal-uno" xmltv_id="Canal Uno">Canal Uno</channel>
    <channel update="i" site="mi.tv" site_id="co_caracol" xmltv_id="Caracol">Caracol</channel>
    <channel update="i" site="mi.tv" site_id="co_caracol-hd" xmltv_id="Caracol HD">Caracol HD</channel>
    <channel update="i" site="mi.tv" site_id="co_cartoon-network" xmltv_id="Cartoon Network">Cartoon Network</channel>
    <channel update="i" site="mi.tv" site_id="co_cbeebies" xmltv_id="CBeebies">CBeebies</channel>
    <channel update="i" site="mi.tv" site_id="co_cinecanal" xmltv_id="Cinecanal">Cinecanal</channel>
    <channel update="i" site="mi.tv" site_id="co_cinelatino" xmltv_id="Cinelatino">Cinelatino</channel>
    <channel update="i" site="mi.tv" site_id="co_cinema" xmltv_id="Cinema+">Cinema+</channel>
    <channel update="i" site="mi.tv" site_id="co_cinemax" xmltv_id="Cinemax">Cinemax</channel>
    <channel update="i" site="mi.tv" site_id="co_citytv" xmltv_id="Citytv">Citytv</channel>
    <channel update="i" site="mi.tv" site_id="co_click" xmltv_id="Click">Click</channel>
    <channel update="i" site="mi.tv" site_id="co_cnn" xmltv_id="CNN">CNN</channel>
    <channel update="i" site="mi.tv" site_id="co_cnn-en-espanol" xmltv_id="CNN en Español">CNN en Español</channel>
    <channel update="i" site="mi.tv" site_id="co_comedy-central" xmltv_id="Comedy Central">Comedy Central</channel>
    <channel update="i" site="mi.tv" site_id="co_comedy-central-hd" xmltv_id="Comedy Central HD">Comedy Central HD</channel>
    <channel update="i" site="mi.tv" site_id="co_concert-channel" xmltv_id="Concert Channel">Concert Channel</channel>
    <channel update="i" site="mi.tv" site_id="co_concert-channel-hd" xmltv_id="Concert Channel HD">Concert Channel HD</channel>
    <channel update="i" site="mi.tv" site_id="co_cosmovision" xmltv_id="Cosmovisión">Cosmovisión</channel>
    <channel update="i" site="mi.tv" site_id="co_cosmovision-hd" xmltv_id="Cosmovisión HD">Cosmovisión HD</channel>
    <channel update="i" site="mi.tv" site_id="co_cristo-vision" xmltv_id="Cristovisión">Cristovisión</channel>
    <channel update="i" site="mi.tv" site_id="co_deutsche-welle-amerika" xmltv_id="Deutsche Welle Amerika">Deutsche Welle Amerika</channel>
    <channel update="i" site="mi.tv" site_id="co_dhe" xmltv_id="DHE">DHE</channel>
    <channel update="i" site="mi.tv" site_id="co_discovery-channel" xmltv_id="Discovery Channel">Discovery Channel</channel>
    <channel update="i" site="mi.tv" site_id="co_discovery-civilization" xmltv_id="Discovery Civilization">Discovery Civilization</channel>
    <channel update="i" site="mi.tv" site_id="co_discovery-hd-lat" xmltv_id="Discovery HD">Discovery HD</channel>
    <channel update="i" site="mi.tv" site_id="co_discovery-home-and-health" xmltv_id="Discovery Home &amp; Health">Discovery Home &amp; Health</channel>
    <channel update="i" site="mi.tv" site_id="co_discovery-kids" xmltv_id="Discovery Kids">Discovery Kids</channel>
    <channel update="i" site="mi.tv" site_id="co_discovery-kids-hd" xmltv_id="Discovery Kids HD">Discovery Kids HD</channel>
    <channel update="i" site="mi.tv" site_id="co_discovery-science" xmltv_id="Discovery Science">Discovery Science</channel>
    <channel update="i" site="mi.tv" site_id="co_discovery-turbo" xmltv_id="Discovery Turbo">Discovery Turbo</channel>
    <channel update="i" site="mi.tv" site_id="co_discovery-tlc-hd" xmltv_id="Discovery World HD">Discovery World HD</channel>
    <channel update="i" site="mi.tv" site_id="co_disney-multicountry" xmltv_id="Disney Channel">Disney Channel</channel>
    <channel update="i" site="mi.tv" site_id="co_disney-jr-norte" xmltv_id="Disney Junior">Disney Junior</channel>
    <channel update="i" site="mi.tv" site_id="co_disney-xd-multicountry" xmltv_id="Disney XD">Disney XD</channel>
    <channel update="i" site="mi.tv" site_id="co_dia-tv" xmltv_id="Día TV">Día TV</channel>
    <channel update="i" site="mi.tv" site_id="co_e" xmltv_id="E!">E!</channel>
    <channel update="i" site="mi.tv" site_id="co_el-gourmet" xmltv_id="elgourmet">elgourmet</channel>
    <channel update="i" site="mi.tv" site_id="co_el-tiempo" xmltv_id="El Tiempo Televisión">El Tiempo Televisión</channel>
    <channel update="i" site="mi.tv" site_id="co_enlace" xmltv_id="Enlace">Enlace</channel>
    <channel update="i" site="mi.tv" site_id="co_enlace-juvenil" xmltv_id="Enlace Juvenil">Enlace Juvenil</channel>
    <channel update="i" site="mi.tv" site_id="co_espn" xmltv_id="ESPN">ESPN</channel>
    <channel update="i" site="mi.tv" site_id="co_espn-plus" xmltv_id="ESPN +">ESPN +</channel>
    <channel update="i" site="mi.tv" site_id="co_espn-2" xmltv_id="ESPN 2">ESPN 2</channel>
    <channel update="i" site="mi.tv" site_id="co_espn-3" xmltv_id="ESPN 3">ESPN 3</channel>
    <channel update="i" site="mi.tv" site_id="co_espn-3-hd" xmltv_id="ESPN 3 HD">ESPN 3 HD</channel>
    <channel update="i" site="mi.tv" site_id="co_eurochannel" xmltv_id="Eurochannel">Eurochannel</channel>
    <channel update="i" site="mi.tv" site_id="co_ewtn" xmltv_id="EWTN">EWTN</channel>
    <channel update="i" site="mi.tv" site_id="co_f1-latin-america" xmltv_id="F1 Latin America">F1 Latin America</channel>
    <channel update="i" site="mi.tv" site_id="co_fashion-one-hd" xmltv_id="Fashion One HD">Fashion One HD</channel>
    <channel update="i" site="mi.tv" site_id="co_film-arts" xmltv_id="Film&amp;Arts">Film&amp;Arts</channel>
    <channel update="i" site="mi.tv" site_id="co_film-zone" xmltv_id="Film Zone">Film Zone</channel>
    <channel update="i" site="mi.tv" site_id="co_film-zone-hd" xmltv_id="Film Zone HD">Film Zone HD</channel>
    <channel update="i" site="mi.tv" site_id="co_fox" xmltv_id="FOX">FOX</channel>
    <channel update="i" site="mi.tv" site_id="co_fox-ngc-hd" xmltv_id="FOX / NGC HD">FOX / NGC HD</channel>
    <channel update="i" site="mi.tv" site_id="co_fox-1-este" xmltv_id="FOX 1 Este">FOX 1 Este</channel>
    <channel update="i" site="mi.tv" site_id="co_fox-1-hd" xmltv_id="FOX 1 HD">FOX 1 HD</channel>
    <channel update="i" site="mi.tv" site_id="co_fox-1-oeste" xmltv_id="FOX 1 Oeste">FOX 1 Oeste</channel>
    <channel update="i" site="mi.tv" site_id="co_fox-action" xmltv_id="FOX Action">FOX Action</channel>
    <channel update="i" site="mi.tv" site_id="co_fox-action-hd" xmltv_id="FOX Action HD">FOX Action HD</channel>
    <channel update="i" site="mi.tv" site_id="co_fox-action-oeste" xmltv_id="FOX Action Oeste">FOX Action Oeste</channel>
    <channel update="i" site="mi.tv" site_id="co_fox-cinema" xmltv_id="FOX Cinema">FOX Cinema</channel>
    <channel update="i" site="mi.tv" site_id="co_fox-classics" xmltv_id="FOX Classics">FOX Classics</channel>
    <channel update="i" site="mi.tv" site_id="co_fox-comedy" xmltv_id="FOX Comedy">FOX Comedy</channel>
    <channel update="i" site="mi.tv" site_id="co_fox-comedy-hd" xmltv_id="FOX Comedy HD">FOX Comedy HD</channel>
    <channel update="i" site="mi.tv" site_id="co_fox-family" xmltv_id="FOX Family">FOX Family</channel>
    <channel update="i" site="mi.tv" site_id="co_fox-family-hd" xmltv_id="FOX Family HD">FOX Family HD</channel>
    <channel update="i" site="mi.tv" site_id="co_fox-life" xmltv_id="FOX Life">FOX Life</channel>
    <channel update="i" site="mi.tv" site_id="co_fox-movies" xmltv_id="FOX Movies">FOX Movies</channel>
    <channel update="i" site="mi.tv" site_id="co_fox-movies-hd" xmltv_id="FOX Movies HD">FOX Movies HD</channel>
    <channel update="i" site="mi.tv" site_id="co_fox-news-internacional" xmltv_id="FOX News Internacional">FOX News Internacional</channel>
    <channel update="i" site="mi.tv" site_id="co_fox-sports" xmltv_id="FOX Sports">FOX Sports</channel>
    <channel update="i" site="mi.tv" site_id="co_fox-sports-2" xmltv_id="FOX Sports 2">FOX Sports 2</channel>
    <channel update="i" site="mi.tv" site_id="co_fox-sports-2-hd" xmltv_id="FOX Sports 2 HD">FOX Sports 2 HD</channel>
    <channel update="i" site="mi.tv" site_id="co_fox-sports-3" xmltv_id="FOX Sports 3">FOX Sports 3</channel>
    <channel update="i" site="mi.tv" site_id="co_fox-sports-3-hd" xmltv_id="FOX Sports 3 HD">FOX Sports 3 HD</channel>
    <channel update="i" site="mi.tv" site_id="co_fox-sports-hd" xmltv_id="FOX Sports HD">FOX Sports HD</channel>
    <channel update="i" site="mi.tv" site_id="co_fx" xmltv_id="FX">FX</channel>
    <channel update="i" site="mi.tv" site_id="co_fx-hd" xmltv_id="FX HD">FX HD</channel>
    <channel update="i" site="mi.tv" site_id="co_glitz" xmltv_id="Glitz">Glitz</channel>
    <channel update="i" site="mi.tv" site_id="co_globovision" xmltv_id="Globovisión">Globovisión</channel>
    <channel update="i" site="mi.tv" site_id="co_golden" xmltv_id="Golden">Golden</channel>
    <channel update="i" site="mi.tv" site_id="co_golden-premier-hd" xmltv_id="Golden Premier HD">Golden Premier HD</channel>
    <channel update="i" site="mi.tv" site_id="co_golf-channel" xmltv_id="Golf Channel">Golf Channel</channel>
    <channel update="i" site="mi.tv" site_id="co_golf-channel-hd" xmltv_id="Golf Channel HD">Golf Channel HD</channel>
    <channel update="i" site="mi.tv" site_id="co_gol-tv" xmltv_id="Gol TV">Gol TV</channel>
    <channel update="i" site="mi.tv" site_id="co_h2" xmltv_id="H2">H2</channel>
    <channel update="i" site="mi.tv" site_id="co_hbo" xmltv_id="HBO">HBO</channel>
    <channel update="i" site="mi.tv" site_id="co_hbo-2" xmltv_id="HBO 2">HBO 2</channel>
    <channel update="i" site="mi.tv" site_id="co_hbo-2-hd" xmltv_id="HBO 2 HD">HBO 2 HD</channel>
    <channel update="i" site="mi.tv" site_id="co_hbo-family" xmltv_id="HBO Family">HBO Family</channel>
    <channel update="i" site="mi.tv" site_id="co_hbo-family-hd" xmltv_id="HBO Family HD">HBO Family HD</channel>
    <channel update="i" site="mi.tv" site_id="co_hbo-hd-este" xmltv_id="HBO HD Este">HBO HD Este</channel>
    <channel update="i" site="mi.tv" site_id="co_hbo-plus-este" xmltv_id="HBO Plus Este">HBO Plus Este</channel>
    <channel update="i" site="mi.tv" site_id="co_hbo-plus-panamericano-hd" xmltv_id="HBO Plus Panamericano HD">HBO Plus Panamericano HD</channel>
    <channel update="i" site="mi.tv" site_id="co_hbo-plus-pan-regional-hd" xmltv_id="HBO Plus Panregional HD">HBO Plus Panregional HD</channel>
    <channel update="i" site="mi.tv" site_id="co_hbo-signature" xmltv_id="HBO Signature">HBO Signature</channel>
    <channel update="i" site="mi.tv" site_id="co_hbo-signature-hd" xmltv_id="HBO Signature HD">HBO Signature HD</channel>
    <channel update="i" site="mi.tv" site_id="co_history" xmltv_id="History">History</channel>
    <channel update="i" site="mi.tv" site_id="co_history-hd" xmltv_id="History HD">History HD</channel>
    <channel update="i" site="mi.tv" site_id="co_hola-tv-hd" xmltv_id="HOLA TV HD">HOLA TV HD</channel>
    <channel update="i" site="mi.tv" site_id="co_htv" xmltv_id="HTV">HTV</channel>
    <channel update="i" site="mi.tv" site_id="co_infinito" xmltv_id="Infinito">Infinito</channel>
    <channel update="i" site="mi.tv" site_id="co_discovery-id" xmltv_id="Investigation Discovery">Investigation Discovery</channel>
    <channel update="i" site="mi.tv" site_id="co_discovery-id-hd" xmltv_id="Investigation Discovery HD">Investigation Discovery HD</channel>
    <channel update="i" site="mi.tv" site_id="co_kmusic" xmltv_id="K Music">K Music</channel>
    <channel update="i" site="mi.tv" site_id="co_life-design-tv-hd" xmltv_id="Life Design TV HD">Life Design TV HD</channel>
    <channel update="i" site="mi.tv" site_id="co_lifetime" xmltv_id="Lifetime">Lifetime</channel>
    <channel update="i" site="mi.tv" site_id="co_max" xmltv_id="Max">Max</channel>
    <channel update="i" site="mi.tv" site_id="co_max-prime" xmltv_id="Max Prime">Max Prime</channel>
    <channel update="i" site="mi.tv" site_id="co_max-prime-o" xmltv_id="Max Prime O">Max Prime O</channel>
    <channel update="i" site="mi.tv" site_id="co_max-prime-panamericano-hd" xmltv_id="Max Prime Panamericano HD">Max Prime Panamericano HD</channel>
    <channel update="i" site="mi.tv" site_id="co_max-prime-panregional-hd" xmltv_id="Max Prime Panregional HD">Max Prime Panregional HD</channel>
    <channel update="i" site="mi.tv" site_id="co_max-up" xmltv_id="Max UP">Max UP</channel>
    <channel update="i" site="mi.tv" site_id="co_mi-gente" xmltv_id="Mi Gente TV">Mi Gente TV</channel>
    <channel update="i" site="mi.tv" site_id="co_m-tv" xmltv_id="MTV">MTV</channel>
    <channel update="i" site="mi.tv" site_id="co_mtv-dance" xmltv_id="MTV Dance">MTV Dance</channel>
    <channel update="i" site="mi.tv" site_id="co_mtv-live-hd" xmltv_id="MTV Live HD">MTV Live HD</channel>
    <channel update="i" site="mi.tv" site_id="co_multipremier" xmltv_id="Multipremier">Multipremier</channel>
    <channel update="i" site="mi.tv" site_id="co_mundo-fox" xmltv_id="Mundo Fox">Mundo Fox</channel>
    <channel update="i" site="mi.tv" site_id="co_mas-chic" xmltv_id="Más Chic">Más Chic</channel>
    <channel update="i" site="mi.tv" site_id="co_nat-geo-wild" xmltv_id="Nat Geo Wild">Nat Geo Wild</channel>
    <channel update="i" site="mi.tv" site_id="co_nat-geo-wild-hd" xmltv_id="Nat Geo Wild HD">Nat Geo Wild HD</channel>
    <channel update="i" site="mi.tv" site_id="co_national-geographic" xmltv_id="National Geographic">National Geographic</channel>
    <channel update="i" site="mi.tv" site_id="co_national-geographic-hd" xmltv_id="National Geographic HD">National Geographic HD</channel>
    <channel update="i" site="mi.tv" site_id="co_nba-tv-hd" xmltv_id="NBA TV HD">NBA TV HD</channel>
    <channel update="i" site="mi.tv" site_id="co_nickelodeon" xmltv_id="Nickelodeon">Nickelodeon</channel>
    <channel update="i" site="mi.tv" site_id="co_nick-jr" xmltv_id="Nick Jr.">Nick Jr.</channel>
    <channel update="i" site="mi.tv" site_id="co_caracol-novelas" xmltv_id="Novelas Caracol">Novelas Caracol</channel>
    <channel update="i" site="mi.tv" site_id="co_nuestra-tele-noticias-24hs" xmltv_id="NTN24">NTN24</channel>
    <channel update="i" site="mi.tv" site_id="co_paramount-channel" xmltv_id="Paramount Channel">Paramount Channel</channel>
    <channel update="i" site="mi.tv" site_id="co_pasiones" xmltv_id="Pasiones">Pasiones</channel>
    <channel update="i" site="mi.tv" site_id="co_playboy" xmltv_id="Playboy">Playboy</channel>
    <channel update="i" site="mi.tv" site_id="co_rcn" xmltv_id="RCN">RCN</channel>
    <channel update="i" site="mi.tv" site_id="co_canal-rcn-hd" xmltv_id="RCN HD">RCN HD</channel>
    <channel update="i" site="mi.tv" site_id="co_rcn-novelas" xmltv_id="RCN Novelas">RCN Novelas</channel>
    <channel update="i" site="mi.tv" site_id="co_rcn-nuestra-tele" xmltv_id="RCN Nuestra Tele">RCN Nuestra Tele</channel>
    <channel update="i" site="mi.tv" site_id="co_rumba-tv" xmltv_id="Rumba TV">Rumba TV</channel>
    <channel update="i" site="mi.tv" site_id="co_russia-today-hd" xmltv_id="Russia Today HD">Russia Today HD</channel>
    <channel update="i" site="mi.tv" site_id="co_senal-colombia" xmltv_id="Señal Colombia">Señal Colombia</channel>
    <channel update="i" site="mi.tv" site_id="co_sony" xmltv_id="Sony">Sony</channel>
    <channel update="i" site="mi.tv" site_id="co_sony-hd" xmltv_id="Sony HD">Sony HD</channel>
    <channel update="i" site="mi.tv" site_id="co_space" xmltv_id="Space">Space</channel>
    <channel update="i" site="mi.tv" site_id="co_space-hd" xmltv_id="Space HD">Space HD</channel>
    <channel update="i" site="mi.tv" site_id="co_studio-universal" xmltv_id="Studio Universal">Studio Universal</channel>
    <channel update="i" site="mi.tv" site_id="co_sun-channel" xmltv_id="Sun Channel">Sun Channel</channel>
    <channel update="i" site="mi.tv" site_id="co_sun-channel-hd" xmltv_id="Sun Channel HD">Sun Channel HD</channel>
    <channel update="i" site="mi.tv" site_id="co_fox-sy-fy" xmltv_id="Syfy">Syfy</channel>
    <channel update="i" site="mi.tv" site_id="co_tbs-veryfunny-pan" xmltv_id="TBS veryfunny">TBS veryfunny</channel>
    <channel update="i" site="mi.tv" site_id="co_tcm" xmltv_id="TCM">TCM</channel>
    <channel update="i" site="mi.tv" site_id="co_teleamiga" xmltv_id="TeleAmiga">TeleAmiga</channel>
    <channel update="i" site="mi.tv" site_id="co_teleantioquia" xmltv_id="Teleantioquia">Teleantioquia</channel>
    <channel update="i" site="mi.tv" site_id="co_teleantioquia-hd" xmltv_id="Teleantioquia HD">Teleantioquia HD</channel>
    <channel update="i" site="mi.tv" site_id="co_telecafe" xmltv_id="Telecafé">Telecafé</channel>
    <channel update="i" site="mi.tv" site_id="co_telecaribe" xmltv_id="Telecaribe">Telecaribe</channel>
    <channel update="i" site="mi.tv" site_id="co_telehit-hd" xmltv_id="Telehit HD">Telehit HD</channel>
    <channel update="i" site="mi.tv" site_id="co_telemedellin" xmltv_id="Telemedellín">Telemedellín</channel>
    <channel update="i" site="mi.tv" site_id="co_telemedellin-hd" xmltv_id="Telemedellín HD">Telemedellín HD</channel>
    <channel update="i" site="mi.tv" site_id="co_telemundo" xmltv_id="Telemundo">Telemundo</channel>
    <channel update="i" site="mi.tv" site_id="co_tele-nostalgia" xmltv_id="Telenostalgia">Telenostalgia</channel>
    <channel update="i" site="mi.tv" site_id="co_telepacifico" xmltv_id="Telepacifico">Telepacifico</channel>
    <channel update="i" site="mi.tv" site_id="co_televida" xmltv_id="Tele Vid">Tele Vid</channel>
    <channel update="i" site="mi.tv" site_id="co_televid-hd" xmltv_id="Tele Vid HD">Tele Vid HD</channel>
    <channel update="i" site="mi.tv" site_id="co_tigo-music" xmltv_id="Tigo Music">Tigo Music</channel>
    <channel update="i" site="mi.tv" site_id="co_tigo-music-hd" xmltv_id="Tigo Music HD">Tigo Music HD</channel>
    <channel update="i" site="mi.tv" site_id="co_discovery-tlc" xmltv_id="TLC">TLC</channel>
    <channel update="i" site="mi.tv" site_id="co_tlnovelas" xmltv_id="TLNovelas">TLNovelas</channel>
    <channel update="i" site="mi.tv" site_id="co_tn" xmltv_id="TN">TN</channel>
    <channel update="i" site="mi.tv" site_id="co_tnt" xmltv_id="TNT">TNT</channel>
    <channel update="i" site="mi.tv" site_id="co_tnt-series" xmltv_id="TNT Series">TNT Series</channel>
    <channel update="i" site="mi.tv" site_id="co_tooncast" xmltv_id="Tooncast">Tooncast</channel>
    <channel update="i" site="mi.tv" site_id="co_trace-sports-stars" xmltv_id="TRACE Sports Stars">TRACE Sports Stars</channel>
    <channel update="i" site="mi.tv" site_id="co_trace-sports-stars-hd" xmltv_id="TRACE Sports Stars HD">TRACE Sports Stars HD</channel>
    <channel update="i" site="mi.tv" site_id="co_trendy-channel" xmltv_id="Trendy Channel">Trendy Channel</channel>
    <channel update="i" site="mi.tv" site_id="co_tru-tv" xmltv_id="truTV">truTV</channel>
    <channel update="i" site="mi.tv" site_id="co_tv-agro" xmltv_id="Tv Agro">Tv Agro</channel>
    <channel update="i" site="mi.tv" site_id="co_tvc" xmltv_id="TVC">TVC</channel>
    <channel update="i" site="mi.tv" site_id="co_tve" xmltv_id="TVE">TVE</channel>
    <channel update="i" site="mi.tv" site_id="co_tyc-sports-hd" xmltv_id="TyC Sports HD">TyC Sports HD</channel>
    <channel update="i" site="mi.tv" site_id="co_ufc-network-hd" xmltv_id="UFC Network HD">UFC Network HD</channel>
    <channel update="i" site="mi.tv" site_id="co_universal-channel" xmltv_id="Universal Channel">Universal Channel</channel>
    <channel update="i" site="mi.tv" site_id="co_univision" xmltv_id="Univision">Univision</channel>
    <channel update="i" site="mi.tv" site_id="co_venus" xmltv_id="Venus">Venus</channel>
    <channel update="i" site="mi.tv" site_id="co_ve-plus-tv" xmltv_id="Ve Plus TV">Ve Plus TV</channel>
    <channel update="i" site="mi.tv" site_id="co_vh1" xmltv_id="VH1">VH1</channel>
    <channel update="i" site="mi.tv" site_id="co_vh1-classic-usa" xmltv_id="VH1 Classic USA">VH1 Classic USA</channel>
    <channel update="i" site="mi.tv" site_id="co_vh1-hd" xmltv_id="VH1 HD">VH1 HD</channel>
    <channel update="i" site="mi.tv" site_id="co_vh1-mega-hits" xmltv_id="VH1 Mega Hits">VH1 Mega Hits</channel>
    <channel update="i" site="mi.tv" site_id="co_vmas-tv" xmltv_id="VMASTV">VMASTV</channel>
    <channel update="i" site="mi.tv" site_id="co_warner" xmltv_id="Warner Channel">Warner Channel</channel>
    <channel update="i" site="mi.tv" site_id="co_win-sports" xmltv_id="Win Sports">Win Sports</channel>
    <channel update="i" site="mi.tv" site_id="co_win-sports-hd" xmltv_id="Win Sports HD">Win Sports HD</channel>
    <channel update="i" site="mi.tv" site_id="co_zoom" xmltv_id="Zoom">Zoom</channel>
    <channel update="i" site="mi.tv" site_id="mx_a-e-mundo" xmltv_id="A&amp;E Mundo">A&amp;E Mundo</channel>
    <channel update="i" site="mi.tv" site_id="mx_proyecto-40" xmltv_id="adn40">adn40</channel>
    <channel update="i" site="mi.tv" site_id="mx_amc" xmltv_id="AMC">AMC</channel>
    <channel update="i" site="mi.tv" site_id="mx_amc-hd" xmltv_id="AMC HD">AMC HD</channel>
    <channel update="i" site="mi.tv" site_id="mx_animal-planet" xmltv_id="Animal Planet">Animal Planet</channel>
    <channel update="i" site="mi.tv" site_id="mx_axn" xmltv_id="AXN">AXN</channel>
    <channel update="i" site="mi.tv" site_id="mx_az-corazon" xmltv_id="Az Corazón">Az Corazón</channel>
    <channel update="i" site="mi.tv" site_id="mx_azteca-7" xmltv_id="Azteca 7">Azteca 7</channel>
    <channel update="i" site="mi.tv" site_id="mx_azteca-13" xmltv_id="Azteca 13">Azteca 13</channel>
    <channel update="i" site="mi.tv" site_id="mx_bandamax" xmltv_id="Bandamax">Bandamax</channel>
    <channel update="i" site="mi.tv" site_id="mx_boomerang-cartoon" xmltv_id="Boomerang">Boomerang</channel>
    <channel update="i" site="mi.tv" site_id="mx_canal-4" xmltv_id="Canal 4">Canal 4</channel>
    <channel update="i" site="mi.tv" site_id="mx_xh-gc-canal-5" xmltv_id="Canal 5">Canal 5</channel>
    <channel update="i" site="mi.tv" site_id="mx_canal-5-galavision" xmltv_id="Canal 5 Galavision">Canal 5 Galavision</channel>
    <channel update="i" site="mi.tv" site_id="mx_xh-gc-canal-5-hd" xmltv_id="Canal 5 HD">Canal 5 HD</channel>
    <channel update="i" site="mi.tv" site_id="mx_canal-22-conaculta" xmltv_id="Canal 22">Canal 22</channel>
    <channel update="i" site="mi.tv" site_id="mx_canal-nu" xmltv_id="Canal NU">Canal NU</channel>
    <channel update="i" site="mi.tv" site_id="mx_xeipn-canal-11" xmltv_id="Canal Once">Canal Once</channel>
    <channel update="i" site="mi.tv" site_id="mx_cartoon-network" xmltv_id="Cartoon Network">Cartoon Network</channel>
    <channel update="i" site="mi.tv" site_id="mx_cinecanal" xmltv_id="Cinecanal">Cinecanal</channel>
    <channel update="i" site="mi.tv" site_id="mx_cinecanal-hd" xmltv_id="Cinecanal HD">Cinecanal HD</channel>
    <channel update="i" site="mi.tv" site_id="mx_cinemax" xmltv_id="Cinemax">Cinemax</channel>
    <channel update="i" site="mi.tv" site_id="mx_tvc-cine-mexicano-cmc" xmltv_id="Cine Mexicano">Cine Mexicano</channel>
    <channel update="i" site="mi.tv" site_id="mx_cnn" xmltv_id="CNN">CNN</channel>
    <channel update="i" site="mi.tv" site_id="mx_cnn-en-espanol" xmltv_id="CNN en Español">CNN en Español</channel>
    <channel update="i" site="mi.tv" site_id="mx_comedy-central" xmltv_id="Comedy Central">Comedy Central</channel>
    <channel update="i" site="mi.tv" site_id="mx_de-pelicula" xmltv_id="De Película">De Película</channel>
    <channel update="i" site="mi.tv" site_id="mx_de-pelicula-hd" xmltv_id="De Película HD">De Película HD</channel>
    <channel update="i" site="mi.tv" site_id="mx_discovery-channel" xmltv_id="Discovery Channel">Discovery Channel</channel>
    <channel update="i" site="mi.tv" site_id="mx_discovery-hd-mexico" xmltv_id="Discovery HD">Discovery HD</channel>
    <channel update="i" site="mi.tv" site_id="mx_discovery-hd-theater" xmltv_id="Discovery HD Theater">Discovery HD Theater</channel>
    <channel update="i" site="mi.tv" site_id="mx_discovery-home-and-health" xmltv_id="Discovery Home &amp; Health">Discovery Home &amp; Health</channel>
    <channel update="i" site="mi.tv" site_id="mx_discovery-kids" xmltv_id="Discovery Kids">Discovery Kids</channel>
    <channel update="i" site="mi.tv" site_id="mx_discovery-world-hd" xmltv_id="Discovery World HD">Discovery World HD</channel>
    <channel update="i" site="mi.tv" site_id="mx_disney" xmltv_id="Disney Channel">Disney Channel</channel>
    <channel update="i" site="mi.tv" site_id="mx_disney-jr" xmltv_id="Disney Junior">Disney Junior</channel>
    <channel update="i" site="mi.tv" site_id="mx_disney-xd" xmltv_id="Disney XD">Disney XD</channel>
    <channel update="i" site="mi.tv" site_id="mx_distrito-comedia" xmltv_id="Distrito Comedia">Distrito Comedia</channel>
    <channel update="i" site="mi.tv" site_id="mx_entertainment" xmltv_id="E!">E!</channel>
    <channel update="i" site="mi.tv" site_id="mx_el-financiero-bloomberg" xmltv_id="El Financiero Bloomberg">El Financiero Bloomberg</channel>
    <channel update="i" site="mi.tv" site_id="mx_el-gourmet" xmltv_id="elgourmet">elgourmet</channel>
    <channel update="i" site="mi.tv" site_id="mx_espn" xmltv_id="ESPN">ESPN</channel>
    <channel update="i" site="mi.tv" site_id="mx_espn-plus-hd" xmltv_id="ESPN+ HD">ESPN+ HD</channel>
    <channel update="i" site="mi.tv" site_id="mx_espn-2" xmltv_id="ESPN 2">ESPN 2</channel>
    <channel update="i" site="mi.tv" site_id="mx_espn-3" xmltv_id="ESPN 3">ESPN 3</channel>
    <channel update="i" site="mi.tv" site_id="mx_espn-hd" xmltv_id="ESPN HD">ESPN HD</channel>
    <channel update="i" site="mi.tv" site_id="mx_europa-europa" xmltv_id="Europa Europa">Europa Europa</channel>
    <channel update="i" site="mi.tv" site_id="mx_cadenatres" xmltv_id="Excelsior TV">Excelsior TV</channel>
    <channel update="i" site="mi.tv" site_id="mx_film-arts" xmltv_id="Film&amp;Arts">Film&amp;Arts</channel>
    <channel update="i" site="mi.tv" site_id="mx_film-zone" xmltv_id="Film Zone">Film Zone</channel>
    <channel update="i" site="mi.tv" site_id="mx_canal-4-foro-tv" xmltv_id="FOROtv">FOROtv</channel>
    <channel update="i" site="mi.tv" site_id="mx_fox" xmltv_id="FOX">FOX</channel>
    <channel update="i" site="mi.tv" site_id="mx_fox-1-hd" xmltv_id="FOX 1 HD">FOX 1 HD</channel>
    <channel update="i" site="mi.tv" site_id="mx_fox-1-oeste" xmltv_id="FOX 1 Oeste">FOX 1 Oeste</channel>
    <channel update="i" site="mi.tv" site_id="mx_fox-action-hd" xmltv_id="FOX Action HD">FOX Action HD</channel>
    <channel update="i" site="mi.tv" site_id="mx_fox-comedy-hd" xmltv_id="FOX Comedy HD">FOX Comedy HD</channel>
    <channel update="i" site="mi.tv" site_id="mx_fox-family" xmltv_id="FOX Family">FOX Family</channel>
    <channel update="i" site="mi.tv" site_id="mx_fox-family-hd" xmltv_id="FOX Family HD">FOX Family HD</channel>
    <channel update="i" site="mi.tv" site_id="mx_fox-family-oeste" xmltv_id="FOX Family Oeste">FOX Family Oeste</channel>
    <channel update="i" site="mi.tv" site_id="mx_fox-life" xmltv_id="FOX Life">FOX Life</channel>
    <channel update="i" site="mi.tv" site_id="mx_fox-movies" xmltv_id="FOX Movies">FOX Movies</channel>
    <channel update="i" site="mi.tv" site_id="mx_fox-movies-hd" xmltv_id="FOX Movies HD">FOX Movies HD</channel>
    <channel update="i" site="mi.tv" site_id="mx_fox-oeste-hd" xmltv_id="FOX Oeste HD">FOX Oeste HD</channel>
    <channel update="i" site="mi.tv" site_id="mx_fox-sports" xmltv_id="FOX Sports">FOX Sports</channel>
    <channel update="i" site="mi.tv" site_id="mx_fox-sports-2" xmltv_id="FOX Sports 2">FOX Sports 2</channel>
    <channel update="i" site="mi.tv" site_id="mx_fox-sports-3" xmltv_id="FOX Sports 3">FOX Sports 3</channel>
    <channel update="i" site="mi.tv" site_id="mx_fx" xmltv_id="FX">FX</channel>
    <channel update="i" site="mi.tv" site_id="mx_galavision" xmltv_id="Gala TV">Gala TV</channel>
    <channel update="i" site="mi.tv" site_id="mx_glitz" xmltv_id="Glitz">Glitz</channel>
    <channel update="i" site="mi.tv" site_id="mx_golden" xmltv_id="Golden">Golden</channel>
    <channel update="i" site="mi.tv" site_id="mx_golden-edge" xmltv_id="Golden Edge">Golden Edge</channel>
    <channel update="i" site="mi.tv" site_id="mx_hbo-oeste" xmltv_id="HBO">HBO</channel>
    <channel update="i" site="mi.tv" site_id="mx_hbo-2" xmltv_id="HBO 2">HBO 2</channel>
    <channel update="i" site="mi.tv" site_id="mx_hbo-family" xmltv_id="HBO Family">HBO Family</channel>
    <channel update="i" site="mi.tv" site_id="mx_hbo-oeste-hd" xmltv_id="HBO HD">HBO HD</channel>
    <channel update="i" site="mi.tv" site_id="mx_hbo-plus-mexico" xmltv_id="HBO Plus Mexico">HBO Plus Mexico</channel>
    <channel update="i" site="mi.tv" site_id="mx_history" xmltv_id="History">History</channel>
    <channel update="i" site="mi.tv" site_id="mx_history-hd" xmltv_id="History HD">History HD</channel>
    <channel update="i" site="mi.tv" site_id="mx_i-sat" xmltv_id="I-SAT">I-SAT</channel>
    <channel update="i" site="mi.tv" site_id="mx_discovery-id" xmltv_id="Investigation Discovery">Investigation Discovery</channel>
    <channel update="i" site="mi.tv" site_id="mx_canal-de-las-estrellas-xew" xmltv_id="Las Estrellas">Las Estrellas</channel>
    <channel update="i" site="mi.tv" site_id="mx_max" xmltv_id="Max">Max</channel>
    <channel update="i" site="mi.tv" site_id="mx_max-prime-mexico" xmltv_id="Max Prime México">Max Prime México</channel>
    <channel update="i" site="mi.tv" site_id="mx_milenio-tv" xmltv_id="Milenio TV">Milenio TV</channel>
    <channel update="i" site="mi.tv" site_id="mx_m-tv" xmltv_id="MTV">MTV</channel>
    <channel update="i" site="mi.tv" site_id="mx_muchmusic" xmltv_id="MuchMusic">MuchMusic</channel>
    <channel update="i" site="mi.tv" site_id="mx_mundo-fox" xmltv_id="Mundo Fox">Mundo Fox</channel>
    <channel update="i" site="mi.tv" site_id="mx_mas-chic" xmltv_id="Más Chic">Más Chic</channel>
    <channel update="i" site="mi.tv" site_id="mx_national-geographic" xmltv_id="National Geographic">National Geographic</channel>
    <channel update="i" site="mi.tv" site_id="mx_nickelodeon-hd" xmltv_id="Nick 2">Nick 2</channel>
    <channel update="i" site="mi.tv" site_id="mx_nickelodeon" xmltv_id="Nickelodeon">Nickelodeon</channel>
    <channel update="i" site="mi.tv" site_id="mx_nick-jr" xmltv_id="Nick Jr.">Nick Jr.</channel>
    <channel update="i" site="mi.tv" site_id="mx_tvc-platino" xmltv_id="Platino">Platino</channel>
    <channel update="i" site="mi.tv" site_id="mx_ritmoson-latino" xmltv_id="Ritmoson">Ritmoson</channel>
    <channel update="i" site="mi.tv" site_id="mx_russia-today-hd" xmltv_id="Russia Today HD">Russia Today HD</channel>
    <channel update="i" site="mi.tv" site_id="mx_sony" xmltv_id="Sony">Sony</channel>
    <channel update="i" site="mi.tv" site_id="mx_sony-hd" xmltv_id="Sony HD">Sony HD</channel>
    <channel update="i" site="mi.tv" site_id="mx_space" xmltv_id="Space">Space</channel>
    <channel update="i" site="mi.tv" site_id="mx_studio-universal" xmltv_id="Studio Universal">Studio Universal</channel>
    <channel update="i" site="mi.tv" site_id="mx_fox-sy-fy" xmltv_id="Syfy">Syfy</channel>
    <channel update="i" site="mi.tv" site_id="mx_tbs-veryfunny-pan" xmltv_id="TBS veryfunny">TBS veryfunny</channel>
    <channel update="i" site="mi.tv" site_id="mx_tcm" xmltv_id="TCM">TCM</channel>
    <channel update="i" site="mi.tv" site_id="mx_tdn" xmltv_id="TDN">TDN</channel>
    <channel update="i" site="mi.tv" site_id="mx_tdn-hd" xmltv_id="TDN HD">TDN HD</channel>
    <channel update="i" site="mi.tv" site_id="mx_telehit" xmltv_id="Telehit">Telehit</channel>
    <channel update="i" site="mi.tv" site_id="mx_telemundo" xmltv_id="Telemundo">Telemundo</channel>
    <channel update="i" site="mi.tv" site_id="mx_tiin" xmltv_id="TIIN">TIIN</channel>
    <channel update="i" site="mi.tv" site_id="mx_tlnovelas" xmltv_id="TLNovelas">TLNovelas</channel>
    <channel update="i" site="mi.tv" site_id="mx_tnt" xmltv_id="TNT">TNT</channel>
    <channel update="i" site="mi.tv" site_id="mx_tnt-hd" xmltv_id="TNT HD">TNT HD</channel>
    <channel update="i" site="mi.tv" site_id="mx_tooncast" xmltv_id="Tooncast">Tooncast</channel>
    <channel update="i" site="mi.tv" site_id="mx_tru-tv" xmltv_id="truTV">truTV</channel>
    <channel update="i" site="mi.tv" site_id="mx_tru-tv-hd" xmltv_id="truTV HD">truTV HD</channel>
    <channel update="i" site="mi.tv" site_id="mx_tve" xmltv_id="TVE">TVE</channel>
    <channel update="i" site="mi.tv" site_id="mx_tv-unam" xmltv_id="TV UNAM">TV UNAM</channel>
    <channel update="i" site="mi.tv" site_id="mx_universal-channel" xmltv_id="Universal Channel">Universal Channel</channel>
    <channel update="i" site="mi.tv" site_id="mx_univision" xmltv_id="Univision">Univision</channel>
    <channel update="i" site="mi.tv" site_id="mx_vh1" xmltv_id="VH1">VH1</channel>
    <channel update="i" site="mi.tv" site_id="mx_warner" xmltv_id="Warner Channel">Warner Channel</channel>
    <channel update="i" site="mi.tv" site_id="mx_warner-hd" xmltv_id="Warner Channel HD">Warner Channel HD</channel>
    <channel update="i" site="mi.tv" site_id="mx_wobi-tv" xmltv_id="WOBI TV">WOBI TV</channel>
    <channel update="i" site="mi.tv" site_id="py_a-e-mundo" xmltv_id="A&amp;E Mundo">A&amp;E Mundo</channel>
    <channel update="i" site="mi.tv" site_id="py_america-24" xmltv_id="America 24">America 24</channel>
    <channel update="i" site="mi.tv" site_id="py_animal-planet" xmltv_id="Animal Planet">Animal Planet</channel>
    <channel update="i" site="mi.tv" site_id="py_axn" xmltv_id="AXN">AXN</channel>
    <channel update="i" site="mi.tv" site_id="py_az-corazon" xmltv_id="Az Corazón">Az Corazón</channel>
    <channel update="i" site="mi.tv" site_id="py_parana-tv" xmltv_id="C9N">C9N</channel>
    <channel update="i" site="mi.tv" site_id="py_canal-de-las-estrellas" xmltv_id="Canal de las Estrellas">Canal de las Estrellas</channel>
    <channel update="i" site="mi.tv" site_id="py_caracol-internacional" xmltv_id="Caracol Internacional">Caracol Internacional</channel>
    <channel update="i" site="mi.tv" site_id="py_cartoon-network" xmltv_id="Cartoon Network">Cartoon Network</channel>
    <channel update="i" site="mi.tv" site_id="py_cinecanal" xmltv_id="Cinecanal">Cinecanal</channel>
    <channel update="i" site="mi.tv" site_id="py_cine-latino" xmltv_id="Cinelatino">Cinelatino</channel>
    <channel update="i" site="mi.tv" site_id="py_cnn-en-espanol" xmltv_id="CNN en Español">CNN en Español</channel>
    <channel update="i" site="mi.tv" site_id="py_comedy-central" xmltv_id="Comedy Central">Comedy Central</channel>
    <channel update="i" site="mi.tv" site_id="py_dhe" xmltv_id="DHE">DHE</channel>
    <channel update="i" site="mi.tv" site_id="py_discovery" xmltv_id="Discovery Channel">Discovery Channel</channel>
    <channel update="i" site="mi.tv" site_id="py_discovery-kids" xmltv_id="Discovery Kids">Discovery Kids</channel>
    <channel update="i" site="mi.tv" site_id="py_discovery-turbo" xmltv_id="Discovery Turbo">Discovery Turbo</channel>
    <channel update="i" site="mi.tv" site_id="py_discovery-world-hd" xmltv_id="Discovery World HD">Discovery World HD</channel>
    <channel update="i" site="mi.tv" site_id="py_disney" xmltv_id="Disney Channel">Disney Channel</channel>
    <channel update="i" site="mi.tv" site_id="py_disney-multicountry" xmltv_id="Disney Channel">Disney Channel</channel>
    <channel update="i" site="mi.tv" site_id="py_disney-xd" xmltv_id="Disney XD">Disney XD</channel>
    <channel update="i" site="mi.tv" site_id="py_el-trece" xmltv_id="El Trece">El Trece</channel>
    <channel update="i" site="mi.tv" site_id="py_enlace-tbn" xmltv_id="Enlace">Enlace</channel>
    <channel update="i" site="mi.tv" site_id="py_espn" xmltv_id="ESPN">ESPN</channel>
    <channel update="i" site="mi.tv" site_id="py_espn-1" xmltv_id="ESPN 2">ESPN 2</channel>
    <channel update="i" site="mi.tv" site_id="py_espn-3" xmltv_id="ESPN 3">ESPN 3</channel>
    <channel update="i" site="mi.tv" site_id="py_fox" xmltv_id="FOX">FOX</channel>
    <channel update="i" site="mi.tv" site_id="py_fox-1-hd" xmltv_id="FOX 1 HD">FOX 1 HD</channel>
    <channel update="i" site="mi.tv" site_id="py_fox-action-hd" xmltv_id="FOX Action HD">FOX Action HD</channel>
    <channel update="i" site="mi.tv" site_id="py_fox-comedy-hd" xmltv_id="FOX Comedy HD">FOX Comedy HD</channel>
    <channel update="i" site="mi.tv" site_id="py_fox-family-hd" xmltv_id="FOX Family HD">FOX Family HD</channel>
    <channel update="i" site="mi.tv" site_id="py_fox-hd" xmltv_id="FOX HD">FOX HD</channel>
    <channel update="i" site="mi.tv" site_id="py_fox-movies-hd" xmltv_id="FOX Movies HD">FOX Movies HD</channel>
    <channel update="i" site="mi.tv" site_id="py_fox-sports" xmltv_id="FOX Sports">FOX Sports</channel>
    <channel update="i" site="mi.tv" site_id="py_fox-sports-3" xmltv_id="FOX Sports 3">FOX Sports 3</channel>
    <channel update="i" site="mi.tv" site_id="py_fx" xmltv_id="FX">FX</channel>
    <channel update="i" site="mi.tv" site_id="py_golden" xmltv_id="Golden">Golden</channel>
    <channel update="i" site="mi.tv" site_id="py_gol-tv" xmltv_id="Gol TV">Gol TV</channel>
    <channel update="i" site="mi.tv" site_id="py_hbo" xmltv_id="HBO">HBO</channel>
    <channel update="i" site="mi.tv" site_id="py_hbo-hd-este" xmltv_id="HBO HD Este">HBO HD Este</channel>
    <channel update="i" site="mi.tv" site_id="py_hbo-plus-este" xmltv_id="HBO Plus Este">HBO Plus Este</channel>
    <channel update="i" site="mi.tv" site_id="py_hbo-signature" xmltv_id="HBO Signature">HBO Signature</channel>
    <channel update="i" site="mi.tv" site_id="py_hei-network" xmltv_id="HEi Network">HEi Network</channel>
    <channel update="i" site="mi.tv" site_id="py_hei-network-hd" xmltv_id="HEi Network HD">HEi Network HD</channel>
    <channel update="i" site="mi.tv" site_id="py_history" xmltv_id="History">History</channel>
    <channel update="i" site="mi.tv" site_id="py_htv" xmltv_id="HTV">HTV</channel>
    <channel update="i" site="mi.tv" site_id="py_infinito" xmltv_id="Infinito">Infinito</channel>
    <channel update="i" site="mi.tv" site_id="py_la-tele" xmltv_id="latele">latele</channel>
    <channel update="i" site="mi.tv" site_id="py_max" xmltv_id="Max">Max</channel>
    <channel update="i" site="mi.tv" site_id="py_max-up" xmltv_id="Max UP">Max UP</channel>
    <channel update="i" site="mi.tv" site_id="py_mtv" xmltv_id="MTV">MTV</channel>
    <channel update="i" site="mi.tv" site_id="py_multipremier" xmltv_id="Multipremier">Multipremier</channel>
    <channel update="i" site="mi.tv" site_id="py_mundo-fox" xmltv_id="Mundo Fox">Mundo Fox</channel>
    <channel update="i" site="mi.tv" site_id="py_national-geographic" xmltv_id="National Geographic">National Geographic</channel>
    <channel update="i" site="mi.tv" site_id="py_paraguay-tv" xmltv_id="Paraguay TV">Paraguay TV</channel>
    <channel update="i" site="mi.tv" site_id="py_canal-5-paravision" xmltv_id="Paravisión">Paravisión</channel>
    <channel update="i" site="mi.tv" site_id="py_playboy" xmltv_id="Playboy">Playboy</channel>
    <channel update="i" site="mi.tv" site_id="py_red-guarani" xmltv_id="Red Guaraní">Red Guaraní</channel>
    <channel update="i" site="mi.tv" site_id="py_canal-13" xmltv_id="RPC">RPC</channel>
    <channel update="i" site="mi.tv" site_id="py_russia-today-hd" xmltv_id="Russia Today HD">Russia Today HD</channel>
    <channel update="i" site="mi.tv" site_id="py_canal-9-snt" xmltv_id="SNT">SNT</channel>
    <channel update="i" site="mi.tv" site_id="py_sony" xmltv_id="Sony">Sony</channel>
    <channel update="i" site="mi.tv" site_id="py_sony-hd" xmltv_id="Sony HD">Sony HD</channel>
    <channel update="i" site="mi.tv" site_id="py_space" xmltv_id="Space">Space</channel>
    <channel update="i" site="mi.tv" site_id="py_studio-universal" xmltv_id="Studio Universal">Studio Universal</channel>
    <channel update="i" site="mi.tv" site_id="py_sur-tv" xmltv_id="Sur TV">Sur TV</channel>
    <channel update="i" site="mi.tv" site_id="py_teleamiga" xmltv_id="TeleAmiga">TeleAmiga</channel>
    <channel update="i" site="mi.tv" site_id="py_telecafe" xmltv_id="Telecafé">Telecafé</channel>
    <channel update="i" site="mi.tv" site_id="py_telefe-internacional" xmltv_id="Telefe Internacional">Telefe Internacional</channel>
    <channel update="i" site="mi.tv" site_id="py_telefuturo" xmltv_id="Telefuturo">Telefuturo</channel>
    <channel update="i" site="mi.tv" site_id="py_telemundo" xmltv_id="Telemundo">Telemundo</channel>
    <channel update="i" site="mi.tv" site_id="py_tigo-sports" xmltv_id="Tigo Sports">Tigo Sports</channel>
    <channel update="i" site="mi.tv" site_id="py_tlnovelas" xmltv_id="TLNovelas">TLNovelas</channel>
    <channel update="i" site="mi.tv" site_id="py_tnt" xmltv_id="TNT">TNT</channel>
    <channel update="i" site="mi.tv" site_id="py_tnt-series" xmltv_id="TNT Series">TNT Series</channel>
    <channel update="i" site="mi.tv" site_id="py_tooncast" xmltv_id="Tooncast">Tooncast</channel>
    <channel update="i" site="mi.tv" site_id="py_tvs" xmltv_id="TVS">TVS</channel>
    <channel update="i" site="mi.tv" site_id="py_tvs-hd" xmltv_id="TVS HD">TVS HD</channel>
    <channel update="i" site="mi.tv" site_id="py_tyc-sports" xmltv_id="TyC Sports">TyC Sports</channel>
    <channel update="i" site="mi.tv" site_id="py_unicanal" xmltv_id="Unicanal">Unicanal</channel>
    <channel update="i" site="mi.tv" site_id="py_universal-channel" xmltv_id="Universal Channel">Universal Channel</channel>
    <channel update="i" site="mi.tv" site_id="py_universal-channel-hd" xmltv_id="Universal Channel HD">Universal Channel HD</channel>
    <channel update="i" site="mi.tv" site_id="py_univision" xmltv_id="Univision">Univision</channel>
    <channel update="i" site="mi.tv" site_id="py_venus" xmltv_id="Venus">Venus</channel>
    <channel update="i" site="mi.tv" site_id="py_warner-channel" xmltv_id="Warner Channel">Warner Channel</channel>
    <channel update="i" site="mi.tv" site_id="py_warner" xmltv_id="Warner Channel">Warner Channel</channel>
    <channel update="i" site="mi.tv" site_id="py_warner-hd" xmltv_id="Warner Channel HD">Warner Channel HD</channel>
    <channel update="i" site="mi.tv" site_id="gt_3abn" xmltv_id="3ABN">3ABN</channel>
    <channel update="i" site="mi.tv" site_id="gt_a-e-mundo" xmltv_id="A&amp;E Mundo">A&amp;E Mundo</channel>
    <channel update="i" site="mi.tv" site_id="gt_amc" xmltv_id="AMC">AMC</channel>
    <channel update="i" site="mi.tv" site_id="gt_amc-hd" xmltv_id="AMC HD">AMC HD</channel>
    <channel update="i" site="mi.tv" site_id="gt_animal-planet" xmltv_id="Animal Planet">Animal Planet</channel>
    <channel update="i" site="mi.tv" site_id="gt_axn" xmltv_id="AXN">AXN</channel>
    <channel update="i" site="mi.tv" site_id="gt_az-corazon" xmltv_id="Az Corazón">Az Corazón</channel>
    <channel update="i" site="mi.tv" site_id="gt_az-mundo" xmltv_id="Az Mundo">Az Mundo</channel>
    <channel update="i" site="mi.tv" site_id="gt_azteca-13" xmltv_id="Azteca 13">Azteca 13</channel>
    <channel update="i" site="mi.tv" site_id="gt_azteca-guatemala" xmltv_id="Azteca Guatemala">Azteca Guatemala</channel>
    <channel update="i" site="mi.tv" site_id="gt_cablenoticias" xmltv_id="Cable Noticias">Cable Noticias</channel>
    <channel update="i" site="mi.tv" site_id="gt_canal-3" xmltv_id="Canal 3">Canal 3</channel>
    <channel update="i" site="mi.tv" site_id="gt_televisiete" xmltv_id="Canal 7 - Televisiete">Canal 7 - Televisiete</channel>
    <channel update="i" site="mi.tv" site_id="gt_teleonce-canal-11" xmltv_id="Canal 11 - Teleonce">Canal 11 - Teleonce</channel>
    <channel update="i" site="mi.tv" site_id="gt_trecevision-canal-13" xmltv_id="Canal 13 - Trecevisión">Canal 13 - Trecevisión</channel>
    <channel update="i" site="mi.tv" site_id="gt_canal-27" xmltv_id="Canal27">Canal27</channel>
    <channel update="i" site="mi.tv" site_id="gt_canal-antigua" xmltv_id="Canal Antigua">Canal Antigua</channel>
    <channel update="i" site="mi.tv" site_id="gt_canal-antigua-deportes" xmltv_id="Canal Antigua Deportes">Canal Antigua Deportes</channel>
    <channel update="i" site="mi.tv" site_id="gt_canal-de-las-estrellas" xmltv_id="Canal de las Estrellas">Canal de las Estrellas</channel>
    <channel update="i" site="mi.tv" site_id="gt_canal-nu" xmltv_id="Canal NU">Canal NU</channel>
    <channel update="i" site="mi.tv" site_id="gt_caracol-internacional" xmltv_id="Caracol Internacional">Caracol Internacional</channel>
    <channel update="i" site="mi.tv" site_id="gt_cartoon-network" xmltv_id="Cartoon Network">Cartoon Network</channel>
    <channel update="i" site="mi.tv" site_id="gt_cinecanal" xmltv_id="Cinecanal">Cinecanal</channel>
    <channel update="i" site="mi.tv" site_id="gt_cinema" xmltv_id="Cinema+">Cinema+</channel>
    <channel update="i" site="mi.tv" site_id="gt_cinemax" xmltv_id="Cinemax">Cinemax</channel>
    <channel update="i" site="mi.tv" site_id="gt_tvc-cine-mexicano-cmc" xmltv_id="Cine Mexicano">Cine Mexicano</channel>
    <channel update="i" site="mi.tv" site_id="gt_citytv" xmltv_id="Citytv">Citytv</channel>
    <channel update="i" site="mi.tv" site_id="gt_cnn-en-espanol" xmltv_id="CNN en Español">CNN en Español</channel>
    <channel update="i" site="mi.tv" site_id="gt_dhe" xmltv_id="DHE">DHE</channel>
    <channel update="i" site="mi.tv" site_id="gt_discovery-channel" xmltv_id="Discovery Channel">Discovery Channel</channel>
    <channel update="i" site="mi.tv" site_id="gt_discovery-home-and-health" xmltv_id="Discovery Home &amp; Health">Discovery Home &amp; Health</channel>
    <channel update="i" site="mi.tv" site_id="gt_discovery-kids" xmltv_id="Discovery Kids">Discovery Kids</channel>
    <channel update="i" site="mi.tv" site_id="gt_discovery-world-hd" xmltv_id="Discovery World HD">Discovery World HD</channel>
    <channel update="i" site="mi.tv" site_id="gt_disney" xmltv_id="Disney Channel">Disney Channel</channel>
    <channel update="i" site="mi.tv" site_id="gt_disney-jr" xmltv_id="Disney Junior">Disney Junior</channel>
    <channel update="i" site="mi.tv" site_id="gt_distrito-comedia" xmltv_id="Distrito Comedia">Distrito Comedia</channel>
    <channel update="i" site="mi.tv" site_id="gt_entertainment" xmltv_id="E!">E!</channel>
    <channel update="i" site="mi.tv" site_id="gt_enlace-juvenil" xmltv_id="Enlace Juvenil">Enlace Juvenil</channel>
    <channel update="i" site="mi.tv" site_id="gt_espn" xmltv_id="ESPN">ESPN</channel>
    <channel update="i" site="mi.tv" site_id="gt_espn-1" xmltv_id="ESPN +">ESPN +</channel>
    <channel update="i" site="mi.tv" site_id="gt_espn-hd" xmltv_id="ESPN+ HD">ESPN+ HD</channel>
    <channel update="i" site="mi.tv" site_id="gt_espn-3" xmltv_id="ESPN 3">ESPN 3</channel>
    <channel update="i" site="mi.tv" site_id="gt_film-zone" xmltv_id="Film Zone">Film Zone</channel>
    <channel update="i" site="mi.tv" site_id="gt_fox" xmltv_id="FOX">FOX</channel>
    <channel update="i" site="mi.tv" site_id="gt_fox-life" xmltv_id="FOX Life">FOX Life</channel>
    <channel update="i" site="mi.tv" site_id="gt_fox-sports-2" xmltv_id="FOX Sports 2">FOX Sports 2</channel>
    <channel update="i" site="mi.tv" site_id="gt_rede-globo" xmltv_id="Globo">Globo</channel>
    <channel update="i" site="mi.tv" site_id="gt_guatevision" xmltv_id="Guatevision">Guatevision</channel>
    <channel update="i" site="mi.tv" site_id="gt_h2" xmltv_id="H2">H2</channel>
    <channel update="i" site="mi.tv" site_id="gt_hbo-2" xmltv_id="HBO 2">HBO 2</channel>
    <channel update="i" site="mi.tv" site_id="gt_hbo-family" xmltv_id="HBO Family">HBO Family</channel>
    <channel update="i" site="mi.tv" site_id="gt_hbo-oeste" xmltv_id="HBO Oeste">HBO Oeste</channel>
    <channel update="i" site="mi.tv" site_id="gt_hbo-plus-mexico" xmltv_id="HBO Plus Mexico">HBO Plus Mexico</channel>
    <channel update="i" site="mi.tv" site_id="gt_hbo-plus-pan-regional" xmltv_id="HBO Plus Panregional">HBO Plus Panregional</channel>
    <channel update="i" site="mi.tv" site_id="gt_hbo-signature" xmltv_id="HBO Signature">HBO Signature</channel>
    <channel update="i" site="mi.tv" site_id="gt_history" xmltv_id="History">History</channel>
    <channel update="i" site="mi.tv" site_id="gt_history-hd" xmltv_id="History HD">History HD</channel>
    <channel update="i" site="mi.tv" site_id="gt_lifetime" xmltv_id="Lifetime">Lifetime</channel>
    <channel update="i" site="mi.tv" site_id="gt_max" xmltv_id="Max">Max</channel>
    <channel update="i" site="mi.tv" site_id="gt_max-prime" xmltv_id="Max Prime">Max Prime</channel>
    <channel update="i" site="mi.tv" site_id="gt_max-prime-mexico" xmltv_id="Max Prime México">Max Prime México</channel>
    <channel update="i" site="mi.tv" site_id="gt_m-tv" xmltv_id="MTV">MTV</channel>
    <channel update="i" site="mi.tv" site_id="gt_multipremier" xmltv_id="Multipremier">Multipremier</channel>
    <channel update="i" site="mi.tv" site_id="gt_national-geographic" xmltv_id="National Geographic">National Geographic</channel>
    <channel update="i" site="mi.tv" site_id="gt_nbc" xmltv_id="NBC">NBC</channel>
    <channel update="i" site="mi.tv" site_id="gt_nick-jr" xmltv_id="Nick Jr.">Nick Jr.</channel>
    <channel update="i" site="mi.tv" site_id="gt_ntv" xmltv_id="NTV">NTV</channel>
    <channel update="i" site="mi.tv" site_id="gt_pasiones" xmltv_id="Pasiones">Pasiones</channel>
    <channel update="i" site="mi.tv" site_id="gt_tvc-platino" xmltv_id="Platino">Platino</channel>
    <channel update="i" site="mi.tv" site_id="gt_rai" xmltv_id="RAI">RAI</channel>
    <channel update="i" site="mi.tv" site_id="gt_region" xmltv_id="Region +">Region +</channel>
    <channel update="i" site="mi.tv" site_id="gt_ritmoson-latino" xmltv_id="Ritmoson">Ritmoson</channel>
    <channel update="i" site="mi.tv" site_id="gt_russia-today-hd" xmltv_id="Russia Today HD">Russia Today HD</channel>
    <channel update="i" site="mi.tv" site_id="gt_sony" xmltv_id="Sony">Sony</channel>
    <channel update="i" site="mi.tv" site_id="gt_space" xmltv_id="Space">Space</channel>
    <channel update="i" site="mi.tv" site_id="gt_fox-sy-fy" xmltv_id="Syfy">Syfy</channel>
    <channel update="i" site="mi.tv" site_id="gt_tbs-veryfunny-pan" xmltv_id="TBS veryfunny">TBS veryfunny</channel>
    <channel update="i" site="mi.tv" site_id="gt_tcm" xmltv_id="TCM">TCM</channel>
    <channel update="i" site="mi.tv" site_id="gt_tdn" xmltv_id="TDN">TDN</channel>
    <channel update="i" site="mi.tv" site_id="gt_tdn-hd" xmltv_id="TDN HD">TDN HD</channel>
    <channel update="i" site="mi.tv" site_id="gt_telehit" xmltv_id="Telehit">Telehit</channel>
    <channel update="i" site="mi.tv" site_id="gt_telemedellin" xmltv_id="Telemedellín">Telemedellín</channel>
    <channel update="i" site="mi.tv" site_id="gt_telemicro" xmltv_id="Telemicro">Telemicro</channel>
    <channel update="i" site="mi.tv" site_id="gt_telemundo" xmltv_id="Telemundo">Telemundo</channel>
    <channel update="i" site="mi.tv" site_id="gt_tele-nostalgia" xmltv_id="Telenostalgia">Telenostalgia</channel>
    <channel update="i" site="mi.tv" site_id="gt_televen" xmltv_id="Televen">Televen</channel>
    <channel update="i" site="mi.tv" site_id="gt_discovery-tlc" xmltv_id="TLC">TLC</channel>
    <channel update="i" site="mi.tv" site_id="gt_tnt" xmltv_id="TNT">TNT</channel>
    <channel update="i" site="mi.tv" site_id="gt_tnt-hd" xmltv_id="TNT HD">TNT HD</channel>
    <channel update="i" site="mi.tv" site_id="gt_tnt-series" xmltv_id="TNT Series">TNT Series</channel>
    <channel update="i" site="mi.tv" site_id="gt_tooncast" xmltv_id="Tooncast">Tooncast</channel>
    <channel update="i" site="mi.tv" site_id="gt_tv-agro" xmltv_id="Tv Agro">Tv Agro</channel>
    <channel update="i" site="mi.tv" site_id="gt_tyc-sports" xmltv_id="TyC Sports">TyC Sports</channel>
    <channel update="i" site="mi.tv" site_id="gt_vh1-classic-usa" xmltv_id="VH1 Classic USA">VH1 Classic USA</channel>
    <channel update="i" site="mi.tv" site_id="gt_voa-tv" xmltv_id="Voa TV">Voa TV</channel>
    <channel update="i" site="mi.tv" site_id="gt_warner" xmltv_id="Warner Channel">Warner Channel</channel>
    <channel update="i" site="mi.tv" site_id="gt_x-time" xmltv_id="X-Time">X-Time</channel>
    <channel update="i" site="mi.tv" site_id="hn_3abn-latino" xmltv_id="3ABN Latino">3ABN Latino</channel>
    <channel update="i" site="mi.tv" site_id="hn_a-e-mundo" xmltv_id="A&amp;E Mundo">A&amp;E Mundo</channel>
    <channel update="i" site="mi.tv" site_id="hn_alfa-omega-vision" xmltv_id="Alfa &amp; Omega Vision">Alfa &amp; Omega Vision</channel>
    <channel update="i" site="mi.tv" site_id="hn_amc" xmltv_id="AMC">AMC</channel>
    <channel update="i" site="mi.tv" site_id="hn_animal-planet" xmltv_id="Animal Planet">Animal Planet</channel>
    <channel update="i" site="mi.tv" site_id="hn_antena3" xmltv_id="ANTENA3">ANTENA3</channel>
    <channel update="i" site="mi.tv" site_id="hn_axn" xmltv_id="AXN">AXN</channel>
    <channel update="i" site="mi.tv" site_id="hn_az-corazon" xmltv_id="Az Corazón">Az Corazón</channel>
    <channel update="i" site="mi.tv" site_id="hn_azteca-7" xmltv_id="Azteca 7">Azteca 7</channel>
    <channel update="i" site="mi.tv" site_id="hn_azteca-13" xmltv_id="Azteca 13">Azteca 13</channel>
    <channel update="i" site="mi.tv" site_id="hn_azteca-honduras" xmltv_id="Azteca Honduras">Azteca Honduras</channel>
    <channel update="i" site="mi.tv" site_id="hn_bandamax" xmltv_id="Bandamax">Bandamax</channel>
    <channel update="i" site="mi.tv" site_id="hn_bbce" xmltv_id="BBCE">BBCE</channel>
    <channel update="i" site="mi.tv" site_id="hn_beat-tv" xmltv_id="Beat TV">Beat TV</channel>
    <channel update="i" site="mi.tv" site_id="hn_bethel" xmltv_id="Bethel">Bethel</channel>
    <channel update="i" site="mi.tv" site_id="hn_bloomberg" xmltv_id="Bloomberg">Bloomberg</channel>
    <channel update="i" site="mi.tv" site_id="hn_boomerang-cartoon" xmltv_id="Boomerang">Boomerang</channel>
    <channel update="i" site="mi.tv" site_id="hn_canal-5" xmltv_id="Canal 5">Canal 5</channel>
    <channel update="i" site="mi.tv" site_id="hn_canal-de-las-estrellas" xmltv_id="Canal de las Estrellas">Canal de las Estrellas</channel>
    <channel update="i" site="mi.tv" site_id="hn_caracol-internacional" xmltv_id="Caracol Internacional">Caracol Internacional</channel>
    <channel update="i" site="mi.tv" site_id="hn_cartoon-network" xmltv_id="Cartoon Network">Cartoon Network</channel>
    <channel update="i" site="mi.tv" site_id="hn_cbeebies" xmltv_id="CBeebies">CBeebies</channel>
    <channel update="i" site="mi.tv" site_id="hn_cci-channel" xmltv_id="CCI Channel">CCI Channel</channel>
    <channel update="i" site="mi.tv" site_id="hn_cdm-cadena-de-milagros" xmltv_id="CDM - Cadena de Milagros">CDM - Cadena de Milagros</channel>
    <channel update="i" site="mi.tv" site_id="hn_cinecanal" xmltv_id="Cinecanal">Cinecanal</channel>
    <channel update="i" site="mi.tv" site_id="hn_cine-latino" xmltv_id="Cinelatino">Cinelatino</channel>
    <channel update="i" site="mi.tv" site_id="hn_cinema" xmltv_id="Cinema+">Cinema+</channel>
    <channel update="i" site="mi.tv" site_id="hn_cnn" xmltv_id="CNN">CNN</channel>
    <channel update="i" site="mi.tv" site_id="hn_cnn-en-espanol" xmltv_id="CNN en Español">CNN en Español</channel>
    <channel update="i" site="mi.tv" site_id="hn_cubavision" xmltv_id="Cubavisión">Cubavisión</channel>
    <channel update="i" site="mi.tv" site_id="hn_de-pelicula" xmltv_id="De Película">De Película</channel>
    <channel update="i" site="mi.tv" site_id="hn_dhe" xmltv_id="DHE">DHE</channel>
    <channel update="i" site="mi.tv" site_id="hn_discovery-channel" xmltv_id="Discovery Channel">Discovery Channel</channel>
    <channel update="i" site="mi.tv" site_id="hn_discovery-hd-theater" xmltv_id="Discovery HD Theater">Discovery HD Theater</channel>
    <channel update="i" site="mi.tv" site_id="hn_discovery-home-and-health" xmltv_id="Discovery Home &amp; Health">Discovery Home &amp; Health</channel>
    <channel update="i" site="mi.tv" site_id="hn_discovery-kids" xmltv_id="Discovery Kids">Discovery Kids</channel>
    <channel update="i" site="mi.tv" site_id="hn_discovery-world-hd" xmltv_id="Discovery World HD">Discovery World HD</channel>
    <channel update="i" site="mi.tv" site_id="hn_disney-multicountry" xmltv_id="Disney Channel">Disney Channel</channel>
    <channel update="i" site="mi.tv" site_id="hn_disney-hd" xmltv_id="Disney Channel HD">Disney Channel HD</channel>
    <channel update="i" site="mi.tv" site_id="hn_disney-jr" xmltv_id="Disney Junior">Disney Junior</channel>
    <channel update="i" site="mi.tv" site_id="hn_disney-xd" xmltv_id="Disney XD">Disney XD</channel>
    <channel update="i" site="mi.tv" site_id="hn_distrito-comedia" xmltv_id="Distrito Comedia">Distrito Comedia</channel>
    <channel update="i" site="mi.tv" site_id="hn_e" xmltv_id="E!">E!</channel>
    <channel update="i" site="mi.tv" site_id="hn_el-gourmet" xmltv_id="elgourmet">elgourmet</channel>
    <channel update="i" site="mi.tv" site_id="hn_enlace-tbn" xmltv_id="Enlace">Enlace</channel>
    <channel update="i" site="mi.tv" site_id="hn_espn-4" xmltv_id="ESPN">ESPN</channel>
    <channel update="i" site="mi.tv" site_id="hn_espn" xmltv_id="ESPN +">ESPN +</channel>
    <channel update="i" site="mi.tv" site_id="hn_espn-hd" xmltv_id="ESPN+ HD">ESPN+ HD</channel>
    <channel update="i" site="mi.tv" site_id="hn_espn-2" xmltv_id="ESPN 2">ESPN 2</channel>
    <channel update="i" site="mi.tv" site_id="hn_espn-3" xmltv_id="ESPN 3">ESPN 3</channel>
    <channel update="i" site="mi.tv" site_id="hn_ewtn" xmltv_id="EWTN">EWTN</channel>
    <channel update="i" site="mi.tv" site_id="hn_film-zone" xmltv_id="Film Zone">Film Zone</channel>
    <channel update="i" site="mi.tv" site_id="hn_fox" xmltv_id="FOX">FOX</channel>
    <channel update="i" site="mi.tv" site_id="hn_fox-1-este" xmltv_id="FOX 1 Este">FOX 1 Este</channel>
    <channel update="i" site="mi.tv" site_id="hn_fox-1-hd" xmltv_id="FOX 1 HD">FOX 1 HD</channel>
    <channel update="i" site="mi.tv" site_id="hn_fox-1-oeste" xmltv_id="FOX 1 Oeste">FOX 1 Oeste</channel>
    <channel update="i" site="mi.tv" site_id="hn_fox-action-oeste" xmltv_id="FOX Action">FOX Action</channel>
    <channel update="i" site="mi.tv" site_id="hn_fox-classics" xmltv_id="FOX Classics">FOX Classics</channel>
    <channel update="i" site="mi.tv" site_id="hn_fox-honduras" xmltv_id="FOX Honduras">FOX Honduras</channel>
    <channel update="i" site="mi.tv" site_id="hn_fox-life" xmltv_id="FOX Life">FOX Life</channel>
    <channel update="i" site="mi.tv" site_id="hn_fox-movies" xmltv_id="FOX Movies">FOX Movies</channel>
    <channel update="i" site="mi.tv" site_id="hn_fox-sports" xmltv_id="FOX Sports">FOX Sports</channel>
    <channel update="i" site="mi.tv" site_id="hn_fox-sports-2" xmltv_id="FOX Sports 2">FOX Sports 2</channel>
    <channel update="i" site="mi.tv" site_id="hn_fox-sports-3" xmltv_id="FOX Sports 3">FOX Sports 3</channel>
    <channel update="i" site="mi.tv" site_id="hn_fox-sy-fy" xmltv_id="FOX Syfy">FOX Syfy</channel>
    <channel update="i" site="mi.tv" site_id="hn_fx" xmltv_id="FX">FX</channel>
    <channel update="i" site="mi.tv" site_id="hn_globo-tv" xmltv_id="Globo TV">Globo TV</channel>
    <channel update="i" site="mi.tv" site_id="hn_golden" xmltv_id="Golden">Golden</channel>
    <channel update="i" site="mi.tv" site_id="hn_gol-tv" xmltv_id="Gol TV">Gol TV</channel>
    <channel update="i" site="mi.tv" site_id="hn_guatevision" xmltv_id="Guatevision">Guatevision</channel>
    <channel update="i" site="mi.tv" site_id="hn_hch-hable-como-habla" xmltv_id="Hable Como Habla">Hable Como Habla</channel>
    <channel update="i" site="mi.tv" site_id="hn_hbo" xmltv_id="HBO">HBO</channel>
    <channel update="i" site="mi.tv" site_id="hn_hbo-family" xmltv_id="HBO Family">HBO Family</channel>
    <channel update="i" site="mi.tv" site_id="hn_hbo-plus" xmltv_id="HBO Plus">HBO Plus</channel>
    <channel update="i" site="mi.tv" site_id="hn_hispan-tv" xmltv_id="HispanTV">HispanTV</channel>
    <channel update="i" site="mi.tv" site_id="hn_history" xmltv_id="History">History</channel>
    <channel update="i" site="mi.tv" site_id="hn_htv" xmltv_id="HTV">HTV</channel>
    <channel update="i" site="mi.tv" site_id="hn_discovery-id" xmltv_id="Investigation Discovery">Investigation Discovery</channel>
    <channel update="i" site="mi.tv" site_id="hn_kmusic" xmltv_id="Kmusic">Kmusic</channel>
    <channel update="i" site="mi.tv" site_id="hn_la-cosecha-canal-39" xmltv_id="La Cosecha">La Cosecha</channel>
    <channel update="i" site="mi.tv" site_id="hn_lifetime" xmltv_id="Lifetime">Lifetime</channel>
    <channel update="i" site="mi.tv" site_id="hn_max-prime" xmltv_id="Max Prime">Max Prime</channel>
    <channel update="i" site="mi.tv" site_id="hn_max-prime-mexico" xmltv_id="Max Prime México">Max Prime México</channel>
    <channel update="i" site="mi.tv" site_id="hn_m-tv" xmltv_id="MTV">MTV</channel>
    <channel update="i" site="mi.tv" site_id="hn_multipremier" xmltv_id="Multipremier">Multipremier</channel>
    <channel update="i" site="mi.tv" site_id="hn_mas-chic" xmltv_id="Más Chic">Más Chic</channel>
    <channel update="i" site="mi.tv" site_id="hn_national-geographic" xmltv_id="National Geographic">National Geographic</channel>
    <channel update="i" site="mi.tv" site_id="hn_nickelodeon" xmltv_id="Nickelodeon">Nickelodeon</channel>
    <channel update="i" site="mi.tv" site_id="hn_nick-jr" xmltv_id="Nick Jr.">Nick Jr.</channel>
    <channel update="i" site="mi.tv" site_id="hn_pasiones" xmltv_id="Pasiones">Pasiones</channel>
    <channel update="i" site="mi.tv" site_id="hn_rai" xmltv_id="RAI">RAI</channel>
    <channel update="i" site="mi.tv" site_id="hn_ritmoson-latino" xmltv_id="Ritmoson">Ritmoson</channel>
    <channel update="i" site="mi.tv" site_id="hn_sedena" xmltv_id="Sedena">Sedena</channel>
    <channel update="i" site="mi.tv" site_id="hn_si-tv" xmltv_id="SITV">SITV</channel>
    <channel update="i" site="mi.tv" site_id="hn_sony" xmltv_id="SONY">SONY</channel>
    <channel update="i" site="mi.tv" site_id="hn_space" xmltv_id="Space">Space</channel>
    <channel update="i" site="mi.tv" site_id="hn_studio-universal" xmltv_id="Studio Universal">Studio Universal</channel>
    <channel update="i" site="mi.tv" site_id="hn_suyapa-educativa-tv" xmltv_id="Suyapa Educativa TV">Suyapa Educativa TV</channel>
    <channel update="i" site="mi.tv" site_id="hn_suyapa-tv" xmltv_id="Suyapa TV">Suyapa TV</channel>
    <channel update="i" site="mi.tv" site_id="hn_tcm" xmltv_id="TCM">TCM</channel>
    <channel update="i" site="mi.tv" site_id="hn_tdn" xmltv_id="TDN">TDN</channel>
    <channel update="i" site="mi.tv" site_id="hn_telecadena" xmltv_id="Telecadena 7 y 4">Telecadena 7 y 4</channel>
    <channel update="i" site="mi.tv" site_id="hn_teleceiba" xmltv_id="Teleceiba">Teleceiba</channel>
    <channel update="i" site="mi.tv" site_id="hn_telehit" xmltv_id="Telehit">Telehit</channel>
    <channel update="i" site="mi.tv" site_id="hn_telemundo" xmltv_id="Telemundo">Telemundo</channel>
    <channel update="i" site="mi.tv" site_id="hn_tele-nostalgia" xmltv_id="Telenostalgia">Telenostalgia</channel>
    <channel update="i" site="mi.tv" site_id="hn_telered-21" xmltv_id="Telered21">Telered21</channel>
    <channel update="i" site="mi.tv" site_id="hn_telesistema-hondureno" xmltv_id="Telesistema 3 y 7">Telesistema 3 y 7</channel>
    <channel update="i" site="mi.tv" site_id="hn_telesur" xmltv_id="teleSUR">teleSUR</channel>
    <channel update="i" site="mi.tv" site_id="hn_discovery-tlc" xmltv_id="TLC">TLC</channel>
    <channel update="i" site="mi.tv" site_id="hn_tlnovelas" xmltv_id="TLNovelas">TLNovelas</channel>
    <channel update="i" site="mi.tv" site_id="hn_tnt" xmltv_id="TNT">TNT</channel>
    <channel update="i" site="mi.tv" site_id="hn_tnt-hd" xmltv_id="TNT HD">TNT HD</channel>
    <channel update="i" site="mi.tv" site_id="hn_tnt-series" xmltv_id="TNT Series">TNT Series</channel>
    <channel update="i" site="mi.tv" site_id="hn_todo-deportes-tdtv" xmltv_id="Todo Deportes">Todo Deportes</channel>
    <channel update="i" site="mi.tv" site_id="hn_tru-tv" xmltv_id="truTV">truTV</channel>
    <channel update="i" site="mi.tv" site_id="hn_tve" xmltv_id="TVE">TVE</channel>
    <channel update="i" site="mi.tv" site_id="hn_tvh" xmltv_id="TVH">TVH</channel>
    <channel update="i" site="mi.tv" site_id="hn_universal-channel" xmltv_id="Universal Channel">Universal Channel</channel>
    <channel update="i" site="mi.tv" site_id="hn_univision" xmltv_id="Univision">Univision</channel>
    <channel update="i" site="mi.tv" site_id="hn_utv-universidad-autonoma" xmltv_id="UTV - Universidad Autónoma">UTV - Universidad Autónoma</channel>
    <channel update="i" site="mi.tv" site_id="hn_venus" xmltv_id="Venus">Venus</channel>
    <channel update="i" site="mi.tv" site_id="hn_ve-plus-tv" xmltv_id="Ve Plus TV">Ve Plus TV</channel>
    <channel update="i" site="mi.tv" site_id="hn_vh1" xmltv_id="VH1">VH1</channel>
    <channel update="i" site="mi.tv" site_id="hn_vh1-classic-usa" xmltv_id="VH1 Classic USA">VH1 Classic USA</channel>
    <channel update="i" site="mi.tv" site_id="hn_vica-vtv" xmltv_id="VTV">VTV</channel>
    <channel update="i" site="mi.tv" site_id="hn_warner" xmltv_id="Warner Channel">Warner Channel</channel>
    <channel update="i" site="mi.tv" site_id="sv_a-e-mundo" xmltv_id="A&amp;E Mundo">A&amp;E Mundo</channel>
    <channel update="i" site="mi.tv" site_id="sv_amc" xmltv_id="AMC">AMC</channel>
    <channel update="i" site="mi.tv" site_id="sv_animal-planet" xmltv_id="Animal Planet">Animal Planet</channel>
    <channel update="i" site="mi.tv" site_id="sv_axn" xmltv_id="AXN">AXN</channel>
    <channel update="i" site="mi.tv" site_id="sv_az-corazon" xmltv_id="Az Corazón">Az Corazón</channel>
    <channel update="i" site="mi.tv" site_id="sv_azteca-13" xmltv_id="Azteca 13">Azteca 13</channel>
    <channel update="i" site="mi.tv" site_id="sv_bandamax" xmltv_id="Bandamax">Bandamax</channel>
    <channel update="i" site="mi.tv" site_id="sv_bbc-world" xmltv_id="BBC World">BBC World</channel>
    <channel update="i" site="mi.tv" site_id="sv_boomerang-cartoon" xmltv_id="Boomerang">Boomerang</channel>
    <channel update="i" site="mi.tv" site_id="sv_canal-2-nacional" xmltv_id="Canal 2">Canal 2</channel>
    <channel update="i" site="mi.tv" site_id="sv_canal-4-nacional" xmltv_id="Canal 4">Canal 4</channel>
    <channel update="i" site="mi.tv" site_id="sv_canal-6-nacional" xmltv_id="Canal 6">Canal 6</channel>
    <channel update="i" site="mi.tv" site_id="sv_canal-10-nacional" xmltv_id="Canal 10">Canal 10</channel>
    <channel update="i" site="mi.tv" site_id="sv_canal-12-nacional" xmltv_id="Canal 12">Canal 12</channel>
    <channel update="i" site="mi.tv" site_id="sv_canal-19-nacional" xmltv_id="Canal 19">Canal 19</channel>
    <channel update="i" site="mi.tv" site_id="sv_canal-21-nacional" xmltv_id="Canal 21">Canal 21</channel>
    <channel update="i" site="mi.tv" site_id="sv_canal-claro" xmltv_id="Canal Claro">Canal Claro</channel>
    <channel update="i" site="mi.tv" site_id="sv_canal-de-las-estrellas" xmltv_id="Canal de las Estrellas">Canal de las Estrellas</channel>
    <channel update="i" site="mi.tv" site_id="sv_cartoon-network" xmltv_id="Cartoon Network">Cartoon Network</channel>
    <channel update="i" site="mi.tv" site_id="sv_cinecanal" xmltv_id="Cinecanal">Cinecanal</channel>
    <channel update="i" site="mi.tv" site_id="sv_cine-latino" xmltv_id="Cinelatino">Cinelatino</channel>
    <channel update="i" site="mi.tv" site_id="sv_cinemax" xmltv_id="Cinemax">Cinemax</channel>
    <channel update="i" site="mi.tv" site_id="sv_cnn" xmltv_id="CNN">CNN</channel>
    <channel update="i" site="mi.tv" site_id="sv_cnn-en-espanol" xmltv_id="CNN en Español">CNN en Español</channel>
    <channel update="i" site="mi.tv" site_id="sv_concert-channel" xmltv_id="Concert Channel">Concert Channel</channel>
    <channel update="i" site="mi.tv" site_id="sv_de-pelicula" xmltv_id="De Película">De Película</channel>
    <channel update="i" site="mi.tv" site_id="sv_discovery-channel" xmltv_id="Discovery Channel">Discovery Channel</channel>
    <channel update="i" site="mi.tv" site_id="sv_discovery-home-and-health" xmltv_id="Discovery Home &amp; Health">Discovery Home &amp; Health</channel>
    <channel update="i" site="mi.tv" site_id="sv_discovery-kids" xmltv_id="Discovery Kids">Discovery Kids</channel>
    <channel update="i" site="mi.tv" site_id="sv_discovery-world-hd" xmltv_id="Discovery World HD">Discovery World HD</channel>
    <channel update="i" site="mi.tv" site_id="sv_disney" xmltv_id="Disney Channel">Disney Channel</channel>
    <channel update="i" site="mi.tv" site_id="sv_disney-jr-norte" xmltv_id="Disney Junior">Disney Junior</channel>
    <channel update="i" site="mi.tv" site_id="sv_disney-xd" xmltv_id="Disney XD">Disney XD</channel>
    <channel update="i" site="mi.tv" site_id="sv_entertainment" xmltv_id="E!">E!</channel>
    <channel update="i" site="mi.tv" site_id="sv_el-gourmet" xmltv_id="elgourmet">elgourmet</channel>
    <channel update="i" site="mi.tv" site_id="sv_enlace-tbn" xmltv_id="Enlace">Enlace</channel>
    <channel update="i" site="mi.tv" site_id="sv_espn" xmltv_id="ESPN">ESPN</channel>
    <channel update="i" site="mi.tv" site_id="sv_espn-hd" xmltv_id="ESPN+ HD">ESPN+ HD</channel>
    <channel update="i" site="mi.tv" site_id="sv_espn-2" xmltv_id="ESPN 2">ESPN 2</channel>
    <channel update="i" site="mi.tv" site_id="sv_ewtn" xmltv_id="EWTN">EWTN</channel>
    <channel update="i" site="mi.tv" site_id="sv_film-zone" xmltv_id="Film Zone">Film Zone</channel>
    <channel update="i" site="mi.tv" site_id="sv_fox" xmltv_id="FOX">FOX</channel>
    <channel update="i" site="mi.tv" site_id="sv_fox-life" xmltv_id="FOX Life">FOX Life</channel>
    <channel update="i" site="mi.tv" site_id="sv_fox-sports" xmltv_id="FOX Sports">FOX Sports</channel>
    <channel update="i" site="mi.tv" site_id="sv_fox-sports-2" xmltv_id="FOX Sports 2">FOX Sports 2</channel>
    <channel update="i" site="mi.tv" site_id="sv_fox-sports-3" xmltv_id="FOX Sports 3">FOX Sports 3</channel>
    <channel update="i" site="mi.tv" site_id="sv_fx" xmltv_id="FX">FX</channel>
    <channel update="i" site="mi.tv" site_id="sv_genteve-canal-29" xmltv_id="Gentevé">Gentevé</channel>
    <channel update="i" site="mi.tv" site_id="sv_golden" xmltv_id="Golden">Golden</channel>
    <channel update="i" site="mi.tv" site_id="sv_h2" xmltv_id="H2">H2</channel>
    <channel update="i" site="mi.tv" site_id="sv_hbo" xmltv_id="HBO">HBO</channel>
    <channel update="i" site="mi.tv" site_id="sv_hbo-2" xmltv_id="HBO 2">HBO 2</channel>
    <channel update="i" site="mi.tv" site_id="sv_history" xmltv_id="History">History</channel>
    <channel update="i" site="mi.tv" site_id="sv_htv" xmltv_id="HTV">HTV</channel>
    <channel update="i" site="mi.tv" site_id="sv_discovery-id" xmltv_id="Investigation Discovery">Investigation Discovery</channel>
    <channel update="i" site="mi.tv" site_id="sv_lifetime" xmltv_id="Lifetime">Lifetime</channel>
    <channel update="i" site="mi.tv" site_id="sv_max" xmltv_id="Max">Max</channel>
    <channel update="i" site="mi.tv" site_id="sv_m-tv" xmltv_id="MTV">MTV</channel>
    <channel update="i" site="mi.tv" site_id="sv_multipremier" xmltv_id="Multipremier">Multipremier</channel>
    <channel update="i" site="mi.tv" site_id="sv_mundo-max" xmltv_id="Mundo Fox">Mundo Fox</channel>
    <channel update="i" site="mi.tv" site_id="sv_mas-chic" xmltv_id="Más Chic">Más Chic</channel>
    <channel update="i" site="mi.tv" site_id="sv_national-geographic" xmltv_id="National Geographic">National Geographic</channel>
    <channel update="i" site="mi.tv" site_id="sv_nickelodeon" xmltv_id="Nickelodeon">Nickelodeon</channel>
    <channel update="i" site="mi.tv" site_id="sv_rai" xmltv_id="RAI">RAI</channel>
    <channel update="i" site="mi.tv" site_id="sv_ritmoson-latino" xmltv_id="Ritmoson">Ritmoson</channel>
    <channel update="i" site="mi.tv" site_id="sv_sony" xmltv_id="Sony">Sony</channel>
    <channel update="i" site="mi.tv" site_id="sv_space" xmltv_id="Space">Space</channel>
    <channel update="i" site="mi.tv" site_id="sv_studio-universal" xmltv_id="Studio Universal">Studio Universal</channel>
    <channel update="i" site="mi.tv" site_id="sv_tabernaculo-biblico-bautista" xmltv_id="Tabernaculo Biblico Bautista">Tabernaculo Biblico Bautista</channel>
    <channel update="i" site="mi.tv" site_id="sv_tbs-veryfunny" xmltv_id="TBS veryfunny">TBS veryfunny</channel>
    <channel update="i" site="mi.tv" site_id="sv_tcm" xmltv_id="TCM">TCM</channel>
    <channel update="i" site="mi.tv" site_id="sv_tdn" xmltv_id="TDN">TDN</channel>
    <channel update="i" site="mi.tv" site_id="sv_telemundo" xmltv_id="Telemundo">Telemundo</channel>
    <channel update="i" site="mi.tv" site_id="sv_telesur" xmltv_id="teleSUR">teleSUR</channel>
    <channel update="i" site="mi.tv" site_id="sv_discovery-tlc" xmltv_id="TLC">TLC</channel>
    <channel update="i" site="mi.tv" site_id="sv_tlnovelas" xmltv_id="TLNovelas">TLNovelas</channel>
    <channel update="i" site="mi.tv" site_id="sv_tnt" xmltv_id="TNT">TNT</channel>
    <channel update="i" site="mi.tv" site_id="sv_tnt-series" xmltv_id="TNT Series">TNT Series</channel>
    <channel update="i" site="mi.tv" site_id="sv_tve" xmltv_id="TVE">TVE</channel>
    <channel update="i" site="mi.tv" site_id="sv_tvn-chile" xmltv_id="TVN Chile">TVN Chile</channel>
    <channel update="i" site="mi.tv" site_id="sv_23-tv-oriente" xmltv_id="TVO Canal 23">TVO Canal 23</channel>
    <channel update="i" site="mi.tv" site_id="sv_canal-23-tvx" xmltv_id="TVX">TVX</channel>
    <channel update="i" site="mi.tv" site_id="sv_universal-channel" xmltv_id="Universal Channel">Universal Channel</channel>
    <channel update="i" site="mi.tv" site_id="sv_ve-plus-tv" xmltv_id="Ve Plus TV">Ve Plus TV</channel>
    <channel update="i" site="mi.tv" site_id="sv_vh1" xmltv_id="VH1">VH1</channel>
    <channel update="i" site="mi.tv" site_id="sv_vtv" xmltv_id="VTV">VTV</channel>
    <channel update="i" site="mi.tv" site_id="sv_warner" xmltv_id="Warner Channel">Warner Channel</channel>
  </channels>
</site>
