﻿<?xml version="1.0" encoding="UTF-8"?>
<site generator-info-name="WebGrab+Plus/w MDB &amp; REX Postprocess -- version V1.56.28.2 -- Jan van Straaten" site="tvpassport.com">
  <channels>
    <channel update="i" site="tvpassport.com" site_id="canal-m/5955" xmltv_id="Canal M">Canal M</channel>
    <channel update="i" site="tvpassport.com" site_id="amitv-east/6056" xmltv_id="AMI-tv East">AMI-tv East</channel>
    <channel update="i" site="tvpassport.com" site_id="amiaudio-east/3414" xmltv_id="AMI-Audio - East">AMI-Audio - East</channel>
    <channel update="i" site="tvpassport.com" site_id="amitele/13775" xmltv_id="AMI-télé">AMI-télé</channel>
    <channel update="i" site="tvpassport.com" site_id="pbs-wmae-booneville-ms/1402" xmltv_id="PBS (WMAE) Booneville, MS">PBS (WMAE) Booneville, MS</channel>
    <channel update="i" site="tvpassport.com" site_id="v-cfjp-montreal-qc/301" xmltv_id="V (CFJP) Montreal, QC">V (CFJP) Montreal, QC</channel>
    <channel update="i" site="tvpassport.com" site_id="tva-cftm-montreal/106" xmltv_id="TVA (CFTM) Montréal">TVA (CFTM) Montréal</channel>
    <channel update="i" site="tvpassport.com" site_id="meteomedia-montreal/5942" xmltv_id="Meteo-Media Montreal">Meteo-Media Montreal</channel>
    <channel update="i" site="tvpassport.com" site_id="shopping-channel/359" xmltv_id="Shopping Channel">Shopping Channel</channel>
    <channel update="i" site="tvpassport.com" site_id="rds-reseau-des-sports/47" xmltv_id="RDS (Réseau des sports)">RDS (Réseau des sports)</channel>
    <channel update="i" site="tvpassport.com" site_id="rds-2/9705" xmltv_id="RDS 2">RDS 2</channel>
    <channel update="i" site="tvpassport.com" site_id="rds-info/3889" xmltv_id="RDS Info">RDS Info</channel>
    <channel update="i" site="tvpassport.com" site_id="tva-sports/9823" xmltv_id="TVA Sports">TVA Sports</channel>
    <channel update="i" site="tvpassport.com" site_id="lcn/432" xmltv_id="LCN">LCN</channel>
    <channel update="i" site="tvpassport.com" site_id="rdi-news/8" xmltv_id="RDI (News)">RDI (News)</channel>
    <channel update="i" site="tvpassport.com" site_id="euronews-francais/3900" xmltv_id="Euronews - Français">Euronews - Français</channel>
    <channel update="i" site="tvpassport.com" site_id="addik-tv/2033" xmltv_id="Addik TV">Addik TV</channel>
    <channel update="i" site="tvpassport.com" site_id="z/344" xmltv_id="Z">Z</channel>
    <channel update="i" site="tvpassport.com" site_id="series/341" xmltv_id="Series +">Series +</channel>
    <channel update="i" site="tvpassport.com" site_id="canal-evasion/343" xmltv_id="Canal Evasion">Canal Evasion</channel>
    <channel update="i" site="tvpassport.com" site_id="historia/345" xmltv_id="Historia">Historia</channel>
    <channel update="i" site="tvpassport.com" site_id="canal-d/108" xmltv_id="Canal D">Canal D</channel>
    <channel update="i" site="tvpassport.com" site_id="explora/10298" xmltv_id="Explora">Explora</channel>
    <channel update="i" site="tvpassport.com" site_id="investigation/11344" xmltv_id="Investigation">Investigation</channel>
    <channel update="i" site="tvpassport.com" site_id="musique-plus/101" xmltv_id="Musique Plus">Musique Plus</channel>
    <channel update="i" site="tvpassport.com" site_id="musimax/306" xmltv_id="MusiMax">MusiMax</channel>
    <channel update="i" site="tvpassport.com" site_id="artv/459" xmltv_id="ARTV">ARTV</channel>
    <channel update="i" site="tvpassport.com" site_id="tv5-international-east/23" xmltv_id="TV5 International - East">TV5 International - East</channel>
    <channel update="i" site="tvpassport.com" site_id="casa/5484" xmltv_id="CASA">CASA</channel>
    <channel update="i" site="tvpassport.com" site_id="zeste/7508" xmltv_id="Zeste">Zeste</channel>
    <channel update="i" site="tvpassport.com" site_id="canal-vie/307" xmltv_id="Canal Vie">Canal Vie</channel>
    <channel update="i" site="tvpassport.com" site_id="moi-et-compagnie/9109" xmltv_id="Moi et compagnie">Moi et compagnie</channel>
    <channel update="i" site="tvpassport.com" site_id="prise-2/2848" xmltv_id="Prise 2">Prise 2</channel>
    <channel update="i" site="tvpassport.com" site_id="assemblee-nationale-du-quebec/431" xmltv_id="Assemblee nationale du Quebec">Assemblee nationale du Quebec</channel>
    <channel update="i" site="tvpassport.com" site_id="tfo-chaine-francaise/10" xmltv_id="TFO - Chaine Francaise">TFO - Chaine Francaise</channel>
    <channel update="i" site="tvpassport.com" site_id="telequebec-civm-montreal/1140" xmltv_id="Tele-Quebec (CIVM) Montreal">Tele-Quebec (CIVM) Montreal</channel>
    <channel update="i" site="tvpassport.com" site_id="canal-savoir/342" xmltv_id="Canal Savoir">Canal Savoir</channel>
    <channel update="i" site="tvpassport.com" site_id="cpac-francais/429" xmltv_id="CPAC (Francais)">CPAC (Francais)</channel>
    <channel update="i" site="tvpassport.com" site_id="vrak/48" xmltv_id="VRAK">VRAK</channel>
    <channel update="i" site="tvpassport.com" site_id="telemagino/8019" xmltv_id="Télémagino">Télémagino</channel>
    <channel update="i" site="tvpassport.com" site_id="yoopa/7616" xmltv_id="Yoopa">Yoopa</channel>
    <channel update="i" site="tvpassport.com" site_id="teletoon-francais/308" xmltv_id="TéléTOON - français">TéléTOON - français</channel>
    <channel update="i" site="tvpassport.com" site_id="la-chaine-disney/5981" xmltv_id="La Chaine Disney">La Chaine Disney</channel>
    <channel update="i" site="tvpassport.com" site_id="super-ecran/57" xmltv_id="Super Ecran">Super Ecran</channel>
    <channel update="i" site="tvpassport.com" site_id="super-ecran-2/362" xmltv_id="Super Ecran 2">Super Ecran 2</channel>
    <channel update="i" site="tvpassport.com" site_id="super-ecran-3/410" xmltv_id="Super Ecran 3">Super Ecran 3</channel>
    <channel update="i" site="tvpassport.com" site_id="super-ecran-4/411" xmltv_id="Super Ecran 4">Super Ecran 4</channel>
    <channel update="i" site="tvpassport.com" site_id="cinepop/2325" xmltv_id="Cinépop">Cinépop</channel>
    <channel update="i" site="tvpassport.com" site_id="tva-cftm-west-feed/1753" xmltv_id="TVA (CFTM) West Feed">TVA (CFTM) West Feed</channel>
    <channel update="i" site="tvpassport.com" site_id="src-cbaft-moncton-nb/118" xmltv_id="SRC (CBAFT) Moncton, NB">SRC (CBAFT) Moncton, NB</channel>
    <channel update="i" site="tvpassport.com" site_id="src-cbft-montreal-qc/196" xmltv_id="SRC (CBFT) Montreal, QC">SRC (CBFT) Montreal, QC</channel>
    <channel update="i" site="tvpassport.com" site_id="src-cbuft-vancouver-bc/188" xmltv_id="SRC (CBUFT) Vancouver, BC">SRC (CBUFT) Vancouver, BC</channel>
    <channel update="i" site="tvpassport.com" site_id="ctv-cfto-toronto-on/39" xmltv_id="CTV (CFTO) Toronto, ON">CTV (CFTO) Toronto, ON</channel>
    <channel update="i" site="tvpassport.com" site_id="ctv-two-toronto-on/36" xmltv_id="CTV Two Toronto, ON">CTV Two Toronto, ON</channel>
    <channel update="i" site="tvpassport.com" site_id="global-ciiidt41-toronto/13585" xmltv_id="Global (CIII-DT-41) Toronto">Global (CIII-DT-41) Toronto</channel>
    <channel update="i" site="tvpassport.com" site_id="city-tv-toronto-on/42" xmltv_id="CITY TV Toronto, ON">CITY TV Toronto, ON</channel>
    <channel update="i" site="tvpassport.com" site_id="cbc-cblt-toronto-on/34" xmltv_id="CBC (CBLT) Toronto, ON">CBC (CBLT) Toronto, ON</channel>
    <channel update="i" site="tvpassport.com" site_id="omni1-television/41" xmltv_id="OMNI.1 Television">OMNI.1 Television</channel>
    <channel update="i" site="tvpassport.com" site_id="omni2/613" xmltv_id="OMNI.2">OMNI.2</channel>
    <channel update="i" site="tvpassport.com" site_id="tvo-tv-ontario/18" xmltv_id="TVO (TV Ontario)">TVO (TV Ontario)</channel>
    <channel update="i" site="tvpassport.com" site_id="chek-vancouver-island-bc/183" xmltv_id="CHEK Vancouver Island, BC">CHEK Vancouver Island, BC</channel>
    <channel update="i" site="tvpassport.com" site_id="chch-hamilton-on/43" xmltv_id="CHCH Hamilton, ON">CHCH Hamilton, ON</channel>
    <channel update="i" site="tvpassport.com" site_id="cjon-ntv-stjohn-nl/199" xmltv_id="CJON (NTV) St-John, NL">CJON (NTV) St-John, NL</channel>
    <channel update="i" site="tvpassport.com" site_id="vision-tv/17" xmltv_id="Vision TV">Vision TV</channel>
    <channel update="i" site="tvpassport.com" site_id="aptn-east/198" xmltv_id="APTN - East">APTN - East</channel>
    <channel update="i" site="tvpassport.com" site_id="nbc-wgrz-buffalo-ny/91" xmltv_id="NBC (WGRZ) Buffalo, NY">NBC (WGRZ) Buffalo, NY</channel>
    <channel update="i" site="tvpassport.com" site_id="abc-wkbw-buffalo-ny/89" xmltv_id="ABC (WKBW) Buffalo, NY">ABC (WKBW) Buffalo, NY</channel>
    <channel update="i" site="tvpassport.com" site_id="cbs-wivb-buffalo-ny/88" xmltv_id="CBS (WIVB) Buffalo, NY">CBS (WIVB) Buffalo, NY</channel>
    <channel update="i" site="tvpassport.com" site_id="fox-wutv-buffalo-ny/45" xmltv_id="FOX (WUTV) Buffalo, NY">FOX (WUTV) Buffalo, NY</channel>
    <channel update="i" site="tvpassport.com" site_id="pbs-wned-buffalo-ny/92" xmltv_id="PBS (WNED) Buffalo, NY">PBS (WNED) Buffalo, NY</channel>
    <channel update="i" site="tvpassport.com" site_id="ctv-chextv2-durham-on/1882" xmltv_id="CTV (CHEX-TV-2) Durham, ON">CTV (CHEX-TV-2) Durham, ON</channel>
    <channel update="i" site="tvpassport.com" site_id="ctv-chex-peterborough-on/37" xmltv_id="CTV (CHEX) Peterborough, ON">CTV (CHEX) Peterborough, ON</channel>
    <channel update="i" site="tvpassport.com" site_id="ctv-ckws-kingston-on/24" xmltv_id="CTV (CKWS) Kingston, ON">CTV (CKWS) Kingston, ON</channel>
    <channel update="i" site="tvpassport.com" site_id="ctv-cjch-halifax/3316" xmltv_id="CTV (CJCH) Halifax">CTV (CJCH) Halifax</channel>
    <channel update="i" site="tvpassport.com" site_id="ctv-vancouver-bc/185" xmltv_id="CTV Vancouver, BC">CTV Vancouver, BC</channel>
    <channel update="i" site="tvpassport.com" site_id="ctv-two-vancouver-island-bc/454" xmltv_id="CTV Two Vancouver Island. BC">CTV Two Vancouver Island. BC</channel>
    <channel update="i" site="tvpassport.com" site_id="cbc-cbat-fredericton-nb/114" xmltv_id="CBC (CBAT) Fredericton, NB">CBC (CBAT) Fredericton, NB</channel>
    <channel update="i" site="tvpassport.com" site_id="ctv-two-atlantic-region/116" xmltv_id="CTV Two Atlantic Region">CTV Two Atlantic Region</channel>
    <channel update="i" site="tvpassport.com" site_id="cbc-cbot-ottawa-on/49" xmltv_id="CBC (CBOT) Ottawa, ON">CBC (CBOT) Ottawa, ON</channel>
    <channel update="i" site="tvpassport.com" site_id="cbc-cbwt-winnipeg-mb/110" xmltv_id="CBC (CBWT) Winnipeg, MB">CBC (CBWT) Winnipeg, MB</channel>
    <channel update="i" site="tvpassport.com" site_id="cbc-cbrt-calgary-ab/147" xmltv_id="CBC (CBRT) Calgary, AB">CBC (CBRT) Calgary, AB</channel>
    <channel update="i" site="tvpassport.com" site_id="cbc-cbut-vancouver-bc/180" xmltv_id="CBC (CBUT) Vancouver, BC">CBC (CBUT) Vancouver, BC</channel>
    <channel update="i" site="tvpassport.com" site_id="cbc-cbxt-edmonton-ab/146" xmltv_id="CBC (CBXT) Edmonton, AB">CBC (CBXT) Edmonton, AB</channel>
    <channel update="i" site="tvpassport.com" site_id="global-cihf-dartmouth/115" xmltv_id="Global (CIHF) Dartmouth">Global (CIHF) Dartmouth</channel>
    <channel update="i" site="tvpassport.com" site_id="global-bc/31" xmltv_id="Global BC">Global BC</channel>
    <channel update="i" site="tvpassport.com" site_id="city-tv-montreal-qc/1171" xmltv_id="CITY TV Montreal, QC">CITY TV Montreal, QC</channel>
    <channel update="i" site="tvpassport.com" site_id="city-tv-vancouver-bc/187" xmltv_id="CITY TV Vancouver, BC">CITY TV Vancouver, BC</channel>
    <channel update="i" site="tvpassport.com" site_id="nbc-king-seattle-wa/182" xmltv_id="NBC (KING) Seattle, WA">NBC (KING) Seattle, WA</channel>
    <channel update="i" site="tvpassport.com" site_id="abc-komo-seattle-wa/181" xmltv_id="ABC (KOMO) Seattle, WA">ABC (KOMO) Seattle, WA</channel>
    <channel update="i" site="tvpassport.com" site_id="fox-kcpq-tacoma-wa/189" xmltv_id="FOX (KCPQ) Tacoma, WA">FOX (KCPQ) Tacoma, WA</channel>
    <channel update="i" site="tvpassport.com" site_id="pbs-kcts-seattle-wa/190" xmltv_id="PBS (KCTS) Seattle, WA">PBS (KCTS) Seattle, WA</channel>
    <channel update="i" site="tvpassport.com" site_id="mnt-wnyo-buffalo-ny/324" xmltv_id="MNT (WNYO) Buffalo, NY">MNT (WNYO) Buffalo, NY</channel>
    <channel update="i" site="tvpassport.com" site_id="peachtree-tv-canada/4179" xmltv_id="Peachtree TV (Canada)">Peachtree TV (Canada)</channel>
    <channel update="i" site="tvpassport.com" site_id="wgn-canada/4202" xmltv_id="WGN Canada">WGN Canada</channel>
    <channel update="i" site="tvpassport.com" site_id="wsbk-tv38-boston/58" xmltv_id="WSBK (TV-38) Boston">WSBK (TV-38) Boston</channel>
    <channel update="i" site="tvpassport.com" site_id="wpix-new-york-superstation/63" xmltv_id="WPIX New York (SUPERSTATION)">WPIX New York (SUPERSTATION)</channel>
    <channel update="i" site="tvpassport.com" site_id="ktla-los-angeles-ca/90" xmltv_id="KTLA Los Angeles, CA">KTLA Los Angeles, CA</channel>
    <channel update="i" site="tvpassport.com" site_id="hbo-on-demand/3479" xmltv_id="HBO On Demand">HBO On Demand</channel>
    <channel update="i" site="tvpassport.com" site_id="m-the-movie-network/72" xmltv_id="M (The Movie Network)">M (The Movie Network)</channel>
    <channel update="i" site="tvpassport.com" site_id="the-movie-network-4/320" xmltv_id="The Movie Network 4">The Movie Network 4</channel>
    <channel update="i" site="tvpassport.com" site_id="the-movie-network-3/85" xmltv_id="The Movie Network 3">The Movie Network 3</channel>
    <channel update="i" site="tvpassport.com" site_id="the-movie-network-2/86" xmltv_id="The Movie Network 2">The Movie Network 2</channel>
    <channel update="i" site="tvpassport.com" site_id="tmn-encore-1/55" xmltv_id="TMN Encore 1">TMN Encore 1</channel>
    <channel update="i" site="tvpassport.com" site_id="tmn-encore-2/438" xmltv_id="TMN Encore 2">TMN Encore 2</channel>
    <channel update="i" site="tvpassport.com" site_id="hbo-canada-1/84" xmltv_id="HBO Canada 1">HBO Canada 1</channel>
    <channel update="i" site="tvpassport.com" site_id="hbo-canada-2/6424" xmltv_id="HBO Canada 2">HBO Canada 2</channel>
    <channel update="i" site="tvpassport.com" site_id="tmn-encore-ondemand/4180" xmltv_id="TMN Encore onDemand">TMN Encore onDemand</channel>
    <channel update="i" site="tvpassport.com" site_id="super-channel-on-demand/5598" xmltv_id="Super Channel on Demand">Super Channel on Demand</channel>
    <channel update="i" site="tvpassport.com" site_id="super-channel-1/4833" xmltv_id="Super Channel 1">Super Channel 1</channel>
    <channel update="i" site="tvpassport.com" site_id="super-channel-2/4834" xmltv_id="Super Channel 2">Super Channel 2</channel>
    <channel update="i" site="tvpassport.com" site_id="super-channel-3/4835" xmltv_id="Super Channel 3">Super Channel 3</channel>
    <channel update="i" site="tvpassport.com" site_id="super-channel-4/4836" xmltv_id="Super Channel 4">Super Channel 4</channel>
    <channel update="i" site="tvpassport.com" site_id="independent-film-channel-canada/477" xmltv_id="Independent Film Channel Canada">Independent Film Channel Canada</channel>
    <channel update="i" site="tvpassport.com" site_id="fx-networks-canada/10026" xmltv_id="FX Networks Canada">FX Networks Canada</channel>
    <channel update="i" site="tvpassport.com" site_id="fxx-canada/13400" xmltv_id="FXX Canada">FXX Canada</channel>
    <channel update="i" site="tvpassport.com" site_id="w-movies/7406" xmltv_id="W Movies">W Movies</channel>
    <channel update="i" site="tvpassport.com" site_id="action-east/607" xmltv_id="Action - East">Action - East</channel>
    <channel update="i" site="tvpassport.com" site_id="lifetime-network-us-eastern-feed/654" xmltv_id="Lifetime Network US - Eastern Feed">Lifetime Network US - Eastern Feed</channel>
    <channel update="i" site="tvpassport.com" site_id="documentary-channel-canada/462" xmltv_id="Documentary Channel (Canada)">Documentary Channel (Canada)</channel>
    <channel update="i" site="tvpassport.com" site_id="silver-screen-classics/2115" xmltv_id="Silver Screen Classics">Silver Screen Classics</channel>
    <channel update="i" site="tvpassport.com" site_id="turner-classic-movies-canada/2847" xmltv_id="Turner Classic Movies Canada">Turner Classic Movies Canada</channel>
    <channel update="i" site="tvpassport.com" site_id="amc-canada/3822" xmltv_id="AMC - Canada">AMC - Canada</channel>
    <channel update="i" site="tvpassport.com" site_id="movietime/464" xmltv_id="MovieTime">MovieTime</channel>
    <channel update="i" site="tvpassport.com" site_id="tsn5/278" xmltv_id="TSN5">TSN5</channel>
    <channel update="i" site="tvpassport.com" site_id="tsn1/11" xmltv_id="TSN1">TSN1</channel>
    <channel update="i" site="tvpassport.com" site_id="tsn2/4294" xmltv_id="TSN2">TSN2</channel>
    <channel update="i" site="tvpassport.com" site_id="tsn3/13719" xmltv_id="TSN3">TSN3</channel>
    <channel update="i" site="tvpassport.com" site_id="tsn4/279" xmltv_id="TSN4">TSN4</channel>
    <channel update="i" site="tvpassport.com" site_id="sportsnet-ontario/254" xmltv_id="Sportsnet (Ontario)">Sportsnet (Ontario)</channel>
    <channel update="i" site="tvpassport.com" site_id="sportsnet-east-satellitedigital/332" xmltv_id="Sportsnet (East) - Satellite/Digital">Sportsnet (East) - Satellite/Digital</channel>
    <channel update="i" site="tvpassport.com" site_id="sportsnet-pacific-satellitedigital/253" xmltv_id="Sportsnet (Pacific) - Satellite/Digital">Sportsnet (Pacific) - Satellite/Digital</channel>
    <channel update="i" site="tvpassport.com" site_id="sportsnet-west-satellitedigital/2705" xmltv_id="Sportsnet (West) - Satellite/Digital">Sportsnet (West) - Satellite/Digital</channel>
    <channel update="i" site="tvpassport.com" site_id="espn-classic-canada/1154" xmltv_id="ESPN Classic Canada">ESPN Classic Canada</channel>
    <channel update="i" site="tvpassport.com" site_id="sportsnet-one/8249" xmltv_id="Sportsnet One">Sportsnet One</channel>
    <channel update="i" site="tvpassport.com" site_id="sportsnet-360/336" xmltv_id="Sportsnet 360">Sportsnet 360</channel>
    <channel update="i" site="tvpassport.com" site_id="outdoor-life-network-canada/160" xmltv_id="Outdoor Life Network Canada">Outdoor Life Network Canada</channel>
    <channel update="i" site="tvpassport.com" site_id="cbs-sports-network-canada/10708" xmltv_id="CBS Sports Network Canada">CBS Sports Network Canada</channel>
    <channel update="i" site="tvpassport.com" site_id="nba-tv-canada/1150" xmltv_id="NBA TV Canada">NBA TV Canada</channel>
    <channel update="i" site="tvpassport.com" site_id="golf-channel-canada/9900" xmltv_id="Golf Channel Canada">Golf Channel Canada</channel>
    <channel update="i" site="tvpassport.com" site_id="fox-sports-racing/192" xmltv_id="Fox Sports Racing">Fox Sports Racing</channel>
    <channel update="i" site="tvpassport.com" site_id="wfnworld-fishing-network/2414" xmltv_id="WFN-World Fishing Network">WFN-World Fishing Network</channel>
    <channel update="i" site="tvpassport.com" site_id="sportsnet-world/4442" xmltv_id="Sportsnet World">Sportsnet World</channel>
    <channel update="i" site="tvpassport.com" site_id="leafs-tv/1151" xmltv_id="Leafs TV">Leafs TV</channel>
    <channel update="i" site="tvpassport.com" site_id="fight-network-canada/3433" xmltv_id="Fight Network Canada">Fight Network Canada</channel>
    <channel update="i" site="tvpassport.com" site_id="wild-tv/2976" xmltv_id="Wild TV">Wild TV</channel>
    <channel update="i" site="tvpassport.com" site_id="nhl-center-ice-1/15375" xmltv_id="NHL Center Ice 1">NHL Center Ice 1</channel>
    <channel update="i" site="tvpassport.com" site_id="nhl-center-ice-2/15383" xmltv_id="NHL Center Ice 2">NHL Center Ice 2</channel>
    <channel update="i" site="tvpassport.com" site_id="nhl-center-ice-3/15385" xmltv_id="NHL Center Ice 3">NHL Center Ice 3</channel>
    <channel update="i" site="tvpassport.com" site_id="nhl-center-ice-4/15387" xmltv_id="NHL Center Ice 4">NHL Center Ice 4</channel>
    <channel update="i" site="tvpassport.com" site_id="nhl-center-ice-5/15389" xmltv_id="NHL Center Ice 5">NHL Center Ice 5</channel>
    <channel update="i" site="tvpassport.com" site_id="nhl-center-ice-6/15392" xmltv_id="NHL Center Ice 6">NHL Center Ice 6</channel>
    <channel update="i" site="tvpassport.com" site_id="nhl-center-ice-7/15393" xmltv_id="NHL Center Ice 7">NHL Center Ice 7</channel>
    <channel update="i" site="tvpassport.com" site_id="nhl-center-ice-8/15395" xmltv_id="NHL Center Ice 8">NHL Center Ice 8</channel>
    <channel update="i" site="tvpassport.com" site_id="nhl-center-ice-9/15397" xmltv_id="NHL Center Ice 9">NHL Center Ice 9</channel>
    <channel update="i" site="tvpassport.com" site_id="nhl-center-ice-10/15377" xmltv_id="NHL Center Ice 10">NHL Center Ice 10</channel>
    <channel update="i" site="tvpassport.com" site_id="nfl-network/3349" xmltv_id="NFL Network">NFL Network</channel>
    <channel update="i" site="tvpassport.com" site_id="nfl-sunday-ticket-1/2747" xmltv_id="NFL Sunday Ticket 1">NFL Sunday Ticket 1</channel>
    <channel update="i" site="tvpassport.com" site_id="nfl-sunday-ticket-2/2748" xmltv_id="NFL Sunday Ticket 2">NFL Sunday Ticket 2</channel>
    <channel update="i" site="tvpassport.com" site_id="nfl-sunday-ticket-3/2749" xmltv_id="NFL Sunday Ticket 3">NFL Sunday Ticket 3</channel>
    <channel update="i" site="tvpassport.com" site_id="nfl-sunday-ticket-4/2750" xmltv_id="NFL Sunday Ticket 4">NFL Sunday Ticket 4</channel>
    <channel update="i" site="tvpassport.com" site_id="nfl-sunday-ticket-5/2751" xmltv_id="NFL Sunday Ticket 5">NFL Sunday Ticket 5</channel>
    <channel update="i" site="tvpassport.com" site_id="nfl-sunday-ticket-6/2752" xmltv_id="NFL Sunday Ticket 6">NFL Sunday Ticket 6</channel>
    <channel update="i" site="tvpassport.com" site_id="nfl-sunday-ticket-7/2753" xmltv_id="NFL Sunday Ticket 7">NFL Sunday Ticket 7</channel>
    <channel update="i" site="tvpassport.com" site_id="nfl-sunday-ticket-8/2754" xmltv_id="NFL Sunday Ticket 8">NFL Sunday Ticket 8</channel>
    <channel update="i" site="tvpassport.com" site_id="nfl-sunday-ticket-9/2755" xmltv_id="NFL Sunday Ticket 9">NFL Sunday Ticket 9</channel>
    <channel update="i" site="tvpassport.com" site_id="nfl-sunday-ticket-10/2756" xmltv_id="NFL Sunday Ticket 10">NFL Sunday Ticket 10</channel>
    <channel update="i" site="tvpassport.com" site_id="nfl-sunday-ticket-11/2903" xmltv_id="NFL Sunday Ticket 11">NFL Sunday Ticket 11</channel>
    <channel update="i" site="tvpassport.com" site_id="nfl-sunday-ticket-12/2904" xmltv_id="NFL Sunday Ticket 12">NFL Sunday Ticket 12</channel>
    <channel update="i" site="tvpassport.com" site_id="nfl-sunday-ticket-13/2905" xmltv_id="NFL Sunday Ticket 13">NFL Sunday Ticket 13</channel>
    <channel update="i" site="tvpassport.com" site_id="nfl-sunday-ticket-14/2906" xmltv_id="NFL Sunday Ticket 14">NFL Sunday Ticket 14</channel>
    <channel update="i" site="tvpassport.com" site_id="mlb-extra-innings-1/2759" xmltv_id="MLB Extra Innings 1">MLB Extra Innings 1</channel>
    <channel update="i" site="tvpassport.com" site_id="mlb-extra-innings-2/2760" xmltv_id="MLB Extra Innings 2">MLB Extra Innings 2</channel>
    <channel update="i" site="tvpassport.com" site_id="mlb-extra-innings-3/2761" xmltv_id="MLB Extra Innings 3">MLB Extra Innings 3</channel>
    <channel update="i" site="tvpassport.com" site_id="mlb-extra-innings-4/2762" xmltv_id="MLB Extra Innings 4">MLB Extra Innings 4</channel>
    <channel update="i" site="tvpassport.com" site_id="mlb-extra-innings-5/2763" xmltv_id="MLB Extra Innings 5">MLB Extra Innings 5</channel>
    <channel update="i" site="tvpassport.com" site_id="mlb-extra-innings-6/2764" xmltv_id="MLB Extra Innings 6">MLB Extra Innings 6</channel>
    <channel update="i" site="tvpassport.com" site_id="mlb-extra-innings-7/2765" xmltv_id="MLB Extra Innings 7">MLB Extra Innings 7</channel>
    <channel update="i" site="tvpassport.com" site_id="mlb-extra-innings-8/2766" xmltv_id="MLB Extra Innings 8">MLB Extra Innings 8</channel>
    <channel update="i" site="tvpassport.com" site_id="mlb-extra-innings-9/2767" xmltv_id="MLB Extra Innings 9">MLB Extra Innings 9</channel>
    <channel update="i" site="tvpassport.com" site_id="mlb-extra-innings-10/2768" xmltv_id="MLB Extra Innings 10">MLB Extra Innings 10</channel>
    <channel update="i" site="tvpassport.com" site_id="mlb-extra-innings-11/6025" xmltv_id="MLB Extra Innings 11">MLB Extra Innings 11</channel>
    <channel update="i" site="tvpassport.com" site_id="mlb-extra-innings-12/6024" xmltv_id="MLB Extra Innings 12">MLB Extra Innings 12</channel>
    <channel update="i" site="tvpassport.com" site_id="mlb-extra-innings-13/6023" xmltv_id="MLB Extra Innings 13">MLB Extra Innings 13</channel>
    <channel update="i" site="tvpassport.com" site_id="cnn/70" xmltv_id="CNN">CNN</channel>
    <channel update="i" site="tvpassport.com" site_id="ctv-news-channel/416" xmltv_id="CTV News Channel">CTV News Channel</channel>
    <channel update="i" site="tvpassport.com" site_id="cbc-news-network/74" xmltv_id="CBC News Network">CBC News Network</channel>
    <channel update="i" site="tvpassport.com" site_id="cp24-cablepulse-24/321" xmltv_id="CP24 (CablePulse 24)">CP24 (CablePulse 24)</channel>
    <channel update="i" site="tvpassport.com" site_id="bnn-business-news-network/294" xmltv_id="BNN - Business News Network">BNN - Business News Network</channel>
    <channel update="i" site="tvpassport.com" site_id="weather-network/419" xmltv_id="Weather Network">Weather Network</channel>
    <channel update="i" site="tvpassport.com" site_id="fox-news/1083" xmltv_id="Fox News">Fox News</channel>
    <channel update="i" site="tvpassport.com" site_id="hln/425" xmltv_id="HLN">HLN</channel>
    <channel update="i" site="tvpassport.com" site_id="cnbc-canada/3561" xmltv_id="CNBC Canada">CNBC Canada</channel>
    <channel update="i" site="tvpassport.com" site_id="bbc-world/527" xmltv_id="BBC World">BBC World</channel>
    <channel update="i" site="tvpassport.com" site_id="cnn-international-north-america/3008" xmltv_id="CNN International North America">CNN International North America</channel>
    <channel update="i" site="tvpassport.com" site_id="cpac-ottawa/127" xmltv_id="CPAC Ottawa">CPAC Ottawa</channel>
    <channel update="i" site="tvpassport.com" site_id="ontario-legislature/417" xmltv_id="Ontario Legislature">Ontario Legislature</channel>
    <channel update="i" site="tvpassport.com" site_id="i-intelligent-television/1145" xmltv_id="I: Intelligent Television">I: Intelligent Television</channel>
    <channel update="i" site="tvpassport.com" site_id="g4-canada/3295" xmltv_id="G4 Canada">G4 Canada</channel>
    <channel update="i" site="tvpassport.com" site_id="al-jazeera-english/7810" xmltv_id="Al Jazeera English">Al Jazeera English</channel>
    <channel update="i" site="tvpassport.com" site_id="rt-russia-today/7811" xmltv_id="RT - Russia Today">RT - Russia Today</channel>
    <channel update="i" site="tvpassport.com" site_id="discovery-channel-can/16" xmltv_id="Discovery Channel (CAN)">Discovery Channel (CAN)</channel>
    <channel update="i" site="tvpassport.com" site_id="tlc-canada/1204" xmltv_id="TLC Canada">TLC Canada</channel>
    <channel update="i" site="tvpassport.com" site_id="history-canada-east/164" xmltv_id="History Canada East">History Canada East</channel>
    <channel update="i" site="tvpassport.com" site_id="discovery-science-canada/1188" xmltv_id="Discovery Science Canada">Discovery Science Canada</channel>
    <channel update="i" site="tvpassport.com" site_id="national-geographic-canada/475" xmltv_id="National Geographic Canada">National Geographic Canada</channel>
    <channel update="i" site="tvpassport.com" site_id="animal-planet-canada/472" xmltv_id="Animal Planet Canada">Animal Planet Canada</channel>
    <channel update="i" site="tvpassport.com" site_id="oprah-winfrey-network-canada/296" xmltv_id="Oprah Winfrey Network Canada">Oprah Winfrey Network Canada</channel>
    <channel update="i" site="tvpassport.com" site_id="travel-escape/476" xmltv_id="Travel + Escape">Travel + Escape</channel>
    <channel update="i" site="tvpassport.com" site_id="investigation-discovery-canada/1120" xmltv_id="Investigation Discovery Canada">Investigation Discovery Canada</channel>
    <channel update="i" site="tvpassport.com" site_id="book-television/1158" xmltv_id="Book Television">Book Television</channel>
    <channel update="i" site="tvpassport.com" site_id="family-jr-on-demand/10239" xmltv_id="Family Jr. On Demand">Family Jr. On Demand</channel>
    <channel update="i" site="tvpassport.com" site_id="family-jr/5330" xmltv_id="Family Jr.">Family Jr.</channel>
    <channel update="i" site="tvpassport.com" site_id="ytv-on-demand/2463" xmltv_id="YTV On Demand">YTV On Demand</channel>
    <channel update="i" site="tvpassport.com" site_id="ytv-youth-television-east/15" xmltv_id="YTV (Youth Television) - East">YTV (Youth Television) - East</channel>
    <channel update="i" site="tvpassport.com" site_id="ytv-youth-television-pacific/1021" xmltv_id="YTV (Youth Television) - Pacific">YTV (Youth Television) - Pacific</channel>
    <channel update="i" site="tvpassport.com" site_id="teletoon-east/162" xmltv_id="Teletoon - East">Teletoon - East</channel>
    <channel update="i" site="tvpassport.com" site_id="teletoon-west/1020" xmltv_id="Teletoon - West">Teletoon - West</channel>
    <channel update="i" site="tvpassport.com" site_id="family-channel-canada-east/53" xmltv_id="Family Channel Canada - East">Family Channel Canada - East</channel>
    <channel update="i" site="tvpassport.com" site_id="family-channel-canada-west/1018" xmltv_id="Family Channel Canada - West">Family Channel Canada - West</channel>
    <channel update="i" site="tvpassport.com" site_id="nickelodeon-canada/6835" xmltv_id="Nickelodeon Canada">Nickelodeon Canada</channel>
    <channel update="i" site="tvpassport.com" site_id="treehouse/163" xmltv_id="Treehouse">Treehouse</channel>
    <channel update="i" site="tvpassport.com" site_id="treehouse-on-demand/3633" xmltv_id="Treehouse On Demand">Treehouse On Demand</channel>
    <channel update="i" site="tvpassport.com" site_id="family-chrgd/10176" xmltv_id="Family CHRGD">Family CHRGD</channel>
    <channel update="i" site="tvpassport.com" site_id="abc-spark/10281" xmltv_id="ABC Spark">ABC Spark</channel>
    <channel update="i" site="tvpassport.com" site_id="cartoon-network-canada/10613" xmltv_id="Cartoon Network Canada">Cartoon Network Canada</channel>
    <channel update="i" site="tvpassport.com" site_id="much-music/73" xmltv_id="Much Music">Much Music</channel>
    <channel update="i" site="tvpassport.com" site_id="m3/309" xmltv_id="M3">M3</channel>
    <channel update="i" site="tvpassport.com" site_id="aux/6778" xmltv_id="AUX">AUX</channel>
    <channel update="i" site="tvpassport.com" site_id="mtv-canada/414" xmltv_id="MTV Canada">MTV Canada</channel>
    <channel update="i" site="tvpassport.com" site_id="mtv-2-east/1515" xmltv_id="MTV 2 - East">MTV 2 - East</channel>
    <channel update="i" site="tvpassport.com" site_id="cmt-canada/120" xmltv_id="CMT Canada">CMT Canada</channel>
    <channel update="i" site="tvpassport.com" site_id="bet-canada/4386" xmltv_id="BET - Canada">BET - Canada</channel>
    <channel update="i" site="tvpassport.com" site_id="hgtv-canada/167" xmltv_id="HGTV Canada">HGTV Canada</channel>
    <channel update="i" site="tvpassport.com" site_id="slice/60" xmltv_id="Slice">Slice</channel>
    <channel update="i" site="tvpassport.com" site_id="w-wtn-east/64" xmltv_id="W (WTN) - East">W (WTN) - East</channel>
    <channel update="i" site="tvpassport.com" site_id="food-network-canada/169" xmltv_id="Food Network Canada">Food Network Canada</channel>
    <channel update="i" site="tvpassport.com" site_id="fyi-canada/423" xmltv_id="FYI Canada">FYI Canada</channel>
    <channel update="i" site="tvpassport.com" site_id="fashion-television/1156" xmltv_id="Fashion Television">Fashion Television</channel>
    <channel update="i" site="tvpassport.com" site_id="one-get-fit/444" xmltv_id="ONE: GET FIT">ONE: GET FIT</channel>
    <channel update="i" site="tvpassport.com" site_id="do-it-yourself-network-canada/2034" xmltv_id="Do It Yourself Network (Canada)">Do It Yourself Network (Canada)</channel>
    <channel update="i" site="tvpassport.com" site_id="cosmopolitan-tv-east/5405" xmltv_id="Cosmopolitan TV East">Cosmopolitan TV East</channel>
    <channel update="i" site="tvpassport.com" site_id="outtv/2729" xmltv_id="OUTtv">OUTtv</channel>
    <channel update="i" site="tvpassport.com" site_id="sundancetv-canada/7407" xmltv_id="SundanceTV Canada">SundanceTV Canada</channel>
    <channel update="i" site="tvpassport.com" site_id="ae-canada/4311" xmltv_id="A&amp;E Canada">A&amp;E Canada</channel>
    <channel update="i" site="tvpassport.com" site_id="showcase-canada/62" xmltv_id="Showcase Canada">Showcase Canada</channel>
    <channel update="i" site="tvpassport.com" site_id="dtour/11143" xmltv_id="DTOUR">DTOUR</channel>
    <channel update="i" site="tvpassport.com" site_id="gusto-tv/13250" xmltv_id="Gusto TV">Gusto TV</channel>
    <channel update="i" site="tvpassport.com" site_id="bravo-canada/59" xmltv_id="Bravo Canada">Bravo Canada</channel>
    <channel update="i" site="tvpassport.com" site_id="e-canada/295" xmltv_id="E! Canada">E! Canada</channel>
    <channel update="i" site="tvpassport.com" site_id="viceland-canada-east/473" xmltv_id="Viceland Canada East">Viceland Canada East</channel>
    <channel update="i" site="tvpassport.com" site_id="comedy-network-east/159" xmltv_id="Comedy Network - East">Comedy Network - East</channel>
    <channel update="i" site="tvpassport.com" site_id="comedy-network-west/1019" xmltv_id="Comedy Network - West">Comedy Network - West</channel>
    <channel update="i" site="tvpassport.com" site_id="space/153" xmltv_id="Space">Space</channel>
    <channel update="i" site="tvpassport.com" site_id="spike-canada/3" xmltv_id="SPIKE Canada">SPIKE Canada</channel>
    <channel update="i" site="tvpassport.com" site_id="h2-canada/461" xmltv_id="H2 Canada">H2 Canada</channel>
    <channel update="i" site="tvpassport.com" site_id="american-heroes-channel/2035" xmltv_id="American Heroes Channel">American Heroes Channel</channel>
    <channel update="i" site="tvpassport.com" site_id="bbc-canada-east/415" xmltv_id="BBC Canada East">BBC Canada East</channel>
    <channel update="i" site="tvpassport.com" site_id="deja-view/448" xmltv_id="Deja View">Deja View</channel>
    <channel update="i" site="tvpassport.com" site_id="comedy-gold/2634" xmltv_id="Comedy Gold">Comedy Gold</channel>
    <channel update="i" site="tvpassport.com" site_id="crime-investigation/451" xmltv_id="Crime + Investigation">Crime + Investigation</channel>
    <channel update="i" site="tvpassport.com" site_id="game-show-network-east/329" xmltv_id="Game Show Network - East">Game Show Network - East</channel>
    <channel update="i" site="tvpassport.com" site_id="makeful/2466" xmltv_id="Makeful">Makeful</channel>
    <channel update="i" site="tvpassport.com" site_id="cottage-life/455" xmltv_id="Cottage Life">Cottage Life</channel>
    <channel update="i" site="tvpassport.com" site_id="dd-bharati-doordarshan/13649" xmltv_id="DD Bharati (Doordarshan)">DD Bharati (Doordarshan)</channel>
    <channel update="i" site="tvpassport.com" site_id="dd-india-doordarshan/13650" xmltv_id="DD India (Doordarshan)">DD India (Doordarshan)</channel>
    <channel update="i" site="tvpassport.com" site_id="dd-urdu-doordarshan/13648" xmltv_id="DD Urdu (Doordarshan)">DD Urdu (Doordarshan)</channel>
    <channel update="i" site="tvpassport.com" site_id="dd-news-doordarshan/13651" xmltv_id="DD News (Doordarshan)">DD News (Doordarshan)</channel>
    <channel update="i" site="tvpassport.com" site_id="yes-tv-cits-burlington-on/293" xmltv_id="Yes TV (CITS) Burlington, ON">Yes TV (CITS) Burlington, ON</channel>
    <channel update="i" site="tvpassport.com" site_id="salt-light/2469" xmltv_id="Salt &amp; Light">Salt &amp; Light</channel>
    <channel update="i" site="tvpassport.com" site_id="atn-sikh/13702" xmltv_id="ATN - Sikh">ATN - Sikh</channel>
    <channel update="i" site="tvpassport.com" site_id="cctv-news-chinese/4216" xmltv_id="CCTV News Chinese">CCTV News Chinese</channel>
    <channel update="i" site="tvpassport.com" site_id="halla-bol/13664" xmltv_id="Halla Bol!">Halla Bol!</channel>
    <channel update="i" site="tvpassport.com" site_id="atn-brit-asia/13705" xmltv_id="ATN - Brit. Asia">ATN - Brit. Asia</channel>
    <channel update="i" site="tvpassport.com" site_id="atn-food-food/11051" xmltv_id="ATN - Food Food">ATN - Food Food</channel>
    <channel update="i" site="tvpassport.com" site_id="sony-mix/13694" xmltv_id="Sony Mix">Sony Mix</channel>
    <channel update="i" site="tvpassport.com" site_id="mediaset-italia/8436" xmltv_id="Mediaset Italia">Mediaset Italia</channel>
    <channel update="i" site="tvpassport.com" site_id="telelatino/82" xmltv_id="Telelatino">Telelatino</channel>
    <channel update="i" site="tvpassport.com" site_id="fairchild-tv-2-hd/11398" xmltv_id="Fairchild TV 2 HD">Fairchild TV 2 HD</channel>
    <channel update="i" site="tvpassport.com" site_id="fairchild-tv-east-mandarin/13621" xmltv_id="Fairchild TV - East (Mandarin)">Fairchild TV - East (Mandarin)</channel>
    <channel update="i" site="tvpassport.com" site_id="fairchild-tv-east/2871" xmltv_id="Fairchild TV - East">Fairchild TV - East</channel>
    <channel update="i" site="tvpassport.com" site_id="fairchild-tv-pacific/366" xmltv_id="Fairchild TV - Pacific">Fairchild TV - Pacific</channel>
    <channel update="i" site="tvpassport.com" site_id="talentvision/365" xmltv_id="Talentvision">Talentvision</channel>
    <channel update="i" site="tvpassport.com" site_id="new-tang-dynasty-tv/11253" xmltv_id="New Tang Dynasty TV">New Tang Dynasty TV</channel>
    <channel update="i" site="tvpassport.com" site_id="ls-times/6863" xmltv_id="LS Times">LS Times</channel>
    <channel update="i" site="tvpassport.com" site_id="ary-musik/13698" xmltv_id="ARY Musik">ARY Musik</channel>
    <channel update="i" site="tvpassport.com" site_id="ary-news/13699" xmltv_id="ARY News">ARY News</channel>
    <channel update="i" site="tvpassport.com" site_id="ary-zauq/13701" xmltv_id="ARY Zauq">ARY Zauq</channel>
    <channel update="i" site="tvpassport.com" site_id="penthouse-tv-canada/5894" xmltv_id="Penthouse TV Canada">Penthouse TV Canada</channel>
    <channel update="i" site="tvpassport.com" site_id="red-hot-tv/3627" xmltv_id="Red Hot TV">Red Hot TV</channel>
    <channel update="i" site="tvpassport.com" site_id="vivid-tv-canada-francais/8519" xmltv_id="Vivid TV Canada (Français)">Vivid TV Canada (Français)</channel>
    <channel update="i" site="tvpassport.com" site_id="vivid-tv-canada-english/13620" xmltv_id="Vivid TV Canada (English)">Vivid TV Canada (English)</channel>
    <channel update="i" site="tvpassport.com" site_id="playboy/242" xmltv_id="Playboy">Playboy</channel>
    <channel update="i" site="tvpassport.com" site_id="mehndi-tv/10456" xmltv_id="Mehndi TV">Mehndi TV</channel>
    <channel update="i" site="tvpassport.com" site_id="bollywood-times-hd/10460" xmltv_id="Bollywood Times HD">Bollywood Times HD</channel>
    <channel update="i" site="tvpassport.com" site_id="atn-times-now-english/10245" xmltv_id="ATN - Times Now (English)">ATN - Times Now (English)</channel>
    <channel update="i" site="tvpassport.com" site_id="atn-aapka-colors/10295" xmltv_id="ATN - Aapka Colors">ATN - Aapka Colors</channel>
    <channel update="i" site="tvpassport.com" site_id="atn-zoom-hindi/10246" xmltv_id="ATN - Zoom (Hindi)">ATN - Zoom (Hindi)</channel>
    <channel update="i" site="tvpassport.com" site_id="atn-sab-tv-hindi/10244" xmltv_id="ATN - SAB TV (Hindi)">ATN - SAB TV (Hindi)</channel>
    <channel update="i" site="tvpassport.com" site_id="atn-aastha/2262" xmltv_id="ATN - AASTHA">ATN - AASTHA</channel>
    <channel update="i" site="tvpassport.com" site_id="atn-b4u-music/2867" xmltv_id="ATN - B4U Music">ATN - B4U Music</channel>
    <channel update="i" site="tvpassport.com" site_id="cbn-commonwealth-broadcasting-network/4016" xmltv_id="CBN (Commonwealth Broadcasting Network)">CBN (Commonwealth Broadcasting Network)</channel>
    <channel update="i" site="tvpassport.com" site_id="atn-cricket-plus/13695" xmltv_id="ATN - Cricket Plus">ATN - Cricket Plus</channel>
    <channel update="i" site="tvpassport.com" site_id="ndtv-good-times/8965" xmltv_id="NDTV Good Times">NDTV Good Times</channel>
    <channel update="i" site="tvpassport.com" site_id="set-max/6771" xmltv_id="Set Max">Set Max</channel>
    <channel update="i" site="tvpassport.com" site_id="star-india-gold/6776" xmltv_id="Star India Gold">Star India Gold</channel>
    <channel update="i" site="tvpassport.com" site_id="atn-abp-news/11053" xmltv_id="ATN - ABP News">ATN - ABP News</channel>
    <channel update="i" site="tvpassport.com" site_id="atn-b4u-movies-hindi/2865" xmltv_id="ATN - B4U Movies (Hindi)">ATN - B4U Movies (Hindi)</channel>
    <channel update="i" site="tvpassport.com" site_id="atn-movies-ok/11052" xmltv_id="ATN - Movies OK">ATN - Movies OK</channel>
    <channel update="i" site="tvpassport.com" site_id="atn-the-atn-channel/4192" xmltv_id="ATN - The ATN Channel">ATN - The ATN Channel</channel>
    <channel update="i" site="tvpassport.com" site_id="atn-bangla/2260" xmltv_id="ATN - Bangla">ATN - Bangla</channel>
    <channel update="i" site="tvpassport.com" site_id="atn-malayalam/8967" xmltv_id="ATN Malayalam">ATN Malayalam</channel>
    <channel update="i" site="tvpassport.com" site_id="atn-alpha-etc-punjabi/2866" xmltv_id="ATN - Alpha ETC Punjabi">ATN - Alpha ETC Punjabi</channel>
    <channel update="i" site="tvpassport.com" site_id="atn-mh1/6774" xmltv_id="ATN - MH1">ATN - MH1</channel>
    <channel update="i" site="tvpassport.com" site_id="atn-jaya-tv-tamil/3406" xmltv_id="ATN - Jaya TV (Tamil)">ATN - Jaya TV (Tamil)</channel>
    <channel update="i" site="tvpassport.com" site_id="ary-qtv/13700" xmltv_id="ARY QTV">ARY QTV</channel>
    <channel update="i" site="tvpassport.com" site_id="atn-ary-digital-canada/13626" xmltv_id="ATN - ARY Digital (Canada)">ATN - ARY Digital (Canada)</channel>
    <channel update="i" site="tvpassport.com" site_id="star-jalsha/13709" xmltv_id="Star Jalsha">Star Jalsha</channel>
    <channel update="i" site="tvpassport.com" site_id="deutsche-welle-tv/426" xmltv_id="Deutsche Welle TV">Deutsche Welle TV</channel>
    <channel update="i" site="tvpassport.com" site_id="tfc-the-filipino-channel/9604" xmltv_id="TFC - The Filipino Channel">TFC - The Filipino Channel</channel>
    <channel update="i" site="tvpassport.com" site_id="nuevo-mundo/4359" xmltv_id="Nuevo Mundo">Nuevo Mundo</channel>
    <channel update="i" site="tvpassport.com" site_id="univision-canada/13625" xmltv_id="Univision Canada">Univision Canada</channel>
    <channel update="i" site="tvpassport.com" site_id="az-mundo/3998" xmltv_id="AZ Mundo">AZ Mundo</channel>
    <channel update="i" site="tvpassport.com" site_id="tv-chile/2102" xmltv_id="TV Chile">TV Chile</channel>
    <channel update="i" site="tvpassport.com" site_id="fox-life/3087" xmltv_id="FOX Life">FOX Life</channel>
    <channel update="i" site="tvpassport.com" site_id="fptv-festival-portuguese-tv/2465" xmltv_id="FPTV (Festival Portuguese TV)">FPTV (Festival Portuguese TV)</channel>
    <channel update="i" site="tvpassport.com" site_id="mega-cosmos/4616" xmltv_id="Mega Cosmos">Mega Cosmos</channel>
    <channel update="i" site="tvpassport.com" site_id="odyssey/412" xmltv_id="Odyssey">Odyssey</channel>
    <channel update="i" site="tvpassport.com" site_id="ert-world-canada/3419" xmltv_id="ERT World (Canada)">ERT World (Canada)</channel>
    <channel update="i" site="tvpassport.com" site_id="radio-cbme-cbc1/5961" xmltv_id="Radio: CBME (CBC1)">Radio: CBME (CBC1)</channel>
    <channel update="i" site="tvpassport.com" site_id="radio-cbc-radio-2-english/5964" xmltv_id="Radio: CBC Radio 2 English">Radio: CBC Radio 2 English</channel>
    <channel update="i" site="tvpassport.com" site_id="radio-cbla/9864" xmltv_id="Radio: CBLA">Radio: CBLA</channel>
    <channel update="i" site="tvpassport.com" site_id="radio-cbc-radio-2-toronto/13630" xmltv_id="Radio: CBC Radio 2 Toronto">Radio: CBC Radio 2 Toronto</channel>
    <channel update="i" site="tvpassport.com" site_id="radio-cjbc/9871" xmltv_id="Radio: CJBC">Radio: CJBC</channel>
    <channel update="i" site="tvpassport.com" site_id="radio-cbf-fm-src1/5962" xmltv_id="Radio: CBF FM (SRC1)">Radio: CBF FM (SRC1)</channel>
    <channel update="i" site="tvpassport.com" site_id="radio-france-internationale-1/2809" xmltv_id="Radio France Internationale 1">Radio France Internationale 1</channel>
    <channel update="i" site="tvpassport.com" site_id="radio-chum/9869" xmltv_id="Radio: CHUM">Radio: CHUM</channel>
    <channel update="i" site="tvpassport.com" site_id="src-cblft-toronto-hd/3626" xmltv_id="SRC (CBLFT) Toronto HD">SRC (CBLFT) Toronto HD</channel>
    <channel update="i" site="tvpassport.com" site_id="v-hd/4884" xmltv_id="V HD">V HD</channel>
    <channel update="i" site="tvpassport.com" site_id="tva-cftm-montreal-hd/5934" xmltv_id="TVA (CFTM) Montreal HD">TVA (CFTM) Montreal HD</channel>
    <channel update="i" site="tvpassport.com" site_id="tva-hd/4354" xmltv_id="TVA HD">TVA HD</channel>
    <channel update="i" site="tvpassport.com" site_id="telequebec-civm-montreal-hd/6464" xmltv_id="Tele-Quebec (CIVM) Montreal HD">Tele-Quebec (CIVM) Montreal HD</channel>
    <channel update="i" site="tvpassport.com" site_id="rds-reseau-des-sports-hd/5582" xmltv_id="RDS (Réseau des sports)  HD">RDS (Réseau des sports)  HD</channel>
    <channel update="i" site="tvpassport.com" site_id="rds-2-hd/9970" xmltv_id="RDS 2 HD">RDS 2 HD</channel>
    <channel update="i" site="tvpassport.com" site_id="rds-info-hd/10849" xmltv_id="RDS Info HD">RDS Info HD</channel>
    <channel update="i" site="tvpassport.com" site_id="tva-sports-hd/9824" xmltv_id="TVA Sports HD">TVA Sports HD</channel>
    <channel update="i" site="tvpassport.com" site_id="lcn-hd/7321" xmltv_id="LCN HD">LCN HD</channel>
    <channel update="i" site="tvpassport.com" site_id="rdi-news-hd/5888" xmltv_id="RDI (News) HD">RDI (News) HD</channel>
    <channel update="i" site="tvpassport.com" site_id="addik-tv-hd/6059" xmltv_id="Addik TV HD">Addik TV HD</channel>
    <channel update="i" site="tvpassport.com" site_id="z-hd/3979" xmltv_id="Z HD">Z HD</channel>
    <channel update="i" site="tvpassport.com" site_id="series-hd/3975" xmltv_id="Series + HD">Series + HD</channel>
    <channel update="i" site="tvpassport.com" site_id="canal-evasion-hd/6468" xmltv_id="Canal Evasion HD">Canal Evasion HD</channel>
    <channel update="i" site="tvpassport.com" site_id="historia-hd/3976" xmltv_id="Historia HD">Historia HD</channel>
    <channel update="i" site="tvpassport.com" site_id="canal-d-hd/3978" xmltv_id="Canal D HD">Canal D HD</channel>
    <channel update="i" site="tvpassport.com" site_id="explora-hd/10299" xmltv_id="Explora HD">Explora HD</channel>
    <channel update="i" site="tvpassport.com" site_id="investigation-hd/11345" xmltv_id="Investigation HD">Investigation HD</channel>
    <channel update="i" site="tvpassport.com" site_id="musique-plus-hd/9111" xmltv_id="Musique Plus HD">Musique Plus HD</channel>
    <channel update="i" site="tvpassport.com" site_id="musimax-hd/9112" xmltv_id="MusiMax HD">MusiMax HD</channel>
    <channel update="i" site="tvpassport.com" site_id="artv-hd/5887" xmltv_id="ARTV HD">ARTV HD</channel>
    <channel update="i" site="tvpassport.com" site_id="tv5-international-hd-east/6472" xmltv_id="TV5 International HD - East">TV5 International HD - East</channel>
    <channel update="i" site="tvpassport.com" site_id="casa-hd/10211" xmltv_id="CASA HD">CASA HD</channel>
    <channel update="i" site="tvpassport.com" site_id="zeste-hd/7943" xmltv_id="Zeste HD">Zeste HD</channel>
    <channel update="i" site="tvpassport.com" site_id="canal-vie-hd/3974" xmltv_id="Canal Vie HD">Canal Vie HD</channel>
    <channel update="i" site="tvpassport.com" site_id="moi-et-compagnie-hd/9155" xmltv_id="Moi et compagnie HD">Moi et compagnie HD</channel>
    <channel update="i" site="tvpassport.com" site_id="prise-2-hd/10848" xmltv_id="Prise 2 HD">Prise 2 HD</channel>
    <channel update="i" site="tvpassport.com" site_id="tfo-chaine-francaise-hd/7146" xmltv_id="TFO - Chaine Francaise HD">TFO - Chaine Francaise HD</channel>
    <channel update="i" site="tvpassport.com" site_id="canal-savoir-hd/7322" xmltv_id="Canal Savoir HD">Canal Savoir HD</channel>
    <channel update="i" site="tvpassport.com" site_id="vrak-hd/3977" xmltv_id="VRAK HD">VRAK HD</channel>
    <channel update="i" site="tvpassport.com" site_id="telemagino-hd/9191" xmltv_id="Télémagino HD">Télémagino HD</channel>
    <channel update="i" site="tvpassport.com" site_id="yoopa-hd/7617" xmltv_id="Yoopa HD">Yoopa HD</channel>
    <channel update="i" site="tvpassport.com" site_id="super-ecran-hd-1/5898" xmltv_id="Super Ecran HD 1">Super Ecran HD 1</channel>
    <channel update="i" site="tvpassport.com" site_id="super-ecran-2-hd/8459" xmltv_id="Super Ecran 2 HD">Super Ecran 2 HD</channel>
    <channel update="i" site="tvpassport.com" site_id="super-ecran-3-hd/9822" xmltv_id="Super Ecran 3 HD">Super Ecran 3 HD</channel>
    <channel update="i" site="tvpassport.com" site_id="super-ecran-4-hd/9825" xmltv_id="Super Ecran 4 HD">Super Ecran 4 HD</channel>
    <channel update="i" site="tvpassport.com" site_id="cinepop-hd/9156" xmltv_id="Cinépop HD">Cinépop HD</channel>
    <channel update="i" site="tvpassport.com" site_id="src-cbaft-moncton-nb-hd/6816" xmltv_id="SRC (CBAFT) Moncton, NB HD">SRC (CBAFT) Moncton, NB HD</channel>
    <channel update="i" site="tvpassport.com" site_id="src-cbuft-vancouver-bc-hd/6769" xmltv_id="SRC (CBUFT) Vancouver, BC HD">SRC (CBUFT) Vancouver, BC HD</channel>
    <channel update="i" site="tvpassport.com" site_id="ctv-cfto-toronto-on-hd/2814" xmltv_id="CTV (CFTO) Toronto, ON HD">CTV (CFTO) Toronto, ON HD</channel>
    <channel update="i" site="tvpassport.com" site_id="ctv-two-network-hd/9699" xmltv_id="CTV Two  - Network HD">CTV Two  - Network HD</channel>
    <channel update="i" site="tvpassport.com" site_id="ctv-two-toronto-on-hd/7901" xmltv_id="CTV Two Toronto, ON HD">CTV Two Toronto, ON HD</channel>
    <channel update="i" site="tvpassport.com" site_id="global-ciii-ontario-hd/4021" xmltv_id="Global (CIII) Ontario HD">Global (CIII) Ontario HD</channel>
    <channel update="i" site="tvpassport.com" site_id="city-tv-toronto-on-hd/2825" xmltv_id="CITY TV Toronto, ON HD">CITY TV Toronto, ON HD</channel>
    <channel update="i" site="tvpassport.com" site_id="cbc-cblt-toronto-on-hd/2826" xmltv_id="CBC (CBLT) Toronto, ON HD">CBC (CBLT) Toronto, ON HD</channel>
    <channel update="i" site="tvpassport.com" site_id="omni1-hd/6484" xmltv_id="OMNI.1 HD">OMNI.1 HD</channel>
    <channel update="i" site="tvpassport.com" site_id="omni2-hd/3624" xmltv_id="OMNI.2 HD">OMNI.2 HD</channel>
    <channel update="i" site="tvpassport.com" site_id="tvo-tv-ontario-hd/8399" xmltv_id="TVO (TV Ontario) HD">TVO (TV Ontario) HD</channel>
    <channel update="i" site="tvpassport.com" site_id="chch-hamilton-on-hd/5870" xmltv_id="CHCH Hamilton, ON HD">CHCH Hamilton, ON HD</channel>
    <channel update="i" site="tvpassport.com" site_id="aptn-hd/5997" xmltv_id="APTN HD">APTN HD</channel>
    <channel update="i" site="tvpassport.com" site_id="nbc-wgrz-buffalo-ny-hd/3582" xmltv_id="NBC (WGRZ) Buffalo, NY HD">NBC (WGRZ) Buffalo, NY HD</channel>
    <channel update="i" site="tvpassport.com" site_id="abc-wkbw-buffalo-ny-hd/3581" xmltv_id="ABC (WKBW) Buffalo, NY HD">ABC (WKBW) Buffalo, NY HD</channel>
    <channel update="i" site="tvpassport.com" site_id="cbs-wivb-buffalo-ny-hd/3583" xmltv_id="CBS (WIVB) Buffalo, NY HD">CBS (WIVB) Buffalo, NY HD</channel>
    <channel update="i" site="tvpassport.com" site_id="fox-wutv-buffalo-ny-hd/3584" xmltv_id="FOX (WUTV) Buffalo, NY HD">FOX (WUTV) Buffalo, NY HD</channel>
    <channel update="i" site="tvpassport.com" site_id="pbs-wned-buffalo-ny-hd/6855" xmltv_id="PBS (WNED) Buffalo, NY HD">PBS (WNED) Buffalo, NY HD</channel>
    <channel update="i" site="tvpassport.com" site_id="ctv-chextv2-durham-on-hd/9696" xmltv_id="CTV (CHEX-TV-2) Durham, ON HD">CTV (CHEX-TV-2) Durham, ON HD</channel>
    <channel update="i" site="tvpassport.com" site_id="ctv-chex-peterborough-on-hd/9697" xmltv_id="CTV (CHEX) Peterborough, ON HD">CTV (CHEX) Peterborough, ON HD</channel>
    <channel update="i" site="tvpassport.com" site_id="ctv-ckws-kingston-on-hd/9694" xmltv_id="CTV (CKWS) Kingston, ON HD">CTV (CKWS) Kingston, ON HD</channel>
    <channel update="i" site="tvpassport.com" site_id="ctv-cjch-halifax-hd/6812" xmltv_id="CTV (CJCH) Halifax HD">CTV (CJCH) Halifax HD</channel>
    <channel update="i" site="tvpassport.com" site_id="ctv-vancouver-bc-hd/3905" xmltv_id="CTV Vancouver, BC HD">CTV Vancouver, BC HD</channel>
    <channel update="i" site="tvpassport.com" site_id="ctv-two-vancouver-island-bc-hd/8379" xmltv_id="CTV Two Vancouver Island. BC HD">CTV Two Vancouver Island. BC HD</channel>
    <channel update="i" site="tvpassport.com" site_id="cbc-cbht-halifax-ns-hd/6805" xmltv_id="CBC (CBHT) Halifax, NS HD">CBC (CBHT) Halifax, NS HD</channel>
    <channel update="i" site="tvpassport.com" site_id="cbc-cbot-ottawa-on-hd/6808" xmltv_id="CBC (CBOT) Ottawa, ON HD">CBC (CBOT) Ottawa, ON HD</channel>
    <channel update="i" site="tvpassport.com" site_id="cbc-cbwt-winnipeg-mb-hd/6810" xmltv_id="CBC (CBWT) Winnipeg, MB HD">CBC (CBWT) Winnipeg, MB HD</channel>
    <channel update="i" site="tvpassport.com" site_id="cbc-cbrt-calgary-ab-hd/6809" xmltv_id="CBC (CBRT) Calgary, AB HD">CBC (CBRT) Calgary, AB HD</channel>
    <channel update="i" site="tvpassport.com" site_id="cbc-cbut-vancouver-bc-hd/6257" xmltv_id="CBC (CBUT) Vancouver, BC HD">CBC (CBUT) Vancouver, BC HD</channel>
    <channel update="i" site="tvpassport.com" site_id="cbc-cbxt-edmonton-ab-dv/8385" xmltv_id="CBC (CBXT) Edmonton, AB DV">CBC (CBXT) Edmonton, AB DV</channel>
    <channel update="i" site="tvpassport.com" site_id="global-bc-hd/4194" xmltv_id="Global BC HD">Global BC HD</channel>
    <channel update="i" site="tvpassport.com" site_id="city-tv-vancouver-bc-hd/3936" xmltv_id="CITY TV Vancouver, BC HD">CITY TV Vancouver, BC HD</channel>
    <channel update="i" site="tvpassport.com" site_id="nbc-king-seattle-wa-hd/2831" xmltv_id="NBC (KING) Seattle, WA HD">NBC (KING) Seattle, WA HD</channel>
    <channel update="i" site="tvpassport.com" site_id="abc-komo-seattle-wa-hd/2829" xmltv_id="ABC (KOMO) Seattle, WA HD">ABC (KOMO) Seattle, WA HD</channel>
    <channel update="i" site="tvpassport.com" site_id="cbs-kiro-seattle-wa-hd/2830" xmltv_id="CBS (KIRO) Seattle, WA HD">CBS (KIRO) Seattle, WA HD</channel>
    <channel update="i" site="tvpassport.com" site_id="fox-kcpq-tacoma-wa-hd/2832" xmltv_id="FOX (KCPQ) Tacoma, WA HD">FOX (KCPQ) Tacoma, WA HD</channel>
    <channel update="i" site="tvpassport.com" site_id="pbs-kcts-seattle-wa-hd/10686" xmltv_id="PBS (KCTS) Seattle, WA HD">PBS (KCTS) Seattle, WA HD</channel>
    <channel update="i" site="tvpassport.com" site_id="mnt-wnyo-buffalo-ny-hd/7167" xmltv_id="MNT (WNYO) Buffalo, NY HD">MNT (WNYO) Buffalo, NY HD</channel>
    <channel update="i" site="tvpassport.com" site_id="peachtree-tv-canada-hd/7342" xmltv_id="Peachtree TV (Canada) HD">Peachtree TV (Canada) HD</channel>
    <channel update="i" site="tvpassport.com" site_id="wgn-canada-hd/9530" xmltv_id="WGN Canada HD">WGN Canada HD</channel>
    <channel update="i" site="tvpassport.com" site_id="wsbk-tv38-boston-hd/3662" xmltv_id="WSBK (TV-38) Boston HD">WSBK (TV-38) Boston HD</channel>
    <channel update="i" site="tvpassport.com" site_id="wpix-new-york-superstation-hd/4794" xmltv_id="WPIX New York (SUPERSTATION) HD">WPIX New York (SUPERSTATION) HD</channel>
    <channel update="i" site="tvpassport.com" site_id="ktla-los-angeles-ca-hd/5682" xmltv_id="KTLA Los Angeles, CA HD">KTLA Los Angeles, CA HD</channel>
    <channel update="i" site="tvpassport.com" site_id="m-the-movie-network-hd/2820" xmltv_id="M (The Movie Network) HD">M (The Movie Network) HD</channel>
    <channel update="i" site="tvpassport.com" site_id="the-movie-network-4-hd/10781" xmltv_id="The Movie Network 4 HD">The Movie Network 4 HD</channel>
    <channel update="i" site="tvpassport.com" site_id="the-movie-network-3-hd/7137" xmltv_id="The Movie Network 3 HD">The Movie Network 3 HD</channel>
    <channel update="i" site="tvpassport.com" site_id="tmn-encore-1-hd/3613" xmltv_id="TMN Encore 1 HD">TMN Encore 1 HD</channel>
    <channel update="i" site="tvpassport.com" site_id="tmn-encore-2-hd/10783" xmltv_id="TMN Encore 2  HD">TMN Encore 2  HD</channel>
    <channel update="i" site="tvpassport.com" site_id="hbo-canada-1-hd/4230" xmltv_id="HBO Canada 1 HD">HBO Canada 1 HD</channel>
    <channel update="i" site="tvpassport.com" site_id="hbo-canada-2-hd/6425" xmltv_id="HBO Canada 2 HD">HBO Canada 2 HD</channel>
    <channel update="i" site="tvpassport.com" site_id="hollywood-suite-70s/10310" xmltv_id="Hollywood Suite 70s">Hollywood Suite 70s</channel>
    <channel update="i" site="tvpassport.com" site_id="hollywood-suite-80s/13639" xmltv_id="Hollywood Suite 80s">Hollywood Suite 80s</channel>
    <channel update="i" site="tvpassport.com" site_id="hollywood-suite-90s/10880" xmltv_id="Hollywood Suite 90s">Hollywood Suite 90s</channel>
    <channel update="i" site="tvpassport.com" site_id="hollywood-suite-00s/8887" xmltv_id="Hollywood Suite 00s">Hollywood Suite 00s</channel>
    <channel update="i" site="tvpassport.com" site_id="super-channel-hd-1/4838" xmltv_id="Super Channel HD 1">Super Channel HD 1</channel>
    <channel update="i" site="tvpassport.com" site_id="super-channel-hd-2/4839" xmltv_id="Super Channel HD 2">Super Channel HD 2</channel>
    <channel update="i" site="tvpassport.com" site_id="super-channel-hd-3/10893" xmltv_id="Super Channel HD 3">Super Channel HD 3</channel>
    <channel update="i" site="tvpassport.com" site_id="super-channel-hd-4/10894" xmltv_id="Super Channel HD 4">Super Channel HD 4</channel>
    <channel update="i" site="tvpassport.com" site_id="fx-networks-canada-hd/10027" xmltv_id="FX Networks Canada HD">FX Networks Canada HD</channel>
    <channel update="i" site="tvpassport.com" site_id="fxx-canada-hd/13401" xmltv_id="FXX Canada HD">FXX Canada HD</channel>
    <channel update="i" site="tvpassport.com" site_id="w-movies-hd/10210" xmltv_id="W Movies HD">W Movies HD</channel>
    <channel update="i" site="tvpassport.com" site_id="lifetime-network-us-eastern-feed-hd/6333" xmltv_id="Lifetime Network US - Eastern Feed HD">Lifetime Network US - Eastern Feed HD</channel>
    <channel update="i" site="tvpassport.com" site_id="documentary-channel-canada-hd/9116" xmltv_id="Documentary Channel (Canada) HD">Documentary Channel (Canada) HD</channel>
    <channel update="i" site="tvpassport.com" site_id="turner-classic-movies-canada-hd/7050" xmltv_id="Turner Classic Movies Canada HD">Turner Classic Movies Canada HD</channel>
    <channel update="i" site="tvpassport.com" site_id="amc-canada-hd/8368" xmltv_id="AMC - Canada HD">AMC - Canada HD</channel>
    <channel update="i" site="tvpassport.com" site_id="sportsnet-4k/19278" xmltv_id="Sportsnet 4K">Sportsnet 4K</channel>
    <channel update="i" site="tvpassport.com" site_id="sportsnet-one-4k/19279" xmltv_id="Sportsnet One 4K">Sportsnet One 4K</channel>
    <channel update="i" site="tvpassport.com" site_id="tsn1-hd/2819" xmltv_id="TSN1 HD">TSN1 HD</channel>
    <channel update="i" site="tvpassport.com" site_id="tsn2-hd/5920" xmltv_id="TSN2 HD">TSN2 HD</channel>
    <channel update="i" site="tvpassport.com" site_id="tsn3-hd/13768" xmltv_id="TSN3 HD">TSN3 HD</channel>
    <channel update="i" site="tvpassport.com" site_id="tsn4-hd/13769" xmltv_id="TSN4 HD">TSN4 HD</channel>
    <channel update="i" site="tvpassport.com" site_id="sportsnet-ontario-hd/6044" xmltv_id="Sportsnet (Ontario) HD">Sportsnet (Ontario) HD</channel>
    <channel update="i" site="tvpassport.com" site_id="sportsnet-east-satellitedigital-hd/16161" xmltv_id="Sportsnet (East) - Satellite/Digital HD">Sportsnet (East) - Satellite/Digital HD</channel>
    <channel update="i" site="tvpassport.com" site_id="sportsnet-pacific-satellitedigital-hd/16163" xmltv_id="Sportsnet (Pacific) - Satellite/Digital HD">Sportsnet (Pacific) - Satellite/Digital HD</channel>
    <channel update="i" site="tvpassport.com" site_id="sportsnet-west-satellitedigital-hd/16164" xmltv_id="Sportsnet (West) - Satellite/Digital HD">Sportsnet (West) - Satellite/Digital HD</channel>
    <channel update="i" site="tvpassport.com" site_id="sportsnet-360-hd/3614" xmltv_id="Sportsnet 360 HD">Sportsnet 360 HD</channel>
    <channel update="i" site="tvpassport.com" site_id="outdoor-life-network-canada-hd/9505" xmltv_id="Outdoor Life Network Canada HD">Outdoor Life Network Canada HD</channel>
    <channel update="i" site="tvpassport.com" site_id="bein-sport-canada-hd/13247" xmltv_id="beIN Sport Canada HD">beIN Sport Canada HD</channel>
    <channel update="i" site="tvpassport.com" site_id="cbs-sports-network-canada-hd/10711" xmltv_id="CBS Sports Network Canada HD">CBS Sports Network Canada HD</channel>
    <channel update="i" site="tvpassport.com" site_id="nba-tv-canada-tv-hd/3615" xmltv_id="NBA TV Canada TV HD">NBA TV Canada TV HD</channel>
    <channel update="i" site="tvpassport.com" site_id="golf-channel-canada-hd/9901" xmltv_id="Golf Channel Canada HD">Golf Channel Canada HD</channel>
    <channel update="i" site="tvpassport.com" site_id="fox-sports-racing-hd/5488" xmltv_id="Fox Sports Racing HD">Fox Sports Racing HD</channel>
    <channel update="i" site="tvpassport.com" site_id="wfnworld-fishing-network-hd/6307" xmltv_id="WFN-World Fishing Network HD">WFN-World Fishing Network HD</channel>
    <channel update="i" site="tvpassport.com" site_id="sportsnet-world-hd/8431" xmltv_id="Sportsnet World HD">Sportsnet World HD</channel>
    <channel update="i" site="tvpassport.com" site_id="fight-network-canada-hd/10984" xmltv_id="Fight Network Canada HD">Fight Network Canada HD</channel>
    <channel update="i" site="tvpassport.com" site_id="wild-tv-hd/6781" xmltv_id="Wild TV HD">Wild TV HD</channel>
    <channel update="i" site="tvpassport.com" site_id="nhl-center-ice-1-hd/15376" xmltv_id="NHL Center Ice 1 HD">NHL Center Ice 1 HD</channel>
    <channel update="i" site="tvpassport.com" site_id="nhl-center-ice-2-hd/15384" xmltv_id="NHL Center Ice 2 HD">NHL Center Ice 2 HD</channel>
    <channel update="i" site="tvpassport.com" site_id="nhl-center-ice-3-hd/15386" xmltv_id="NHL Center Ice 3 HD">NHL Center Ice 3 HD</channel>
    <channel update="i" site="tvpassport.com" site_id="nhl-center-ice-4-hd/15388" xmltv_id="NHL Center Ice 4 HD">NHL Center Ice 4 HD</channel>
    <channel update="i" site="tvpassport.com" site_id="nhl-center-ice-5-hd/15390" xmltv_id="NHL Center Ice 5 HD">NHL Center Ice 5 HD</channel>
    <channel update="i" site="tvpassport.com" site_id="nhl-center-ice-6-hd/15391" xmltv_id="NHL Center Ice 6 HD">NHL Center Ice 6 HD</channel>
    <channel update="i" site="tvpassport.com" site_id="nhl-center-ice-7-hd/15394" xmltv_id="NHL Center Ice 7 HD">NHL Center Ice 7 HD</channel>
    <channel update="i" site="tvpassport.com" site_id="nfl-network-hd/3601" xmltv_id="NFL Network HD">NFL Network HD</channel>
    <channel update="i" site="tvpassport.com" site_id="nfl-sunday-ticket-hd-1/4099" xmltv_id="NFL Sunday Ticket HD 1">NFL Sunday Ticket HD 1</channel>
    <channel update="i" site="tvpassport.com" site_id="nfl-sunday-ticket-hd-2/4100" xmltv_id="NFL Sunday Ticket HD 2">NFL Sunday Ticket HD 2</channel>
    <channel update="i" site="tvpassport.com" site_id="nfl-sunday-ticket-hd-3/4101" xmltv_id="NFL Sunday Ticket HD 3">NFL Sunday Ticket HD 3</channel>
    <channel update="i" site="tvpassport.com" site_id="nfl-sunday-ticket-hd-4/3617" xmltv_id="NFL Sunday Ticket HD 4">NFL Sunday Ticket HD 4</channel>
    <channel update="i" site="tvpassport.com" site_id="nfl-sunday-ticket-hd-5/4103" xmltv_id="NFL Sunday Ticket HD 5">NFL Sunday Ticket HD 5</channel>
    <channel update="i" site="tvpassport.com" site_id="nfl-sunday-ticket-hd-6/3619" xmltv_id="NFL Sunday Ticket HD 6">NFL Sunday Ticket HD 6</channel>
    <channel update="i" site="tvpassport.com" site_id="mlb-extra-innings-1-hd/9617" xmltv_id="MLB Extra Innings 1 HD">MLB Extra Innings 1 HD</channel>
    <channel update="i" site="tvpassport.com" site_id="mlb-extra-innings-2-hd/9618" xmltv_id="MLB Extra Innings 2 HD">MLB Extra Innings 2 HD</channel>
    <channel update="i" site="tvpassport.com" site_id="mlb-extra-innings-3-hd/9619" xmltv_id="MLB Extra Innings 3 HD">MLB Extra Innings 3 HD</channel>
    <channel update="i" site="tvpassport.com" site_id="mlb-extra-innings-4-hd/9620" xmltv_id="MLB Extra Innings 4 HD">MLB Extra Innings 4 HD</channel>
    <channel update="i" site="tvpassport.com" site_id="mlb-extra-innings-5-hd/9621" xmltv_id="MLB Extra Innings 5 HD">MLB Extra Innings 5 HD</channel>
    <channel update="i" site="tvpassport.com" site_id="mlb-extra-innings-6-hd/9623" xmltv_id="MLB Extra Innings 6 HD">MLB Extra Innings 6 HD</channel>
    <channel update="i" site="tvpassport.com" site_id="mlb-extra-innings-7-hd/9622" xmltv_id="MLB Extra Innings 7 HD">MLB Extra Innings 7 HD</channel>
    <channel update="i" site="tvpassport.com" site_id="cnn-hd/4724" xmltv_id="CNN HD">CNN HD</channel>
    <channel update="i" site="tvpassport.com" site_id="ctv-news-channel-hd/10770" xmltv_id="CTV News Channel HD">CTV News Channel HD</channel>
    <channel update="i" site="tvpassport.com" site_id="cbc-news-network-hd/6421" xmltv_id="CBC News Network HD">CBC News Network HD</channel>
    <channel update="i" site="tvpassport.com" site_id="cp24-cablepulse-24-hd/10809" xmltv_id="CP24 (CablePulse 24) HD">CP24 (CablePulse 24) HD</channel>
    <channel update="i" site="tvpassport.com" site_id="bnn-business-news-network-hd/10043" xmltv_id="BNN - Business News Network HD">BNN - Business News Network HD</channel>
    <channel update="i" site="tvpassport.com" site_id="weather-network-hd/9440" xmltv_id="Weather Network HD">Weather Network HD</channel>
    <channel update="i" site="tvpassport.com" site_id="msnbc-canada-hd/8430" xmltv_id="MSNBC Canada HD">MSNBC Canada HD</channel>
    <channel update="i" site="tvpassport.com" site_id="hln-hd/6994" xmltv_id="HLN HD">HLN HD</channel>
    <channel update="i" site="tvpassport.com" site_id="bbc-world-hd/10294" xmltv_id="BBC World HD">BBC World HD</channel>
    <channel update="i" site="tvpassport.com" site_id="discovery-velocity/3887" xmltv_id="Discovery Velocity">Discovery Velocity</channel>
    <channel update="i" site="tvpassport.com" site_id="discovery-channel-can-hd/8451" xmltv_id="Discovery Channel (CAN) HD">Discovery Channel (CAN) HD</channel>
    <channel update="i" site="tvpassport.com" site_id="tlc-canada-hd/6779" xmltv_id="TLC Canada HD">TLC Canada HD</channel>
    <channel update="i" site="tvpassport.com" site_id="history-canada-hd-east/6822" xmltv_id="History Canada HD East">History Canada HD East</channel>
    <channel update="i" site="tvpassport.com" site_id="discovery-science-canada-hd/10769" xmltv_id="Discovery Science Canada HD">Discovery Science Canada HD</channel>
    <channel update="i" site="tvpassport.com" site_id="national-geographic-canada-hd/4162" xmltv_id="National Geographic Canada HD">National Geographic Canada HD</channel>
    <channel update="i" site="tvpassport.com" site_id="animal-planet-canada-hd/10044" xmltv_id="Animal Planet Canada HD">Animal Planet Canada HD</channel>
    <channel update="i" site="tvpassport.com" site_id="oprah-winfrey-network-canada-hd/8962" xmltv_id="Oprah Winfrey Network Canada HD">Oprah Winfrey Network Canada HD</channel>
    <channel update="i" site="tvpassport.com" site_id="travel-escape-hd/9631" xmltv_id="Travel + Escape HD">Travel + Escape HD</channel>
    <channel update="i" site="tvpassport.com" site_id="investigation-discovery-canada-hd/8458" xmltv_id="Investigation Discovery Canada HD">Investigation Discovery Canada HD</channel>
    <channel update="i" site="tvpassport.com" site_id="family-jr-hd/9189" xmltv_id="Family Jr. HD">Family Jr. HD</channel>
    <channel update="i" site="tvpassport.com" site_id="ytv-youth-television-east-hd/8774" xmltv_id="YTV (Youth Television) - East HD">YTV (Youth Television) - East HD</channel>
    <channel update="i" site="tvpassport.com" site_id="teletoon-east-hd/10331" xmltv_id="Teletoon - East HD">Teletoon - East HD</channel>
    <channel update="i" site="tvpassport.com" site_id="family-channel-canada-east-hd/8777" xmltv_id="Family Channel Canada - East HD">Family Channel Canada - East HD</channel>
    <channel update="i" site="tvpassport.com" site_id="nickelodeon-canada-hd/11319" xmltv_id="Nickelodeon Canada HD">Nickelodeon Canada HD</channel>
    <channel update="i" site="tvpassport.com" site_id="treehouse-hd/11285" xmltv_id="Treehouse HD">Treehouse HD</channel>
    <channel update="i" site="tvpassport.com" site_id="family-chrgd-hd/10240" xmltv_id="Family CHRGD HD">Family CHRGD HD</channel>
    <channel update="i" site="tvpassport.com" site_id="abc-spark-hd/10282" xmltv_id="ABC Spark HD">ABC Spark HD</channel>
    <channel update="i" site="tvpassport.com" site_id="cartoon-network-canada-hd/10691" xmltv_id="Cartoon Network Canada HD">Cartoon Network Canada HD</channel>
    <channel update="i" site="tvpassport.com" site_id="much-music-hd/9396" xmltv_id="Much Music HD">Much Music HD</channel>
    <channel update="i" site="tvpassport.com" site_id="m3-hd/11293" xmltv_id="M3 HD">M3 HD</channel>
    <channel update="i" site="tvpassport.com" site_id="aux-hd/11108" xmltv_id="AUX HD">AUX HD</channel>
    <channel update="i" site="tvpassport.com" site_id="mtv-canada-hd/11107" xmltv_id="MTV Canada HD">MTV Canada HD</channel>
    <channel update="i" site="tvpassport.com" site_id="cmt-canada-hd/11325" xmltv_id="CMT Canada HD">CMT Canada HD</channel>
    <channel update="i" site="tvpassport.com" site_id="hgtv-canada-hd/8793" xmltv_id="HGTV Canada HD">HGTV Canada HD</channel>
    <channel update="i" site="tvpassport.com" site_id="slice-hd/9632" xmltv_id="Slice HD">Slice HD</channel>
    <channel update="i" site="tvpassport.com" site_id="w-wtn-east-hd/9652" xmltv_id="W (WTN) - East HD">W (WTN) - East HD</channel>
    <channel update="i" site="tvpassport.com" site_id="food-network-canada-hd/8389" xmltv_id="Food Network Canada HD">Food Network Canada HD</channel>
    <channel update="i" site="tvpassport.com" site_id="cosmopolitan-tv-east-hd/11326" xmltv_id="Cosmopolitan TV East HD">Cosmopolitan TV East HD</channel>
    <channel update="i" site="tvpassport.com" site_id="outtv-hd/9309" xmltv_id="OUTtv HD">OUTtv HD</channel>
    <channel update="i" site="tvpassport.com" site_id="sundancetv-canada-hd/10988" xmltv_id="SundanceTV Canada HD">SundanceTV Canada HD</channel>
    <channel update="i" site="tvpassport.com" site_id="ae-canada-hd/3886" xmltv_id="A&amp;E Canada HD">A&amp;E Canada HD</channel>
    <channel update="i" site="tvpassport.com" site_id="showcase-canada-hd/4161" xmltv_id="Showcase Canada HD">Showcase Canada HD</channel>
    <channel update="i" site="tvpassport.com" site_id="dtour-hd/3969" xmltv_id="DTOUR HD">DTOUR HD</channel>
    <channel update="i" site="tvpassport.com" site_id="gusto-tv-hd/13251" xmltv_id="Gusto TV HD">Gusto TV HD</channel>
    <channel update="i" site="tvpassport.com" site_id="bravo-canada-hd/6797" xmltv_id="Bravo Canada HD">Bravo Canada HD</channel>
    <channel update="i" site="tvpassport.com" site_id="e-canada-hd/8558" xmltv_id="E! Canada HD">E! Canada HD</channel>
    <channel update="i" site="tvpassport.com" site_id="comedy-network-east-hd/10771" xmltv_id="Comedy Network - East HD">Comedy Network - East HD</channel>
    <channel update="i" site="tvpassport.com" site_id="comedy-network-west-hd/10772" xmltv_id="Comedy Network - West HD">Comedy Network - West HD</channel>
    <channel update="i" site="tvpassport.com" site_id="space-hd/10042" xmltv_id="Space HD">Space HD</channel>
    <channel update="i" site="tvpassport.com" site_id="spike-canada-hd/9654" xmltv_id="SPIKE Canada HD">SPIKE Canada HD</channel>
    <channel update="i" site="tvpassport.com" site_id="h2-canada-hd/8457" xmltv_id="H2 Canada HD">H2 Canada HD</channel>
    <channel update="i" site="tvpassport.com" site_id="game-show-network-east-hd/7055" xmltv_id="Game Show Network - East HD">Game Show Network - East HD</channel>
    <channel update="i" site="tvpassport.com" site_id="cottage-life-hd/6791" xmltv_id="Cottage Life HD">Cottage Life HD</channel>
    <channel update="i" site="tvpassport.com" site_id="yes-tv-cits-burlington-on-hd/9691" xmltv_id="Yes TV (CITS) Burlington, ON HD">Yes TV (CITS) Burlington, ON HD</channel>
    <channel update="i" site="tvpassport.com" site_id="hifi/3906" xmltv_id="HIFI">HIFI</channel>
    <channel update="i" site="tvpassport.com" site_id="love-nature/3907" xmltv_id="Love Nature">Love Nature</channel>
    <channel update="i" site="tvpassport.com" site_id="radxhd/3908" xmltv_id="RadXHD">RadXHD</channel>
    <channel update="i" site="tvpassport.com" site_id="smithsonian-channel-canada/3909" xmltv_id="Smithsonian Channel Canada">Smithsonian Channel Canada</channel>
  </channels>
</site>