﻿<?xml version="1.0" encoding="UTF-8"?>
<site generator-info-name="WebGrab+Plus/w MDB &amp; REX Postprocess -- version V1.56.28.2 -- Jan van Straaten" site="tvpassport.com">
  <channels>
    <channel update="i" site="tvpassport.com" site_id="36989" xmltv_id="Broadcast-Dundas, ON">Broadcast-Dundas, ON</channel>
    <channel update="i" site="tvpassport.com" site_id="36625D" xmltv_id="Bell Fibe TV-Toronto, ON - Digital">Bell Fibe TV-Toronto, ON - Digital</channel>
    <channel update="i" site="tvpassport.com" site_id="772D" xmltv_id="Cogeco-Ancaster (Digital), ON - Digital">Cogeco-Ancaster (Digital), ON - Digital</channel>
    <channel update="i" site="tvpassport.com" site_id="5217" xmltv_id="Cogeco-Ancaster, ON">Cogeco-Ancaster, ON</channel>
    <channel update="i" site="tvpassport.com" site_id="6403D" xmltv_id="VMedia-Ontario, ON - Digital">VMedia-Ontario, ON - Digital</channel>
    <channel update="i" site="tvpassport.com" site_id="1743" xmltv_id="Bell TV-Eastern Canada, ON">Bell TV-Eastern Canada, ON</channel>
    <channel update="i" site="tvpassport.com" site_id="5524" xmltv_id="Shaw Direct (Star Choice)-Advanced Lineup - Eastern Canada, ON">Shaw Direct (Star Choice)-Advanced Lineup - Eastern Canada, ON</channel>
    <channel update="i" site="tvpassport.com" site_id="1742" xmltv_id="Shaw Direct (Star Choice)-Classic Lineup - Eastern Canada, ON">Shaw Direct (Star Choice)-Classic Lineup - Eastern Canada, ON</channel>
  </channels>
</site>