<?xml version="1.0" encoding="UTF-8"?>
<site generator-info-name="WebGrab+Plus/w MDB &amp; REX Postprocess -- version V2.1.5 -- Jan van Straaten" site="elcinema.com">
  <channels>
    <channel update="i" site="elcinema.ar.com" site_id="1277" xmltv_id="ديزني">ديزني</channel>
    <channel update="i" site="elcinema.ar.com" site_id="1241" xmltv_id="إم بي سي 3">إم بي سي 3</channel>
    <channel update="i" site="elcinema.ar.com" site_id="1242" xmltv_id="نتورك بالعربية">نتورك بالعربية</channel>
    <channel update="i" site="elcinema.ar.com" site_id="1267" xmltv_id="أنيمال بلانت">أنيمال بلانت</channel>
    <channel update="i" site="elcinema.ar.com" site_id="1266" xmltv_id="ناشونال جيوجرافيك أبو ظبي">ناشونال جيوجرافيك أبو ظبي</channel>
    <channel update="i" site="elcinema.ar.com" site_id="1275" xmltv_id="ناشيونال جيوجرافيك">ناشيونال جيوجرافيك</channel>
    <channel update="i" site="elcinema.ar.com" site_id="1272" xmltv_id="ديسكفري">ديسكفري</channel>
    <channel update="i" site="elcinema.ar.com" site_id="1260" xmltv_id="سي بي سي سفرة">سي بي سي سفرة</channel>
    <channel update="i" site="elcinema.ar.com" site_id="1211" xmltv_id="أو إس إن موفيز أكشن">أو إس إن موفيز أكشن</channel>
    <channel update="i" site="elcinema.ar.com" site_id="1323" xmltv_id="بي إن موفيز أكشن">بي إن موفيز أكشن</channel>
    <channel update="i" site="elcinema.ar.com" site_id="1125" xmltv_id="فوكس موفيز">فوكس موفيز</channel>
    <channel update="i" site="elcinema.ar.com" site_id="1262" xmltv_id="زي أفلام">زي أفلام</channel>
    <channel update="i" site="elcinema.ar.com" site_id="1173" xmltv_id="دبي وان">دبي وان</channel>
    <channel update="i" site="elcinema.ar.com" site_id="1150" xmltv_id="سينما 1">سينما 1</channel>
    <channel update="i" site="elcinema.ar.com" site_id="1212" xmltv_id="ستار موفيز">ستار موفيز</channel>
    <channel update="i" site="elcinema.ar.com" site_id="1325" xmltv_id="بي إن موفيز فاميلي">بي إن موفيز فاميلي</channel>
    <channel update="i" site="elcinema.ar.com" site_id="1231" xmltv_id="أو إس إن موفيز كوميدي">أو إس إن موفيز كوميدي</channel>
    <channel update="i" site="elcinema.ar.com" site_id="1230" xmltv_id="أو أس إن موفيز أكشن إتش دي +2">أو أس إن موفيز أكشن إتش دي +2</channel>
    <channel update="i" site="elcinema.ar.com" site_id="1285" xmltv_id="أو إس إن ياهلا سينما">أو إس إن ياهلا سينما</channel>
    <channel update="i" site="elcinema.ar.com" site_id="1295" xmltv_id="أو إس إن بوكس أوفيس 3">أو إس إن بوكس أوفيس 3</channel>
    <channel update="i" site="elcinema.ar.com" site_id="1329" xmltv_id="ستار ورلد">ستار ورلد</channel>
    <channel update="i" site="elcinema.ar.com" site_id="1322" xmltv_id="بي إن موفيز بريمير">بي إن موفيز بريمير</channel>
    <channel update="i" site="elcinema.ar.com" site_id="1294" xmltv_id="أو إس إن بوكس أوفيس 2">أو إس إن بوكس أوفيس 2</channel>
    <channel update="i" site="elcinema.ar.com" site_id="1293" xmltv_id="أو إس إن بوكس أوفيس 1">أو إس إن بوكس أوفيس 1</channel>
    <channel update="i" site="elcinema.ar.com" site_id="1132" xmltv_id="إم بي سي ماكس">إم بي سي ماكس</channel>
    <channel update="i" site="elcinema.ar.com" site_id="1130" xmltv_id="إم بي سي أكشن">إم بي سي أكشن</channel>
    <channel update="i" site="elcinema.ar.com" site_id="1128" xmltv_id="إم بي سي 2">إم بي سي 2</channel>
    <channel update="i" site="elcinema.ar.com" site_id="1195" xmltv_id="إيه آر تي سينما">إيه آر تي سينما</channel>
    <channel update="i" site="elcinema.ar.com" site_id="1176" xmltv_id="سيما">سيما</channel>
    <channel update="i" site="elcinema.ar.com" site_id="1213" xmltv_id="أو إس إن موفيز فرست">أو إس إن موفيز فرست</channel>
    <channel update="i" site="elcinema.ar.com" site_id="1210" xmltv_id="أو إس إن موفيز 2">أو إس إن موفيز 2</channel>
    <channel update="i" site="elcinema.ar.com" site_id="1151" xmltv_id="سينما 2">سينما 2</channel>
    <channel update="i" site="elcinema.ar.com" site_id="1209" xmltv_id="أو إس إن موفيز">أو إس إن موفيز</channel>
    <channel update="i" site="elcinema.ar.com" site_id="1120" xmltv_id="إيه آر تي أفلام 1">إيه آر تي أفلام 1</channel>
    <channel update="i" site="elcinema.ar.com" site_id="1147" xmltv_id="روتانا دراما">روتانا دراما</channel>
    <channel update="i" site="elcinema.ar.com" site_id="1288" xmltv_id="زي سينما">زي سينما</channel>
    <channel update="i" site="elcinema.ar.com" site_id="1324" xmltv_id="بي إن موفيز دراما">بي إن موفيز دراما</channel>
    <channel update="i" site="elcinema.ar.com" site_id="1331" xmltv_id="فوكس فاميلي موفيز">فوكس فاميلي موفيز</channel>
    <channel update="i" site="elcinema.ar.com" site_id="1330" xmltv_id="فوكس أكشن موفيز">فوكس أكشن موفيز</channel>
    <channel update="i" site="elcinema.ar.com" site_id="1214" xmltv_id="أو إس إن موفيز فرست +2">أو إس إن موفيز فرست +2</channel>
    <channel update="i" site="elcinema.ar.com" site_id="1232" xmltv_id="أو إس إن موفيز كيدز">أو إس إن موفيز كيدز</channel>
    <channel update="i" site="elcinema.ar.com" site_id="1326" xmltv_id="بي إن بوكس أوفيس">بي إن بوكس أوفيس</channel>
    <channel update="i" site="elcinema.ar.com" site_id="1238" xmltv_id="أو إس ان موفيز تريلر +2">أو إس ان موفيز تريلر +2</channel>
    <channel update="i" site="elcinema.ar.com" site_id="1229" xmltv_id="أو أس إن موفيز تريلر">أو أس إن موفيز تريلر</channel>
    <channel update="i" site="elcinema.ar.com" site_id="1121" xmltv_id="إيه آر تي افلام 2">إيه آر تي افلام 2</channel>
    <channel update="i" site="elcinema.ar.com" site_id="1259" xmltv_id="إم بي سي بوليوود">إم بي سي بوليوود</channel>
    <channel update="i" site="elcinema.ar.com" site_id="1205" xmltv_id="أو إس إن ياهلا">أو إس إن ياهلا</channel>
    <channel update="i" site="elcinema.ar.com" site_id="1274" xmltv_id="آي تي في تشويس">آي تي في تشويس</channel>
    <channel update="i" site="elcinema.ar.com" site_id="1278" xmltv_id="إم بي سي مصر 2">إم بي سي مصر 2</channel>
    <channel update="i" site="elcinema.ar.com" site_id="1273" xmltv_id="إي إنترتينمنت">إي إنترتينمنت</channel>
    <channel update="i" site="elcinema.ar.com" site_id="1312" xmltv_id="الأولى المغربية">الأولى المغربية</channel>
    <channel update="i" site="elcinema.ar.com" site_id="1276" xmltv_id="تي إل سي">تي إل سي</channel>
    <channel update="i" site="elcinema.ar.com" site_id="1280" xmltv_id="تن">تن</channel>
    <channel update="i" site="elcinema.ar.com" site_id="1216" xmltv_id="الجديد">الجديد</channel>
    <channel update="i" site="elcinema.ar.com" site_id="1174" xmltv_id="القاهرة والناس">القاهرة والناس</channel>
    <channel update="i" site="elcinema.ar.com" site_id="1136" xmltv_id="أبو ظبي">أبو ظبي</channel>
    <channel update="i" site="elcinema.ar.com" site_id="1135" xmltv_id="الإمارات">الإمارات</channel>
    <channel update="i" site="elcinema.ar.com" site_id="1321" xmltv_id="المنار">المنار</channel>
    <channel update="i" site="elcinema.ar.com" site_id="1271" xmltv_id="بي بي سي فرست">بي بي سي فرست</channel>
    <channel update="i" site="elcinema.ar.com" site_id="1317" xmltv_id="عمان">عمان</channel>
    <channel update="i" site="elcinema.ar.com" site_id="1308" xmltv_id="الوطنية 1">الوطنية 1</channel>
    <channel update="i" site="elcinema.ar.com" site_id="1250" xmltv_id="أو إس إن ياهلا الأولى">أو إس إن ياهلا الأولى</channel>
    <channel update="i" site="elcinema.ar.com" site_id="1265" xmltv_id="حواس">حواس</channel>
    <channel update="i" site="elcinema.ar.com" site_id="1171" xmltv_id="المستقبل">المستقبل</channel>
    <channel update="i" site="elcinema.ar.com" site_id="1309" xmltv_id="بي إن دراما">بي إن دراما</channel>
    <channel update="i" site="elcinema.ar.com" site_id="1177" xmltv_id="سما دبي">سما دبي</channel>
    <channel update="i" site="elcinema.ar.com" site_id="1299" xmltv_id="رؤيا">رؤيا</channel>
    <channel update="i" site="elcinema.ar.com" site_id="1239" xmltv_id="إم بي سي مصر">إم بي سي مصر</channel>
    <channel update="i" site="elcinema.ar.com" site_id="1145" xmltv_id="المحور">المحور</channel>
    <channel update="i" site="elcinema.ar.com" site_id="1137" xmltv_id="الحياة">الحياة</channel>
    <channel update="i" site="elcinema.ar.com" site_id="1226" xmltv_id="صدى البلد">صدى البلد</channel>
    <channel update="i" site="elcinema.ar.com" site_id="1203" xmltv_id="أون إي">أون إي</channel>
    <channel update="i" site="elcinema.ar.com" site_id="1283" xmltv_id="دبي زمان">دبي زمان</channel>
    <channel update="i" site="elcinema.ar.com" site_id="1301" xmltv_id="السومرية">السومرية</channel>
    <channel update="i" site="elcinema.ar.com" site_id="1168" xmltv_id="إل بي سي آي">إل بي سي آي</channel>
    <channel update="i" site="elcinema.ar.com" site_id="1298" xmltv_id="عَمان">عَمان</channel>
    <channel update="i" site="elcinema.ar.com" site_id="1264" xmltv_id="الظفرة">الظفرة</channel>
    <channel update="i" site="elcinema.ar.com" site_id="1193" xmltv_id="النهار">النهار</channel>
    <channel update="i" site="elcinema.ar.com" site_id="1162" xmltv_id="اليوم">اليوم</channel>
    <channel update="i" site="elcinema.ar.com" site_id="1160" xmltv_id="الصفوة">الصفوة</channel>
    <channel update="i" site="elcinema.ar.com" site_id="1296" xmltv_id="إم تي في">إم تي في</channel>
    <channel update="i" site="elcinema.ar.com" site_id="1169" xmltv_id="دبي">دبي</channel>
    <channel update="i" site="elcinema.ar.com" site_id="1302" xmltv_id="الفجيرة">الفجيرة</channel>
    <channel update="i" site="elcinema.ar.com" site_id="1225" xmltv_id="إل بي سي أوروبا">إل بي سي أوروبا</channel>
    <channel update="i" site="elcinema.ar.com" site_id="1127" xmltv_id="إم بي سي">إم بي سي</channel>
    <channel update="i" site="elcinema.ar.com" site_id="1198" xmltv_id="سي بي سي">سي بي سي</channel>
    <channel update="i" site="elcinema.ar.com" site_id="1334" xmltv_id="الوطنية 2">الوطنية 2</channel>
    <channel update="i" site="elcinema.ar.com" site_id="1290" xmltv_id="دي إم سي">دي إم سي</channel>
    <channel update="i" site="elcinema.ar.com" site_id="1269" xmltv_id="الشرقية">الشرقية</channel>
    <channel update="i" site="elcinema.ar.com" site_id="1188" xmltv_id="الشارقة">الشارقة</channel>
    <channel update="i" site="elcinema.ar.com" site_id="1257" xmltv_id="أو إس إن مسلسلات كوميدي">أو إس إن مسلسلات كوميدي</channel>
    <channel update="i" site="elcinema.ar.com" site_id="1122" xmltv_id="إيه آر تي حكايات">إيه آر تي حكايات</channel>
    <channel update="i" site="elcinema.ar.com" site_id="1161" xmltv_id="مسلسلات">مسلسلات</channel>
    <channel update="i" site="elcinema.ar.com" site_id="1182" xmltv_id="إيه آر تي حكايات 2">إيه آر تي حكايات 2</channel>
    <channel update="i" site="elcinema.ar.com" site_id="1186" xmltv_id="مسلسلات +2">مسلسلات +2</channel>
    <channel update="i" site="elcinema.ar.com" site_id="1227" xmltv_id="صدى البلد دراما">صدى البلد دراما</channel>
    <channel update="i" site="elcinema.ar.com" site_id="1254" xmltv_id="أو إس إن مسلسلات إتش دي">أو إس إن مسلسلات إتش دي</channel>
    <channel update="i" site="elcinema.ar.com" site_id="1251" xmltv_id="أو إس إن ياهلا الأولى +2">أو إس إن ياهلا الأولى +2</channel>
    <channel update="i" site="elcinema.ar.com" site_id="1258" xmltv_id="أو إس إن مسلسلات كوميدي +2">أو إس إن مسلسلات كوميدي +2</channel>
    <channel update="i" site="elcinema.ar.com" site_id="1327" xmltv_id="بي إن سيريس">بي إن سيريس</channel>
    <channel update="i" site="elcinema.ar.com" site_id="1156" xmltv_id="نايل دراما">نايل دراما</channel>
    <channel update="i" site="elcinema.ar.com" site_id="1261" xmltv_id="زي ألوان">زي ألوان</channel>
    <channel update="i" site="elcinema.ar.com" site_id="1256" xmltv_id="أو إس إن مسلسلات فرست إتش دي">أو إس إن مسلسلات فرست إتش دي</channel>
    <channel update="i" site="elcinema.ar.com" site_id="1255" xmltv_id="أو إس إن فرست إتش بي أو">أو إس إن فرست إتش بي أو</channel>
    <channel update="i" site="elcinema.ar.com" site_id="1131" xmltv_id="إم بي سي دراما +">إم بي سي دراما +</channel>
    <channel update="i" site="elcinema.ar.com" site_id="1300" xmltv_id="سوريا دراما">سوريا دراما</channel>
    <channel update="i" site="elcinema.ar.com" site_id="1292" xmltv_id="دي إم سي دراما">دي إم سي دراما</channel>
    <channel update="i" site="elcinema.ar.com" site_id="1138" xmltv_id="الحياة مسلسلات">الحياة مسلسلات</channel>
    <channel update="i" site="elcinema.ar.com" site_id="1328" xmltv_id="بي إن سيريس إتش دي 2">بي إن سيريس إتش دي 2</channel>
    <channel update="i" site="elcinema.ar.com" site_id="1126" xmltv_id="أف إكس">أف إكس</channel>
    <channel update="i" site="elcinema.ar.com" site_id="1228" xmltv_id="فوكس">فوكس</channel>
    <channel update="i" site="elcinema.ar.com" site_id="1134" xmltv_id="أون دراما">أون دراما</channel>
    <channel update="i" site="elcinema.ar.com" site_id="1223" xmltv_id="النهار دراما">النهار دراما</channel>
    <channel update="i" site="elcinema.ar.com" site_id="1129" xmltv_id="إم بي سي 4">إم بي سي 4</channel>
    <channel update="i" site="elcinema.ar.com" site_id="1313" xmltv_id="لنا">لنا</channel>
    <channel update="i" site="elcinema.ar.com" site_id="1199" xmltv_id="سي بي سي دراما">سي بي سي دراما</channel>
    <channel update="i" site="elcinema.ar.com" site_id="1194" xmltv_id="إم بي سي دراما">إم بي سي دراما</channel>
    <channel update="i" site="elcinema.ar.com" site_id="1204" xmltv_id="آي فيلم">آي فيلم</channel>
    <channel update="i" site="elcinema.ar.com" site_id="1178" xmltv_id="أبو ظبي دراما">أبو ظبي دراما</channel>
    <channel update="i" site="elcinema.ar.com" site_id="1233" xmltv_id="فن">فن</channel>
  </channels>
</site>