﻿<?xml version="1.0" encoding="UTF-8"?>
<site generator-info-name="WebGrab+Plus/w MDB &amp; REX Postprocess -- version V2.1.5 -- Jan van Straaten" site="elcinema.com">
  <channels>
    <channel update="i" site="elcinema.en.com" site_id="1242" xmltv_id="Network Arabic">Network Arabic</channel>
    <channel update="i" site="elcinema.en.com" site_id="1277" xmltv_id="Disney channel">Disney channel</channel>
    <channel update="i" site="elcinema.en.com" site_id="1241" xmltv_id="MBC 3">MBC 3</channel>
    <channel update="i" site="elcinema.en.com" site_id="1275" xmltv_id="National Geographic">National Geographic</channel>
    <channel update="i" site="elcinema.en.com" site_id="1272" xmltv_id="Discovery">Discovery</channel>
    <channel update="i" site="elcinema.en.com" site_id="1267" xmltv_id="Animal Planet HD">Animal Planet HD</channel>
    <channel update="i" site="elcinema.en.com" site_id="1266" xmltv_id="National Geographic Abu Dhabi">National Geographic Abu Dhabi</channel>
    <channel update="i" site="elcinema.en.com" site_id="1260" xmltv_id="CBC sofra">CBC sofra</channel>
    <channel update="i" site="elcinema.en.com" site_id="1231" xmltv_id="OSN Movies Comedy">OSN Movies Comedy</channel>
    <channel update="i" site="elcinema.en.com" site_id="1176" xmltv_id="Cima">Cima</channel>
    <channel update="i" site="elcinema.en.com" site_id="1238" xmltv_id="OSN MOVIES THRILLER HD +2">OSN MOVIES THRILLER HD +2</channel>
    <channel update="i" site="elcinema.en.com" site_id="1230" xmltv_id="OSN MOVIES ACTION HD +2">OSN MOVIES ACTION HD +2</channel>
    <channel update="i" site="elcinema.en.com" site_id="1293" xmltv_id="OSN BOX OFFICE 1">OSN BOX OFFICE 1</channel>
    <channel update="i" site="elcinema.en.com" site_id="1330" xmltv_id="FOX ACTION MOVIES">FOX ACTION MOVIES</channel>
    <channel update="i" site="elcinema.en.com" site_id="1132" xmltv_id="MBC MAX">MBC MAX</channel>
    <channel update="i" site="elcinema.en.com" site_id="1210" xmltv_id="OSN Movies  2">OSN Movies  2</channel>
    <channel update="i" site="elcinema.en.com" site_id="1229" xmltv_id="OSN MOVIES THRILLER HD">OSN MOVIES THRILLER HD</channel>
    <channel update="i" site="elcinema.en.com" site_id="1259" xmltv_id="MBC Bollywood">MBC Bollywood</channel>
    <channel update="i" site="elcinema.en.com" site_id="1195" xmltv_id="ART Cinema">ART Cinema</channel>
    <channel update="i" site="elcinema.en.com" site_id="1288" xmltv_id="Zee Cinema">Zee Cinema</channel>
    <channel update="i" site="elcinema.en.com" site_id="1209" xmltv_id="OSN Movies">OSN Movies</channel>
    <channel update="i" site="elcinema.en.com" site_id="1326" xmltv_id="BeIn Box Office">BeIn Box Office</channel>
    <channel update="i" site="elcinema.en.com" site_id="1331" xmltv_id="FOX FAMILY MOVIES HD">FOX FAMILY MOVIES HD</channel>
    <channel update="i" site="elcinema.en.com" site_id="1232" xmltv_id="OSN Movies Kids">OSN Movies Kids</channel>
    <channel update="i" site="elcinema.en.com" site_id="1262" xmltv_id="Zee aflam">Zee aflam</channel>
    <channel update="i" site="elcinema.en.com" site_id="1147" xmltv_id="Rotana Drama">Rotana Drama</channel>
    <channel update="i" site="elcinema.en.com" site_id="1324" xmltv_id="BEIN MOVIES DRAMA">BEIN MOVIES DRAMA</channel>
    <channel update="i" site="elcinema.en.com" site_id="1120" xmltv_id="ART Aflam 1">ART Aflam 1</channel>
    <channel update="i" site="elcinema.en.com" site_id="1329" xmltv_id="Star World">Star World</channel>
    <channel update="i" site="elcinema.en.com" site_id="1285" xmltv_id="Osn Ya Hala Cinema">Osn Ya Hala Cinema</channel>
    <channel update="i" site="elcinema.en.com" site_id="1151" xmltv_id="Cinema 2">Cinema 2</channel>
    <channel update="i" site="elcinema.en.com" site_id="1323" xmltv_id="BEIN MOVIES ACTION">BEIN MOVIES ACTION</channel>
    <channel update="i" site="elcinema.en.com" site_id="1125" xmltv_id="Fox Movies">Fox Movies</channel>
    <channel update="i" site="elcinema.en.com" site_id="1212" xmltv_id="Star Movies">Star Movies</channel>
    <channel update="i" site="elcinema.en.com" site_id="1213" xmltv_id="OSN MOVIES FIRST HD">OSN MOVIES FIRST HD</channel>
    <channel update="i" site="elcinema.en.com" site_id="1295" xmltv_id="OSN BOX OFFICE 3">OSN BOX OFFICE 3</channel>
    <channel update="i" site="elcinema.en.com" site_id="1294" xmltv_id="OSN BOX OFFICE 2">OSN BOX OFFICE 2</channel>
    <channel update="i" site="elcinema.en.com" site_id="1130" xmltv_id="MBC Action">MBC Action</channel>
    <channel update="i" site="elcinema.en.com" site_id="1128" xmltv_id="MBC 2">MBC 2</channel>
    <channel update="i" site="elcinema.en.com" site_id="1150" xmltv_id="Cinema 1">Cinema 1</channel>
    <channel update="i" site="elcinema.en.com" site_id="1214" xmltv_id="OSN MOVIES FIRST HD +2">OSN MOVIES FIRST HD +2</channel>
    <channel update="i" site="elcinema.en.com" site_id="1121" xmltv_id="ART Aflam 2">ART Aflam 2</channel>
    <channel update="i" site="elcinema.en.com" site_id="1325" xmltv_id="BEIN MOVIES FAMILY">BEIN MOVIES FAMILY</channel>
    <channel update="i" site="elcinema.en.com" site_id="1173" xmltv_id="Dubai One">Dubai One</channel>
    <channel update="i" site="elcinema.en.com" site_id="1211" xmltv_id="OSN MOVIES ACTION HD">OSN MOVIES ACTION HD</channel>
    <channel update="i" site="elcinema.en.com" site_id="1322" xmltv_id="BEIN MOVIES PREMIERE">BEIN MOVIES PREMIERE</channel>
    <channel update="i" site="elcinema.en.com" site_id="1280" xmltv_id="TeN TV">TeN TV</channel>
    <channel update="i" site="elcinema.en.com" site_id="1205" xmltv_id="OSN Ya Hala">OSN Ya Hala</channel>
    <channel update="i" site="elcinema.en.com" site_id="1274" xmltv_id="ITV Choice">ITV Choice</channel>
    <channel update="i" site="elcinema.en.com" site_id="1271" xmltv_id="BBC First">BBC First</channel>
    <channel update="i" site="elcinema.en.com" site_id="1273" xmltv_id="E Entertainment">E Entertainment</channel>
    <channel update="i" site="elcinema.en.com" site_id="1239" xmltv_id="MBC Egypt">MBC Egypt</channel>
    <channel update="i" site="elcinema.en.com" site_id="1160" xmltv_id="Al Safwa">Al Safwa</channel>
    <channel update="i" site="elcinema.en.com" site_id="1312" xmltv_id="Al Aoula Morocco">Al Aoula Morocco</channel>
    <channel update="i" site="elcinema.en.com" site_id="1317" xmltv_id="Oman">Oman</channel>
    <channel update="i" site="elcinema.en.com" site_id="1308" xmltv_id="Watania1">Watania1</channel>
    <channel update="i" site="elcinema.en.com" site_id="1290" xmltv_id="DMC">DMC</channel>
    <channel update="i" site="elcinema.en.com" site_id="1225" xmltv_id="LBC Europe">LBC Europe</channel>
    <channel update="i" site="elcinema.en.com" site_id="1278" xmltv_id="MBC MASR 2">MBC MASR 2</channel>
    <channel update="i" site="elcinema.en.com" site_id="1136" xmltv_id="Abu Dhabi TV">Abu Dhabi TV</channel>
    <channel update="i" site="elcinema.en.com" site_id="1301" xmltv_id="Alsumaria">Alsumaria</channel>
    <channel update="i" site="elcinema.en.com" site_id="1168" xmltv_id="LBCI">LBCI</channel>
    <channel update="i" site="elcinema.en.com" site_id="1321" xmltv_id="almanar">almanar</channel>
    <channel update="i" site="elcinema.en.com" site_id="1264" xmltv_id="Al Dafrah">Al Dafrah</channel>
    <channel update="i" site="elcinema.en.com" site_id="1250" xmltv_id="OSN YA HALA AL OULA">OSN YA HALA AL OULA</channel>
    <channel update="i" site="elcinema.en.com" site_id="1162" xmltv_id="Al Youm">Al Youm</channel>
    <channel update="i" site="elcinema.en.com" site_id="1276" xmltv_id="TLC">TLC</channel>
    <channel update="i" site="elcinema.en.com" site_id="1334" xmltv_id="Watania 2">Watania 2</channel>
    <channel update="i" site="elcinema.en.com" site_id="1135" xmltv_id="Emirates">Emirates</channel>
    <channel update="i" site="elcinema.en.com" site_id="1265" xmltv_id="Hawass">Hawass</channel>
    <channel update="i" site="elcinema.en.com" site_id="1169" xmltv_id="Dubai TV">Dubai TV</channel>
    <channel update="i" site="elcinema.en.com" site_id="1171" xmltv_id="Future TV">Future TV</channel>
    <channel update="i" site="elcinema.en.com" site_id="1309" xmltv_id="beIN Drama">beIN Drama</channel>
    <channel update="i" site="elcinema.en.com" site_id="1302" xmltv_id="Fujairah">Fujairah</channel>
    <channel update="i" site="elcinema.en.com" site_id="1177" xmltv_id="Sama Dubai">Sama Dubai</channel>
    <channel update="i" site="elcinema.en.com" site_id="1299" xmltv_id="Roya">Roya</channel>
    <channel update="i" site="elcinema.en.com" site_id="1145" xmltv_id="Mehwar">Mehwar</channel>
    <channel update="i" site="elcinema.en.com" site_id="1127" xmltv_id="MBC">MBC</channel>
    <channel update="i" site="elcinema.en.com" site_id="1137" xmltv_id="Alhayat TV">Alhayat TV</channel>
    <channel update="i" site="elcinema.en.com" site_id="1198" xmltv_id="CBC">CBC</channel>
    <channel update="i" site="elcinema.en.com" site_id="1188" xmltv_id="Sharjah TV">Sharjah TV</channel>
    <channel update="i" site="elcinema.en.com" site_id="1226" xmltv_id="Sada El Balad">Sada El Balad</channel>
    <channel update="i" site="elcinema.en.com" site_id="1203" xmltv_id="ON E">ON E</channel>
    <channel update="i" site="elcinema.en.com" site_id="1283" xmltv_id="Dubai Zaman">Dubai Zaman</channel>
    <channel update="i" site="elcinema.en.com" site_id="1298" xmltv_id="Amman">Amman</channel>
    <channel update="i" site="elcinema.en.com" site_id="1296" xmltv_id="MTV">MTV</channel>
    <channel update="i" site="elcinema.en.com" site_id="1193" xmltv_id="Al Nahar TV">Al Nahar TV</channel>
    <channel update="i" site="elcinema.en.com" site_id="1216" xmltv_id="Al Jadeed TV">Al Jadeed TV</channel>
    <channel update="i" site="elcinema.en.com" site_id="1174" xmltv_id="Al Kahera Wal Nas TV">Al Kahera Wal Nas TV</channel>
    <channel update="i" site="elcinema.en.com" site_id="1269" xmltv_id="Al sharqya">Al sharqya</channel>
    <channel update="i" site="elcinema.en.com" site_id="1156" xmltv_id="Nile Drama">Nile Drama</channel>
    <channel update="i" site="elcinema.en.com" site_id="1261" xmltv_id="Zee alwan">Zee alwan</channel>
    <channel update="i" site="elcinema.en.com" site_id="1129" xmltv_id="MBC 4">MBC 4</channel>
    <channel update="i" site="elcinema.en.com" site_id="1254" xmltv_id="OSN Series HD">OSN Series HD</channel>
    <channel update="i" site="elcinema.en.com" site_id="1258" xmltv_id="OSN SERIES COMEDY +2">OSN SERIES COMEDY +2</channel>
    <channel update="i" site="elcinema.en.com" site_id="1126" xmltv_id="FX">FX</channel>
    <channel update="i" site="elcinema.en.com" site_id="1228" xmltv_id="Fox">Fox</channel>
    <channel update="i" site="elcinema.en.com" site_id="1300" xmltv_id="Syria Drama">Syria Drama</channel>
    <channel update="i" site="elcinema.en.com" site_id="1257" xmltv_id="OSN SERIES COMEDY HD">OSN SERIES COMEDY HD</channel>
    <channel update="i" site="elcinema.en.com" site_id="1292" xmltv_id="DMC DRAMA">DMC DRAMA</channel>
    <channel update="i" site="elcinema.en.com" site_id="1138" xmltv_id="Alhayat Series">Alhayat Series</channel>
    <channel update="i" site="elcinema.en.com" site_id="1199" xmltv_id="CBC Drama">CBC Drama</channel>
    <channel update="i" site="elcinema.en.com" site_id="1256" xmltv_id="OSN Series First HD">OSN Series First HD</channel>
    <channel update="i" site="elcinema.en.com" site_id="1131" xmltv_id="MBC Drama +">MBC Drama +</channel>
    <channel update="i" site="elcinema.en.com" site_id="1313" xmltv_id="Lana">Lana</channel>
    <channel update="i" site="elcinema.en.com" site_id="1223" xmltv_id="Al Nahar Drama">Al Nahar Drama</channel>
    <channel update="i" site="elcinema.en.com" site_id="1328" xmltv_id="BeIn Series HD 2">BeIn Series HD 2</channel>
    <channel update="i" site="elcinema.en.com" site_id="1178" xmltv_id="Abu Dhabi Drama">Abu Dhabi Drama</channel>
    <channel update="i" site="elcinema.en.com" site_id="1227" xmltv_id="Sada El Balad Drama">Sada El Balad Drama</channel>
    <channel update="i" site="elcinema.en.com" site_id="1134" xmltv_id="ON Drama">ON Drama</channel>
    <channel update="i" site="elcinema.en.com" site_id="1204" xmltv_id="iFILM TV">iFILM TV</channel>
    <channel update="i" site="elcinema.en.com" site_id="1327" xmltv_id="BeIn Series HD 1">BeIn Series HD 1</channel>
    <channel update="i" site="elcinema.en.com" site_id="1194" xmltv_id="MBC Drama">MBC Drama</channel>
    <channel update="i" site="elcinema.en.com" site_id="1251" xmltv_id="OSN YA HALA AL OULA +2">OSN YA HALA AL OULA +2</channel>
    <channel update="i" site="elcinema.en.com" site_id="1255" xmltv_id="OSN First HBO">OSN First HBO</channel>
    <channel update="i" site="elcinema.en.com" site_id="1182" xmltv_id="ART Hekayat 2">ART Hekayat 2</channel>
    <channel update="i" site="elcinema.en.com" site_id="1186" xmltv_id="Series +2">Series +2</channel>
    <channel update="i" site="elcinema.en.com" site_id="1122" xmltv_id="ART Hekayat">ART Hekayat</channel>
    <channel update="i" site="elcinema.en.com" site_id="1161" xmltv_id="Series">Series</channel>
    <channel update="i" site="elcinema.en.com" site_id="1233" xmltv_id="Fan">Fan</channel>
  </channels>
</site>