﻿<?xml version="1.0" encoding="UTF-8"?>
<site generator-info-name="WebGrab+Plus/w MDB &amp; REX Postprocess -- version V1.56.24 -- Jan van Straaten" site="jkt.firstmedia.com">
  <channels>
    <channel update="i" site="jkt.firstmedia.com" site_id="atv" xmltv_id="ATV">ATV</channel>
    <channel update="i" site="jkt.firstmedia.com" site_id="antv" xmltv_id="ANTV">ANTV</channel>
    <channel update="i" site="jkt.firstmedia.com" site_id="tv-one" xmltv_id="TV ONE">TV ONE</channel>
    <channel update="i" site="jkt.firstmedia.com" site_id="tvri-nasional" xmltv_id="TVRI NASIONAL">TVRI NASIONAL</channel>
    <channel update="i" site="jkt.firstmedia.com" site_id="jak-tv" xmltv_id="JAK-TV">JAK-TV</channel>
    <channel update="i" site="jkt.firstmedia.com" site_id="metro-tv" xmltv_id="METRO TV">METRO TV</channel>
    <channel update="i" site="jkt.firstmedia.com" site_id="trans-7" xmltv_id="TRANS 7">TRANS 7</channel>
    <channel update="i" site="jkt.firstmedia.com" site_id="trans-tv" xmltv_id="TRANS TV">TRANS TV</channel>
    <channel update="i" site="jkt.firstmedia.com" site_id="sctv" xmltv_id="SCTV">SCTV</channel>
    <channel update="i" site="jkt.firstmedia.com" site_id="moretv" xmltv_id="ONE HD">ONE HD</channel>
    <channel update="i" site="jkt.firstmedia.com" site_id="daaitv" xmltv_id="DAAITV">DAAITV</channel>
    <channel update="i" site="jkt.firstmedia.com" site_id="indosiar" xmltv_id="INDOSIAR">INDOSIAR</channel>
    <channel update="i" site="jkt.firstmedia.com" site_id="jtv" xmltv_id="JTV">JTV</channel>
    <channel update="i" site="jkt.firstmedia.com" site_id="reformed-21" xmltv_id="REFORMED 21">REFORMED 21</channel>
    <channel update="i" site="jkt.firstmedia.com" site_id="hi-tv" xmltv_id="HI! TV">HI! TV</channel>
    <channel update="i" site="jkt.firstmedia.com" site_id="eurosport" xmltv_id="EUROSPORT">EUROSPORT</channel>
    <channel update="i" site="jkt.firstmedia.com" site_id="o-channel" xmltv_id="O CHANNEL">O CHANNEL</channel>
    <channel update="i" site="jkt.firstmedia.com" site_id="luxe-tv-hd" xmltv_id="LUXE TV HD">LUXE TV HD</channel>
    <channel update="i" site="jkt.firstmedia.com" site_id="fox-movies-premium-hd" xmltv_id="FOX MOVIES PREMIUM HD">FOX MOVIES PREMIUM HD</channel>
    <channel update="i" site="jkt.firstmedia.com" site_id="star-world" xmltv_id="STAR WORLD">STAR WORLD</channel>
    <channel update="i" site="jkt.firstmedia.com" site_id="nat-geo-people" xmltv_id="NAT GEO PEOPLE">NAT GEO PEOPLE</channel>
    <channel update="i" site="jkt.firstmedia.com" site_id="axn" xmltv_id="AXN">AXN</channel>
    <channel update="i" site="jkt.firstmedia.com" site_id="animax" xmltv_id="ANIMAX">ANIMAX</channel>
    <channel update="i" site="jkt.firstmedia.com" site_id="euronews" xmltv_id="EURONEWS">EURONEWS</channel>
    <channel update="i" site="jkt.firstmedia.com" site_id="e-entertainment" xmltv_id="E! ENTERTAINMENT">E! ENTERTAINMENT</channel>
    <channel update="i" site="jkt.firstmedia.com" site_id="dmax" xmltv_id="DMAX">DMAX</channel>
    <channel update="i" site="jkt.firstmedia.com" site_id="jakarta-globe-news-channel" xmltv_id="JAKARTA GLOBE NEWS CHANNEL">JAKARTA GLOBE NEWS CHANNEL</channel>
    <channel update="i" site="jkt.firstmedia.com" site_id="tlc" xmltv_id="TLC">TLC</channel>
    <channel update="i" site="jkt.firstmedia.com" site_id="eve" xmltv_id="EVE">EVE</channel>
    <channel update="i" site="jkt.firstmedia.com" site_id="cinemax-hd" xmltv_id="CINEMAX HD">CINEMAX HD</channel>
    <channel update="i" site="jkt.firstmedia.com" site_id="asian-food-channel" xmltv_id="ASIAN FOOD CHANNEL">ASIAN FOOD CHANNEL</channel>
    <channel update="i" site="jkt.firstmedia.com" site_id="litv-hd" xmltv_id="LITV HD">LITV HD</channel>
    <channel update="i" site="jkt.firstmedia.com" site_id="fashion-tv" xmltv_id="FASHION TV">FASHION TV</channel>
    <channel update="i" site="jkt.firstmedia.com" site_id="berita-satu" xmltv_id="BERITA SATU">BERITA SATU</channel>
    <channel update="i" site="jkt.firstmedia.com" site_id="fox-family-movies-hd" xmltv_id="FOX FAMILY MOVIES HD">FOX FAMILY MOVIES HD</channel>
    <channel update="i" site="jkt.firstmedia.com" site_id="discovery-channel" xmltv_id="DISCOVERY CHANNEL">DISCOVERY CHANNEL</channel>
    <channel update="i" site="jkt.firstmedia.com" site_id="discovery-science" xmltv_id="DISCOVERY SCIENCE">DISCOVERY SCIENCE</channel>
    <channel update="i" site="jkt.firstmedia.com" site_id="animal-planet" xmltv_id="ANIMAL PLANET">ANIMAL PLANET</channel>
    <channel update="i" site="jkt.firstmedia.com" site_id="national-geographic-channel" xmltv_id="NATIONAL GEOGRAPHIC CHANNEL">NATIONAL GEOGRAPHIC CHANNEL</channel>
    <channel update="i" site="jkt.firstmedia.com" site_id="disney-channel" xmltv_id="DISNEY CHANNEL">DISNEY CHANNEL</channel>
    <channel update="i" site="jkt.firstmedia.com" site_id="disney-junior" xmltv_id="DISNEY JUNIOR">DISNEY JUNIOR</channel>
    <channel update="i" site="jkt.firstmedia.com" site_id="nickelodeon" xmltv_id="NICKELODEON">NICKELODEON</channel>
    <channel update="i" site="jkt.firstmedia.com" site_id="toonami" xmltv_id="TOONAMI">TOONAMI</channel>
    <channel update="i" site="jkt.firstmedia.com" site_id="cartoon-network" xmltv_id="CARTOON NETWORK">CARTOON NETWORK</channel>
    <channel update="i" site="jkt.firstmedia.com" site_id="asn" xmltv_id="Sport Illustrad">Sport Illustrad</channel>
    <channel update="i" site="jkt.firstmedia.com" site_id="fox-sports2" xmltv_id="FOX SPORTS2">FOX SPORTS2</channel>
    <channel update="i" site="jkt.firstmedia.com" site_id="axn-hd" xmltv_id="AXN HD">AXN HD</channel>
    <channel update="i" site="jkt.firstmedia.com" site_id="fox-sports" xmltv_id="FOX SPORTS">FOX SPORTS</channel>
    <channel update="i" site="jkt.firstmedia.com" site_id="setanta" xmltv_id="SETANTA">SETANTA</channel>
    <channel update="i" site="jkt.firstmedia.com" site_id="sony-entertainment-television" xmltv_id="SONY ENTERTAINMENT TELEVISION">SONY ENTERTAINMENT TELEVISION</channel>
    <channel update="i" site="jkt.firstmedia.com" site_id="star-plus" xmltv_id="STAR PLUS">STAR PLUS</channel>
    <channel update="i" site="jkt.firstmedia.com" site_id="cartoon-network-hd" xmltv_id="CARTOON NETWORK HD">CARTOON NETWORK HD</channel>
    <channel update="i" site="jkt.firstmedia.com" site_id="max" xmltv_id="MAX">MAX</channel>
    <channel update="i" site="jkt.firstmedia.com" site_id="phoenix-info-news" xmltv_id="PHOENIX INFO NEWS">PHOENIX INFO NEWS</channel>
    <channel update="i" site="jkt.firstmedia.com" site_id="guang-dong" xmltv_id="GUANG DONG">GUANG DONG</channel>
    <channel update="i" site="jkt.firstmedia.com" site_id="mix" xmltv_id="MIX">MIX</channel>
    <channel update="i" site="jkt.firstmedia.com" site_id="hbo-signature-hd" xmltv_id="HBO SIGNATURE HD">HBO SIGNATURE HD</channel>
    <channel update="i" site="jkt.firstmedia.com" site_id="universal-hd" xmltv_id="UNIVERSAL HD">UNIVERSAL HD</channel>
    <channel update="i" site="jkt.firstmedia.com" site_id="cctv-4" xmltv_id="CCTV 4">CCTV 4</channel>
    <channel update="i" site="jkt.firstmedia.com" site_id="mtv-asia" xmltv_id="MTV ASIA">MTV ASIA</channel>
    <channel update="i" site="jkt.firstmedia.com" site_id="channel-v-intl" xmltv_id="CHANNEL [V] INTL">CHANNEL [V] INTL</channel>
    <channel update="i" site="jkt.firstmedia.com" site_id="tvb8" xmltv_id="TVB8">TVB8</channel>
    <channel update="i" site="jkt.firstmedia.com" site_id="fashion-one-hd" xmltv_id="FASHION ONE HD">FASHION ONE HD</channel>
    <channel update="i" site="jkt.firstmedia.com" site_id="bbc-world" xmltv_id="BBC WORLD">BBC WORLD</channel>
    <channel update="i" site="jkt.firstmedia.com" site_id="bloomberg-television" xmltv_id="BLOOMBERG TELEVISION">BLOOMBERG TELEVISION</channel>
    <channel update="i" site="jkt.firstmedia.com" site_id="channel-news-asia" xmltv_id="CHANNEL NEWS ASIA">CHANNEL NEWS ASIA</channel>
    <channel update="i" site="jkt.firstmedia.com" site_id="fox-news-channel" xmltv_id="FOX NEWS CHANNEL">FOX NEWS CHANNEL</channel>
    <channel update="i" site="jkt.firstmedia.com" site_id="cnn-international" xmltv_id="CNN INTERNATIONAL">CNN INTERNATIONAL</channel>
    <channel update="i" site="jkt.firstmedia.com" site_id="cnn-headline-news" xmltv_id="CNN HEADLINE NEWS">CNN HEADLINE NEWS</channel>
    <channel update="i" site="jkt.firstmedia.com" site_id="cnbc" xmltv_id="CNBC">CNBC</channel>
    <channel update="i" site="jkt.firstmedia.com" site_id="australia-plus" xmltv_id="AUSTRALIA PLUS">AUSTRALIA PLUS</channel>
    <channel update="i" site="jkt.firstmedia.com" site_id="al-jazeera-arabic" xmltv_id="AL' JAZEERA ARABIC">AL' JAZEERA ARABIC</channel>
    <channel update="i" site="jkt.firstmedia.com" site_id="arirang" xmltv_id="ARIRANG">ARIRANG</channel>
    <channel update="i" site="jkt.firstmedia.com" site_id="dw-deutsch" xmltv_id="DW (DEUTSCH)">DW (DEUTSCH)</channel>
    <channel update="i" site="jkt.firstmedia.com" site_id="ktv" xmltv_id="KTV">KTV</channel>
    <channel update="i" site="jkt.firstmedia.com" site_id="nhk-world" xmltv_id="NHK WORLD">NHK WORLD</channel>
    <channel update="i" site="jkt.firstmedia.com" site_id="rai-italia" xmltv_id="RAI ITALIA">RAI ITALIA</channel>
    <channel update="i" site="jkt.firstmedia.com" site_id="fox-crime-hd" xmltv_id="FOX CRIME HD">FOX CRIME HD</channel>
    <channel update="i" site="jkt.firstmedia.com" site_id="tv-e" xmltv_id="TV E">TV E</channel>
    <channel update="i" site="jkt.firstmedia.com" site_id="hbo" xmltv_id="HBO">HBO</channel>
    <channel update="i" site="jkt.firstmedia.com" site_id="france-24" xmltv_id="FRANCE 24">FRANCE 24</channel>
    <channel update="i" site="jkt.firstmedia.com" site_id="cinemax" xmltv_id="CINEMAX">CINEMAX</channel>
    <channel update="i" site="jkt.firstmedia.com" site_id="hbo-family-hd" xmltv_id="HBO FAMILY HD">HBO FAMILY HD</channel>
    <channel update="i" site="jkt.firstmedia.com" site_id="fox-movies-premium" xmltv_id="FOX MOVIES PREMIUM">FOX MOVIES PREMIUM</channel>
    <channel update="i" site="jkt.firstmedia.com" site_id="diva-universal" xmltv_id="DIVA UNIVERSAL">DIVA UNIVERSAL</channel>
    <channel update="i" site="jkt.firstmedia.com" site_id="not-in-use" xmltv_id="- NOT IN USE -">- NOT IN USE -</channel>
    <channel update="i" site="jkt.firstmedia.com" site_id="high-tv-3d" xmltv_id="HIGH TV 3D">HIGH TV 3D</channel>
    <channel update="i" site="jkt.firstmedia.com" site_id="kompas-tv" xmltv_id="KOMPAS TV">KOMPAS TV</channel>
    <channel update="i" site="jkt.firstmedia.com" site_id="net" xmltv_id="NET.">NET.</channel>
    <channel update="i" site="jkt.firstmedia.com" site_id="j-go" xmltv_id="J'GO">J'GO</channel>
    <channel update="i" site="jkt.firstmedia.com" site_id="cahaya-tv" xmltv_id="CAHAYA TV">CAHAYA TV</channel>
    <channel update="i" site="jkt.firstmedia.com" site_id="star-world-hd" xmltv_id="STAR WORLD HD">STAR WORLD HD</channel>
    <channel update="i" site="jkt.firstmedia.com" site_id="star-gold" xmltv_id="STAR GOLD">STAR GOLD</channel>
    <channel update="i" site="jkt.firstmedia.com" site_id="xingkong" xmltv_id="XINGKONG">XINGKONG</channel>
    <channel update="i" site="jkt.firstmedia.com" site_id="swara" xmltv_id="SWARA">SWARA</channel>
    <channel update="i" site="jkt.firstmedia.com" site_id="baby-first" xmltv_id="BABY FIRST">BABY FIRST</channel>
    <channel update="i" site="jkt.firstmedia.com" site_id="hbo-hd" xmltv_id="HBO HD">HBO HD</channel>
    <channel update="i" site="jkt.firstmedia.com" site_id="fox-sports-3-hd" xmltv_id="FOX SPORTS 3 HD">FOX SPORTS 3 HD</channel>
    <channel update="i" site="jkt.firstmedia.com" site_id="dangdutz" xmltv_id="DANGDUTZ">DANGDUTZ</channel>
    <channel update="i" site="jkt.firstmedia.com" site_id="hi-tv-hd" xmltv_id="HI!TV HD">HI!TV HD</channel>
    <channel update="i" site="jkt.firstmedia.com" site_id="cctv-news" xmltv_id="CCTV NEWS">CCTV NEWS</channel>
    <channel update="i" site="jkt.firstmedia.com" site_id="litv" xmltv_id="LITV">LITV</channel>
    <channel update="i" site="jkt.firstmedia.com" site_id="kbs" xmltv_id="KBS">KBS</channel>
    <channel update="i" site="jkt.firstmedia.com" site_id="channel-newsasia" xmltv_id="CHANNEL NEWSASIA">CHANNEL NEWSASIA</channel>
    <channel update="i" site="jkt.firstmedia.com" site_id="hbo-signature" xmltv_id="HBO SIGNATURE">HBO SIGNATURE</channel>
    <channel update="i" site="jkt.firstmedia.com" site_id="hbo-hits" xmltv_id="HBO HITS">HBO HITS</channel>
    <channel update="i" site="jkt.firstmedia.com" site_id="hbo-family" xmltv_id="HBO FAMILY">HBO FAMILY</channel>
    <channel update="i" site="jkt.firstmedia.com" site_id="smile-jctv" xmltv_id="SMILE - JCTV">SMILE - JCTV</channel>
    <channel update="i" site="jkt.firstmedia.com" site_id="fx" xmltv_id="FX">FX</channel>
    <channel update="i" site="jkt.firstmedia.com" site_id="fox" xmltv_id="FOX">FOX</channel>
    <channel update="i" site="jkt.firstmedia.com" site_id="fox-crime" xmltv_id="FOX CRIME">FOX CRIME</channel>
    <channel update="i" site="jkt.firstmedia.com" site_id="nat-geo-wild" xmltv_id="NAT GEO WILD">NAT GEO WILD</channel>
    <channel update="i" site="jkt.firstmedia.com" site_id="mix-hd" xmltv_id="MIX HD">MIX HD</channel>
    <channel update="i" site="jkt.firstmedia.com" site_id="mac-tv" xmltv_id="MAC TV">MAC TV</channel>
    <channel update="i" site="jkt.firstmedia.com" site_id="hbo-hits-hd" xmltv_id="HBO HITS HD">HBO HITS HD</channel>
    <channel update="i" site="jkt.firstmedia.com" site_id="syfy-hd" xmltv_id="SYFY HD">SYFY HD</channel>
    <channel update="i" site="jkt.firstmedia.com" site_id="travel-channel-hd" xmltv_id="TRAVEL CHANNEL HD">TRAVEL CHANNEL HD</channel>
    <channel update="i" site="jkt.firstmedia.com" site_id="eurosport-hd" xmltv_id="EUROSPORT HD">EUROSPORT HD</channel>
    <channel update="i" site="jkt.firstmedia.com" site_id="nat-geo-wild-hd" xmltv_id="NAT GEO WILD HD">NAT GEO WILD HD</channel>
    <channel update="i" site="jkt.firstmedia.com" site_id="berita-satu-hd" xmltv_id="BERITA SATU HD">BERITA SATU HD</channel>
    <channel update="i" site="jkt.firstmedia.com" site_id="national-geographic-channel-hd" xmltv_id="NATIONAL GEOGRAPHIC CHANNEL HD">NATIONAL GEOGRAPHIC CHANNEL HD</channel>
    <channel update="i" site="jkt.firstmedia.com" site_id="fox-hd" xmltv_id="FOX HD">FOX HD</channel>
    <channel update="i" site="jkt.firstmedia.com" site_id="warner-tv" xmltv_id="WARNER TV">WARNER TV</channel>
    <channel update="i" site="jkt.firstmedia.com" site_id="tru-tv" xmltv_id="TRU TV">TRU TV</channel>
    <channel update="i" site="jkt.firstmedia.com" site_id="nba-tv" xmltv_id="NBA TV">NBA TV</channel>
    <channel update="i" site="jkt.firstmedia.com" site_id="phoenix-chinese-channel" xmltv_id="PHOENIX CHINESE CHANNEL">PHOENIX CHINESE CHANNEL</channel>
    <channel update="i" site="jkt.firstmedia.com" site_id="al-jazeera-international" xmltv_id="AL' JAZEERA INTERNATIONAL">AL' JAZEERA INTERNATIONAL</channel>
    <channel update="i" site="jkt.firstmedia.com" site_id="asn-hd" xmltv_id="Sport Illustrad HD">Sport Illustrad HD</channel>
    <channel update="i" site="jkt.firstmedia.com" site_id="fox-family-movies" xmltv_id="FOX FAMILY MOVIES">FOX FAMILY MOVIES</channel>
    <channel update="i" site="jkt.firstmedia.com" site_id="discovery-hd-world" xmltv_id="DISCOVERY HD WORLD">DISCOVERY HD WORLD</channel>
    <channel update="i" site="jkt.firstmedia.com" site_id="fx-hd" xmltv_id="FX HD">FX HD</channel>
    <channel update="i" site="jkt.firstmedia.com" site_id="nat-geo-people-hd" xmltv_id="NAT GEO PEOPLE HD">NAT GEO PEOPLE HD</channel>
    <channel update="i" site="jkt.firstmedia.com" site_id="tvb-xinghe" xmltv_id="TVB XINGHE">TVB XINGHE</channel>
    <channel update="i" site="jkt.firstmedia.com" site_id="nba-tv-hd" xmltv_id="NBA TV HD">NBA TV HD</channel>
    <channel update="i" site="jkt.firstmedia.com" site_id="tv-5" xmltv_id="TV 5">TV 5</channel>
    <channel update="i" site="jkt.firstmedia.com" site_id="net-tv-hd" xmltv_id="NET.TV HD">NET.TV HD</channel>
    <channel update="i" site="jkt.firstmedia.com" site_id="j-go-hd" xmltv_id="J'GO HD">J'GO HD</channel>
    <channel update="i" site="jkt.firstmedia.com" site_id="warner-tv-hd" xmltv_id="WARNER TV HD">WARNER TV HD</channel>
    <channel update="i" site="jkt.firstmedia.com" site_id="setanta-hd" xmltv_id="SETANTA HD">SETANTA HD</channel>
    <channel update="i" site="jkt.firstmedia.com" site_id="bein-sport-1-hd" xmltv_id="BEIN SPORT 1 HD">BEIN SPORT 1 HD</channel>
    <channel update="i" site="jkt.firstmedia.com" site_id="bein-sport-1" xmltv_id="BEIN SPORT 1">BEIN SPORT 1</channel>
    <channel update="i" site="jkt.firstmedia.com" site_id="berita-satu-world" xmltv_id="BERITA SATU WORLD">BERITA SATU WORLD</channel>
    <channel update="i" site="jkt.firstmedia.com" site_id="berita-satu-world-hd" xmltv_id="BERITA SATU WORLD HD">BERITA SATU WORLD HD</channel>
    <channel update="i" site="jkt.firstmedia.com" site_id="bloomberg-indonesia" xmltv_id="BLOOMBERG INDONESIA">BLOOMBERG INDONESIA</channel>
    <channel update="i" site="jkt.firstmedia.com" site_id="fight-sports" xmltv_id="FIGHT SPORTS">FIGHT SPORTS</channel>
    <channel update="i" site="jkt.firstmedia.com" site_id="fight-sports-hd" xmltv_id="FIGHT SPORTS HD">FIGHT SPORTS HD</channel>
    <channel update="i" site="jkt.firstmedia.com" site_id="history-hd" xmltv_id="HISTORY HD">HISTORY HD</channel>
    <channel update="i" site="jkt.firstmedia.com" site_id="lifetime-hd" xmltv_id="LIFETIME HD">LIFETIME HD</channel>
    <channel update="i" site="jkt.firstmedia.com" site_id="boomerang-hd" xmltv_id="BOOMERANG HD">BOOMERANG HD</channel>
    <channel update="i" site="jkt.firstmedia.com" site_id="berita-satu-sports-1" xmltv_id="BERITA SATU SPORTS 1">BERITA SATU SPORTS 1</channel>
    <channel update="i" site="jkt.firstmedia.com" site_id="bbc-world-news-hd" xmltv_id="BBC WORLD NEWS HD">BBC WORLD NEWS HD</channel>
    <channel update="i" site="jkt.firstmedia.com" site_id="channel-m-hd" xmltv_id="CHANNEL M HD">CHANNEL M HD</channel>
    <channel update="i" site="jkt.firstmedia.com" site_id="mtv-live-hd" xmltv_id="MTV LIVE HD">MTV LIVE HD</channel>
    <channel update="i" site="jkt.firstmedia.com" site_id="spare" xmltv_id="SPARE">SPARE</channel>
    <channel update="i" site="jkt.firstmedia.com" site_id="cnn-int-hd" xmltv_id="CNN INT.HD">CNN INT.HD</channel>
    <channel update="i" site="jkt.firstmedia.com" site_id="star-cricket-hd" xmltv_id="STAR CRICKET HD">STAR CRICKET HD</channel>
    <channel update="i" site="jkt.firstmedia.com" site_id="tvbs-asia" xmltv_id="TVBS ASIA">TVBS ASIA</channel>
    <channel update="i" site="jkt.firstmedia.com" site_id="tvbs-jade" xmltv_id="TVBS JADE">TVBS JADE</channel>
    <channel update="i" site="jkt.firstmedia.com" site_id="tvbs-news" xmltv_id="TVBS NEWS">TVBS NEWS</channel>
    <channel update="i" site="jkt.firstmedia.com" site_id="fyi" xmltv_id="FYI">FYI</channel>
    <channel update="i" site="jkt.firstmedia.com" site_id="ci-hd" xmltv_id="CI HD">CI HD</channel>
    <channel update="i" site="jkt.firstmedia.com" site_id="tv-parlemen" xmltv_id="TV PARLEMEN">TV PARLEMEN</channel>
    <channel update="i" site="jkt.firstmedia.com" site_id="star-chinese-channel" xmltv_id="STAR CHINESE CHANNEL">STAR CHINESE CHANNEL</channel>
    <channel update="i" site="jkt.firstmedia.com" site_id="kompas-hd" xmltv_id="KOMPAS HD">KOMPAS HD</channel>
    <channel update="i" site="jkt.firstmedia.com" site_id="sony-mix" xmltv_id="SONY MIX">SONY MIX</channel>
    <channel update="i" site="jkt.firstmedia.com" site_id="tru-tv-hd" xmltv_id="TRU TV HD">TRU TV HD</channel>
    <channel update="i" site="jkt.firstmedia.com" site_id="star-chinese-movies" xmltv_id="STAR CHINESE MOVIES">STAR CHINESE MOVIES</channel>
    <channel update="i" site="jkt.firstmedia.com" site_id="fox-action-movies-hd" xmltv_id="FOX ACTION MOVIES HD">FOX ACTION MOVIES HD</channel>
    <channel update="i" site="jkt.firstmedia.com" site_id="drtv" xmltv_id="DRTV">DRTV</channel>
    <channel update="i" site="jkt.firstmedia.com" site_id="foodie" xmltv_id="FOODIE">FOODIE</channel>
    <channel update="i" site="jkt.firstmedia.com" site_id="karaoke" xmltv_id="KARAOKE">KARAOKE</channel>
    <channel update="i" site="jkt.firstmedia.com" site_id="lejel-home-shopping" xmltv_id="LEJEL HOME SHOPPING">LEJEL HOME SHOPPING</channel>
    <channel update="i" site="jkt.firstmedia.com" site_id="foodie-hd" xmltv_id="FOODIE HD">FOODIE HD</channel>
    <channel update="i" site="jkt.firstmedia.com" site_id="sky-news-hd" xmltv_id="SKY NEWS HD">SKY NEWS HD</channel>
    <channel update="i" site="jkt.firstmedia.com" site_id="wakuwaku-japan-hd" xmltv_id="WAKUWAKU JAPAN HD">WAKUWAKU JAPAN HD</channel>
    <channel update="i" site="jkt.firstmedia.com" site_id="asn2" xmltv_id="Sport Illustrad 2">Sport Illustrad 2</channel>
    <channel update="i" site="jkt.firstmedia.com" site_id="balai-kota" xmltv_id="BALAI KOTA">BALAI KOTA</channel>
    <channel update="i" site="jkt.firstmedia.com" site_id="lumen-network" xmltv_id="LUMEN NETWORK">LUMEN NETWORK</channel>
    <channel update="i" site="jkt.firstmedia.com" site_id="sony-sab" xmltv_id="SONY SAB">SONY SAB</channel>
    <channel update="i" site="jkt.firstmedia.com" site_id="star-chinese-movie-hd" xmltv_id="STAR CHINESE MOVIE HD">STAR CHINESE MOVIE HD</channel>
    <channel update="i" site="jkt.firstmedia.com" site_id="colors" xmltv_id="COLORS">COLORS</channel>
    <channel update="i" site="jkt.firstmedia.com" site_id="e-entertainment-hd" xmltv_id="E! ENTERTAINMENT HD">E! ENTERTAINMENT HD</channel>
    <channel update="i" site="jkt.firstmedia.com" site_id="diva-hd" xmltv_id="DIVA HD">DIVA HD</channel>
    <channel update="i" site="jkt.firstmedia.com" site_id="nhk-worldtv-hd" xmltv_id="NHK WORLDTV HD">NHK WORLDTV HD</channel>
    <channel update="i" site="jkt.firstmedia.com" site_id="jakarta-globe-news-channel-hd" xmltv_id="JAKARTA GLOBE NEWS CHANNEL HD">JAKARTA GLOBE NEWS CHANNEL HD</channel>
    <channel update="i" site="jkt.firstmedia.com" site_id="test-nn" xmltv_id="TEST NN">TEST NN</channel>
    <channel update="i" site="jkt.firstmedia.com" site_id="berita-satu-sports-hd" xmltv_id="BERITA SATU SPORTS HD">BERITA SATU SPORTS HD</channel>
    <channel update="i" site="jkt.firstmedia.com" site_id="comedy-network" xmltv_id="COMEDY NETWORK">COMEDY NETWORK</channel>
    <channel update="i" site="jkt.firstmedia.com" site_id="fox-sports-hd" xmltv_id="FOX SPORTS HD">FOX SPORTS HD</channel>
    <channel update="i" site="jkt.firstmedia.com" site_id="fox-sports-2-hd" xmltv_id="FOX SPORTS 2 HD">FOX SPORTS 2 HD</channel>
    <channel update="i" site="jkt.firstmedia.com" site_id="mezzo" xmltv_id="MEZZO">MEZZO</channel>
    <channel update="i" site="jkt.firstmedia.com" site_id="asn-2-hd" xmltv_id="Sports Illustrad 2HD">Sports Illustrad 2HD</channel>
    <channel update="i" site="jkt.firstmedia.com" site_id="disney-hd" xmltv_id="DISNEY HD">DISNEY HD</channel>
    <channel update="i" site="jkt.firstmedia.com" site_id="mtv-india" xmltv_id="MTV India">MTV India</channel>
    <channel update="i" site="jkt.firstmedia.com" site_id="berita-satu-sports-2" xmltv_id="BERITA SATU SPORTS 2">BERITA SATU SPORTS 2</channel>
    <channel update="i" site="jkt.firstmedia.com" site_id="berita-satu-sports-1-hd" xmltv_id="BERITA SATU SPORTS 1 HD">BERITA SATU SPORTS 1 HD</channel>
    <channel update="i" site="jkt.firstmedia.com" site_id="berita-satu-sports-2-hd" xmltv_id="BERITA SATU SPORTS 2 HD">BERITA SATU SPORTS 2 HD</channel>
    <channel update="i" site="jkt.firstmedia.com" site_id="da-vinci-learning-hd" xmltv_id="DA VINCI LEARNING HD">DA VINCI LEARNING HD</channel>
    <channel update="i" site="jkt.firstmedia.com" site_id="sph-channel" xmltv_id="SPH CHANNEL">SPH CHANNEL</channel>
    <channel update="i" site="jkt.firstmedia.com" site_id="balaikota-channel" xmltv_id="BALAIKOTA CHANNEL">BALAIKOTA CHANNEL</channel>
    <channel update="i" site="jkt.firstmedia.com" site_id="z-hiburan" xmltv_id="Z HIBURAN">Z HIBURAN</channel>
    <channel update="i" site="jkt.firstmedia.com" site_id="z-bioskop" xmltv_id="Z BIOSKOP">Z BIOSKOP</channel>
    <channel update="i" site="jkt.firstmedia.com" site_id="dw" xmltv_id="DW">DW</channel>
    <channel update="i" site="jkt.firstmedia.com" site_id="siloam-tv" xmltv_id="SILOAM TV">SILOAM TV</channel>
  </channels>
</site>