﻿<?xml version="1.0" encoding="UTF-8"?>
<site generator-info-name="WebGrab+Plus/w MDB &amp; REX Postprocess -- version V2.1.5 -- Jan van Straaten" site="mncvision.id">
  <channels>
    <channel update="i" site="mncvision.id" site_id="115" xmltv_id="ANTV - [Channel 115]">ANTV - [Channel 115]</channel>
    <channel update="i" site="mncvision.id" site_id="154" xmltv_id="AXN - [Channel 154]">AXN - [Channel 154]</channel>
    <channel update="i" site="mncvision.id" site_id="438" xmltv_id="AXN HD - [Channel 438]">AXN HD - [Channel 438]</channel>
    <channel update="i" site="mncvision.id" site_id="331" xmltv_id="Al Jazeera English - [Channel 331]">Al Jazeera English - [Channel 331]</channel>
    <channel update="i" site="mncvision.id" site_id="203" xmltv_id="Animal Planet - [Channel 203]">Animal Planet - [Channel 203]</channel>
    <channel update="i" site="mncvision.id" site_id="157" xmltv_id="Animax - [Channel 157]">Animax - [Channel 157]</channel>
    <channel update="i" site="mncvision.id" site_id="351" xmltv_id="Arirang - [Channel 351]">Arirang - [Channel 351]</channel>
    <channel update="i" site="mncvision.id" site_id="240" xmltv_id="Asian Food Channel - [Channel 240]">Asian Food Channel - [Channel 240]</channel>
    <channel update="i" site="mncvision.id" site_id="350" xmltv_id="Australia Plus - [Channel 350]">Australia Plus - [Channel 350]</channel>
    <channel update="i" site="mncvision.id" site_id="85" xmltv_id="Auto &amp; Gadget - [Channel 85]">Auto &amp; Gadget - [Channel 85]</channel>
    <channel update="i" site="mncvision.id" site_id="200" xmltv_id="BBC Earth - [Channel 200]">BBC Earth - [Channel 200]</channel>
    <channel update="i" site="mncvision.id" site_id="332" xmltv_id="BBC World News - [Channel 332]">BBC World News - [Channel 332]</channel>
    <channel update="i" site="mncvision.id" site_id="40" xmltv_id="BabyTV - [Channel 40]">BabyTV - [Channel 40]</channel>
    <channel update="i" site="mncvision.id" site_id="338" xmltv_id="Bloomberg - [Channel 338]">Bloomberg - [Channel 338]</channel>
    <channel update="i" site="mncvision.id" site_id="41" xmltv_id="CBeebies - [Channel 41]">CBeebies - [Channel 41]</channel>
    <channel update="i" site="mncvision.id" site_id="8" xmltv_id="CINEMAX - [Channel 8]">CINEMAX - [Channel 8]</channel>
    <channel update="i" site="mncvision.id" site_id="337" xmltv_id="CNBC - [Channel 337]">CNBC - [Channel 337]</channel>
    <channel update="i" site="mncvision.id" site_id="333" xmltv_id="CNN International - [Channel 333]">CNN International - [Channel 333]</channel>
    <channel update="i" site="mncvision.id" site_id="47" xmltv_id="Cartoon Network - [Channel 47]">Cartoon Network - [Channel 47]</channel>
    <channel update="i" site="mncvision.id" site_id="22" xmltv_id="Celestial Classic Movies - [Channel 22]">Celestial Classic Movies - [Channel 22]</channel>
    <channel update="i" site="mncvision.id" site_id="20" xmltv_id="Celestial Movies - [Channel 20]">Celestial Movies - [Channel 20]</channel>
    <channel update="i" site="mncvision.id" site_id="330" xmltv_id="Channel News Asia - [Channel 330]">Channel News Asia - [Channel 330]</channel>
    <channel update="i" site="mncvision.id" site_id="272" xmltv_id="Channel [V] - [Channel 272]">Channel [V] - [Channel 272]</channel>
    <channel update="i" site="mncvision.id" site_id="402" xmltv_id="CineMax HD - [Channel 402]">CineMax HD - [Channel 402]</channel>
    <channel update="i" site="mncvision.id" site_id="104" xmltv_id="Comedy Channel - [Channel 104]">Comedy Channel - [Channel 104]</channel>
    <channel update="i" site="mncvision.id" site_id="207" xmltv_id="Crime Investigation - [Channel 207]">Crime Investigation - [Channel 207]</channel>
    <channel update="i" site="mncvision.id" site_id="162" xmltv_id="DIVA Universal - [Channel 162]">DIVA Universal - [Channel 162]</channel>
    <channel update="i" site="mncvision.id" site_id="357" xmltv_id="DW - [Channel 357]">DW - [Channel 357]</channel>
    <channel update="i" site="mncvision.id" site_id="201" xmltv_id="Discovery Channel - [Channel 201]">Discovery Channel - [Channel 201]</channel>
    <channel update="i" site="mncvision.id" site_id="45" xmltv_id="Disney Channel - [Channel 45]">Disney Channel - [Channel 45]</channel>
    <channel update="i" site="mncvision.id" site_id="471" xmltv_id="Disney HD - [Channel 471]">Disney HD - [Channel 471]</channel>
    <channel update="i" site="mncvision.id" site_id="43" xmltv_id="Disney Junior - [Channel 43]">Disney Junior - [Channel 43]</channel>
    <channel update="i" site="mncvision.id" site_id="44" xmltv_id="Disney XD - [Channel 44]">Disney XD - [Channel 44]</channel>
    <channel update="i" site="mncvision.id" site_id="436" xmltv_id="Diva HD - [Channel 436]">Diva HD - [Channel 436]</channel>
    <channel update="i" site="mncvision.id" site_id="242" xmltv_id="E! Entertainment - [Channel 242]">E! Entertainment - [Channel 242]</channel>
    <channel update="i" site="mncvision.id" site_id="109" xmltv_id="Etalase - [Channel 109]">Etalase - [Channel 109]</channel>
    <channel update="i" site="mncvision.id" site_id="334" xmltv_id="Euronews - [Channel 334]">Euronews - [Channel 334]</channel>
    <channel update="i" site="mncvision.id" site_id="150" xmltv_id="FMN - [Channel 150]">FMN - [Channel 150]</channel>
    <channel update="i" site="mncvision.id" site_id="153" xmltv_id="FOX - [Channel 153]">FOX - [Channel 153]</channel>
    <channel update="i" site="mncvision.id" site_id="16" xmltv_id="FOX Action Movies - [Channel 16]">FOX Action Movies - [Channel 16]</channel>
    <channel update="i" site="mncvision.id" site_id="411" xmltv_id="FOX Action Movies HD - [Channel 411]">FOX Action Movies HD - [Channel 411]</channel>
    <channel update="i" site="mncvision.id" site_id="15" xmltv_id="FOX Family Movies - [Channel 15]">FOX Family Movies - [Channel 15]</channel>
    <channel update="i" site="mncvision.id" site_id="410" xmltv_id="FOX Family Movies HD - [Channel 410]">FOX Family Movies HD - [Channel 410]</channel>
    <channel update="i" site="mncvision.id" site_id="437" xmltv_id="FOX HD - [Channel 437]">FOX HD - [Channel 437]</channel>
    <channel update="i" site="mncvision.id" site_id="14" xmltv_id="FOX Movies - [Channel 14]">FOX Movies - [Channel 14]</channel>
    <channel update="i" site="mncvision.id" site_id="409" xmltv_id="FOX Movies Premium HD - [Channel 409]">FOX Movies Premium HD - [Channel 409]</channel>
    <channel update="i" site="mncvision.id" site_id="335" xmltv_id="FOX News - [Channel 335]">FOX News - [Channel 335]</channel>
    <channel update="i" site="mncvision.id" site_id="301" xmltv_id="FOX Sports - [Channel 301]">FOX Sports - [Channel 301]</channel>
    <channel update="i" site="mncvision.id" site_id="302" xmltv_id="FOX Sports 2 - [Channel 302]">FOX Sports 2 - [Channel 302]</channel>
    <channel update="i" site="mncvision.id" site_id="422" xmltv_id="FOX Sports 2 HD - [Channel 422]">FOX Sports 2 HD - [Channel 422]</channel>
    <channel update="i" site="mncvision.id" site_id="303" xmltv_id="FOX Sports 3 - [Channel 303]">FOX Sports 3 - [Channel 303]</channel>
    <channel update="i" site="mncvision.id" site_id="421" xmltv_id="FOX Sports HD - [Channel 421]">FOX Sports HD - [Channel 421]</channel>
    <channel update="i" site="mncvision.id" site_id="152" xmltv_id="FOXCrime - [Channel 152]">FOXCrime - [Channel 152]</channel>
    <channel update="i" site="mncvision.id" site_id="159" xmltv_id="FX - [Channel 159]">FX - [Channel 159]</channel>
    <channel update="i" site="mncvision.id" site_id="243" xmltv_id="Fashion TV - [Channel 243]">Fashion TV - [Channel 243]</channel>
    <channel update="i" site="mncvision.id" site_id="304" xmltv_id="Fight Sports - [Channel 304]">Fight Sports - [Channel 304]</channel>
    <channel update="i" site="mncvision.id" site_id="98" xmltv_id="Food &amp; Travel Channel - [Channel 98]">Food &amp; Travel Channel - [Channel 98]</channel>
    <channel update="i" site="mncvision.id" site_id="241" xmltv_id="Food Network - [Channel 241]">Food Network - [Channel 241]</channel>
    <channel update="i" site="mncvision.id" site_id="156" xmltv_id="Fox Life - [Channel 156]">Fox Life - [Channel 156]</channel>
    <channel update="i" site="mncvision.id" site_id="439" xmltv_id="Fox Life HD - [Channel 439]">Fox Life HD - [Channel 439]</channel>
    <channel update="i" site="mncvision.id" site_id="352" xmltv_id="France 24 English - [Channel 352]">France 24 English - [Channel 352]</channel>
    <channel update="i" site="mncvision.id" site_id="244" xmltv_id="Fyi - [Channel 244]">Fyi - [Channel 244]</channel>
    <channel update="i" site="mncvision.id" site_id="155" xmltv_id="GEM Channel - [Channel 155]">GEM Channel - [Channel 155]</channel>
    <channel update="i" site="mncvision.id" site_id="105" xmltv_id="Games Channel - [Channel 105]">Games Channel - [Channel 105]</channel>
    <channel update="i" site="mncvision.id" site_id="81" xmltv_id="Global TV - [Channel 81]">Global TV - [Channel 81]</channel>
    <channel update="i" site="mncvision.id" site_id="7" xmltv_id="HBO - [Channel 7]">HBO - [Channel 7]</channel>
    <channel update="i" site="mncvision.id" site_id="9" xmltv_id="HBO Family - [Channel 9]">HBO Family - [Channel 9]</channel>
    <channel update="i" site="mncvision.id" site_id="403" xmltv_id="HBO Family HD - [Channel 403]">HBO Family HD - [Channel 403]</channel>
    <channel update="i" site="mncvision.id" site_id="401" xmltv_id="HBO HD - [Channel 401]">HBO HD - [Channel 401]</channel>
    <channel update="i" site="mncvision.id" site_id="10" xmltv_id="HBO Hits - [Channel 10]">HBO Hits - [Channel 10]</channel>
    <channel update="i" site="mncvision.id" site_id="404" xmltv_id="HBO Hits HD - [Channel 404]">HBO Hits HD - [Channel 404]</channel>
    <channel update="i" site="mncvision.id" site_id="6" xmltv_id="HBO Signature - [Channel 6]">HBO Signature - [Channel 6]</channel>
    <channel update="i" site="mncvision.id" site_id="405" xmltv_id="HBO Signature HD - [Channel 405]">HBO Signature HD - [Channel 405]</channel>
    <channel update="i" site="mncvision.id" site_id="245" xmltv_id="HGTV - [Channel 245]">HGTV - [Channel 245]</channel>
    <channel update="i" site="mncvision.id" site_id="169" xmltv_id="HITS - [Channel 169]">HITS - [Channel 169]</channel>
    <channel update="i" site="mncvision.id" site_id="90" xmltv_id="Health &amp; Beauty channel - [Channel 90]">Health &amp; Beauty channel - [Channel 90]</channel>
    <channel update="i" site="mncvision.id" site_id="206" xmltv_id="History - [Channel 206]">History - [Channel 206]</channel>
    <channel update="i" site="mncvision.id" site_id="91" xmltv_id="Home &amp; Living Channel - [Channel 91]">Home &amp; Living Channel - [Channel 91]</channel>
    <channel update="i" site="mncvision.id" site_id="100" xmltv_id="IDX - [Channel 100]">IDX - [Channel 100]</channel>
    <channel update="i" site="mncvision.id" site_id="103" xmltv_id="Indosiar - [Channel 103]">Indosiar - [Channel 103]</channel>
    <channel update="i" site="mncvision.id" site_id="161" xmltv_id="KIX - [Channel 161]">KIX - [Channel 161]</channel>
    <channel update="i" site="mncvision.id" site_id="46" xmltv_id="Kids Channel - [Channel 46]">Kids Channel - [Channel 46]</channel>
    <channel update="i" site="mncvision.id" site_id="70" xmltv_id="LIFE - [Channel 70]">LIFE - [Channel 70]</channel>
    <channel update="i" site="mncvision.id" site_id="167" xmltv_id="Lifetime - [Channel 167]">Lifetime - [Channel 167]</channel>
    <channel update="i" site="mncvision.id" site_id="94" xmltv_id="MNC Drama - [Channel 94]">MNC Drama - [Channel 94]</channel>
    <channel update="i" site="mncvision.id" site_id="86" xmltv_id="MNC Entertainment - [Channel 86]">MNC Entertainment - [Channel 86]</channel>
    <channel update="i" site="mncvision.id" site_id="95" xmltv_id="MNC Fashion - [Channel 95]">MNC Fashion - [Channel 95]</channel>
    <channel update="i" site="mncvision.id" site_id="96" xmltv_id="MNC Infotainment - [Channel 96]">MNC Infotainment - [Channel 96]</channel>
    <channel update="i" site="mncvision.id" site_id="93" xmltv_id="MNC Lifestyle - [Channel 93]">MNC Lifestyle - [Channel 93]</channel>
    <channel update="i" site="mncvision.id" site_id="92" xmltv_id="MNC Muslim - [Channel 92]">MNC Muslim - [Channel 92]</channel>
    <channel update="i" site="mncvision.id" site_id="84" xmltv_id="MNC News - [Channel 84]">MNC News - [Channel 84]</channel>
    <channel update="i" site="mncvision.id" site_id="88" xmltv_id="MNC Shop - [Channel 88]">MNC Shop - [Channel 88]</channel>
    <channel update="i" site="mncvision.id" site_id="79" xmltv_id="MNC Shop 2 - [Channel 79]">MNC Shop 2 - [Channel 79]</channel>
    <channel update="i" site="mncvision.id" site_id="102" xmltv_id="MNC Sports - [Channel 102]">MNC Sports - [Channel 102]</channel>
    <channel update="i" site="mncvision.id" site_id="82" xmltv_id="MNC TV - [Channel 82]">MNC TV - [Channel 82]</channel>
    <channel update="i" site="mncvision.id" site_id="107" xmltv_id="Metro TV - [Channel 107]">Metro TV - [Channel 107]</channel>
    <channel update="i" site="mncvision.id" site_id="38" xmltv_id="Miao Mi - [Channel 38]">Miao Mi - [Channel 38]</channel>
    <channel update="i" site="mncvision.id" site_id="99" xmltv_id="Movie Channel - [Channel 99]">Movie Channel - [Channel 99]</channel>
    <channel update="i" site="mncvision.id" site_id="111" xmltv_id="Music channel - [Channel 111]">Music channel - [Channel 111]</channel>
    <channel update="i" site="mncvision.id" site_id="355" xmltv_id="NHK World - [Channel 355]">NHK World - [Channel 355]</channel>
    <channel update="i" site="mncvision.id" site_id="354" xmltv_id="NHK World Premium - [Channel 354]">NHK World Premium - [Channel 354]</channel>
    <channel update="i" site="mncvision.id" site_id="275" xmltv_id="Nat Geo Music - [Channel 275]">Nat Geo Music - [Channel 275]</channel>
    <channel update="i" site="mncvision.id" site_id="202" xmltv_id="National Geographic Channel - [Channel 202]">National Geographic Channel - [Channel 202]</channel>
    <channel update="i" site="mncvision.id" site_id="450" xmltv_id="National Geographic Channel HD - [Channel 450]">National Geographic Channel HD - [Channel 450]</channel>
    <channel update="i" site="mncvision.id" site_id="247" xmltv_id="National Geographic People - [Channel 247]">National Geographic People - [Channel 247]</channel>
    <channel update="i" site="mncvision.id" site_id="204" xmltv_id="National Geographic Wild - [Channel 204]">National Geographic Wild - [Channel 204]</channel>
    <channel update="i" site="mncvision.id" site_id="49" xmltv_id="Nickelodeon - [Channel 49]">Nickelodeon - [Channel 49]</channel>
    <channel update="i" site="mncvision.id" site_id="37" xmltv_id="Nickelodeon Jr - [Channel 37]">Nickelodeon Jr - [Channel 37]</channel>
    <channel update="i" site="mncvision.id" site_id="164" xmltv_id="One Channel - [Channel 164]">One Channel - [Channel 164]</channel>
    <channel update="i" site="mncvision.id" site_id="17" xmltv_id="Premiere - [Channel 17]">Premiere - [Channel 17]</channel>
    <channel update="i" site="mncvision.id" site_id="80" xmltv_id="RCTI - [Channel 80]">RCTI - [Channel 80]</channel>
    <channel update="i" site="mncvision.id" site_id="21" xmltv_id="RED - [Channel 21]">RED - [Channel 21]</channel>
    <channel update="i" site="mncvision.id" site_id="18" xmltv_id="SCM - [Channel 18]">SCM - [Channel 18]</channel>
    <channel update="i" site="mncvision.id" site_id="24" xmltv_id="SCM Legend - [Channel 24]">SCM Legend - [Channel 24]</channel>
    <channel update="i" site="mncvision.id" site_id="89" xmltv_id="SCTV - [Channel 89]">SCTV - [Channel 89]</channel>
    <channel update="i" site="mncvision.id" site_id="336" xmltv_id="Sky News - [Channel 336]">Sky News - [Channel 336]</channel>
    <channel update="i" site="mncvision.id" site_id="101" xmltv_id="Soccer Channel - [Channel 101]">Soccer Channel - [Channel 101]</channel>
    <channel update="i" site="mncvision.id" site_id="160" xmltv_id="Sony Channel - [Channel 160]">Sony Channel - [Channel 160]</channel>
    <channel update="i" site="mncvision.id" site_id="440" xmltv_id="Sony One HD - [Channel 440]">Sony One HD - [Channel 440]</channel>
    <channel update="i" site="mncvision.id" site_id="248" xmltv_id="TLC - [Channel 248]">TLC - [Channel 248]</channel>
    <channel update="i" site="mncvision.id" site_id="97" xmltv_id="TVONE - [Channel 97]">TVONE - [Channel 97]</channel>
    <channel update="i" site="mncvision.id" site_id="118" xmltv_id="TVRI - [Channel 118]">TVRI - [Channel 118]</channel>
    <channel update="i" site="mncvision.id" site_id="19" xmltv_id="Thrill - [Channel 19]">Thrill - [Channel 19]</channel>
    <channel update="i" site="mncvision.id" site_id="42" xmltv_id="Toonami - [Channel 42]">Toonami - [Channel 42]</channel>
    <channel update="i" site="mncvision.id" site_id="110" xmltv_id="Trans 7 - [Channel 110]">Trans 7 - [Channel 110]</channel>
    <channel update="i" site="mncvision.id" site_id="87" xmltv_id="Trans TV - [Channel 87]">Trans TV - [Channel 87]</channel>
    <channel update="i" site="mncvision.id" site_id="168" xmltv_id="WAKUWAKU JAPAN - [Channel 168]">WAKUWAKU JAPAN - [Channel 168]</channel>
    <channel update="i" site="mncvision.id" site_id="163" xmltv_id="WarnerTV - [Channel 163]">WarnerTV - [Channel 163]</channel>
    <channel update="i" site="mncvision.id" site_id="23" xmltv_id="Zee - [Channel 23]">Zee - [Channel 23]</channel>
    <channel update="i" site="mncvision.id" site_id="39" xmltv_id="ZooMoo - [Channel 39]">ZooMoo - [Channel 39]</channel>
    <channel update="i" site="mncvision.id" site_id="305" xmltv_id="beIN Sports 1 - [Channel 305]">beIN Sports 1 - [Channel 305]</channel>
    <channel update="i" site="mncvision.id" site_id="425" xmltv_id="beIN Sports 1 HD - [Channel 425]">beIN Sports 1 HD - [Channel 425]</channel>
    <channel update="i" site="mncvision.id" site_id="306" xmltv_id="beIN Sports 2 - [Channel 306]">beIN Sports 2 - [Channel 306]</channel>
    <channel update="i" site="mncvision.id" site_id="426" xmltv_id="beIN Sports 2 HD - [Channel 426]">beIN Sports 2 HD - [Channel 426]</channel>
    <channel update="i" site="mncvision.id" site_id="307" xmltv_id="beIN Sports 3 - [Channel 307]">beIN Sports 3 - [Channel 307]</channel>
    <channel update="i" site="mncvision.id" site_id="112" xmltv_id="besmart - [Channel 112]">besmart - [Channel 112]</channel>
    <channel update="i" site="mncvision.id" site_id="83" xmltv_id="iNews - [Channel 83]">iNews - [Channel 83]</channel>
  </channels>
</site>