﻿<?xml version="1.0" encoding="UTF-8"?>
<site generator-info-name="WebGrab+Plus/w MDB &amp; REX Postprocess -- version  V1.57 -- Jan van Straaten" site="eirsport.ie">
  <channels>
    <channel update="i" site="eirsport.ie" site_id="1" xmltv_id="Setanta">Setanta</channel>
    <channel update="i" site="eirsport.ie" site_id="2" xmltv_id="Setanta-HD">Setanta-HD</channel>
    <channel update="i" site="eirsport.ie" site_id="3" xmltv_id="BT-Sports-1">BT-Sports-1</channel>
    <channel update="i" site="eirsport.ie" site_id="4" xmltv_id="BT-Sports-2">BT-Sports-2</channel>
    <channel update="i" site="eirsport.ie" site_id="5" xmltv_id="BT-Europe">BT-Europe</channel>
    <channel update="i" site="eirsport.ie" site_id="6" xmltv_id="ESPN">ESPN</channel>
  </channels>
</site>
