﻿<?xml version="1.0" encoding="UTF-8"?>
<site generator-info-name="WebGrab+Plus/w MDB &amp; REX Postprocess -- version V1.56.28 -- Jan van Straaten" site="hot.net.il">
  <channels>
    <channel update="i" site="hot.net.il" site_id="477" xmltv_id="HOT3">HOT3</channel>
    <channel update="i" site="hot.net.il" site_id="772" xmltv_id="HOT PLUS">HOT PLUS</channel>
    <channel update="i" site="hot.net.il" site_id="506" xmltv_id="Hot Zone">Hot Zone</channel>
    <channel update="i" site="hot.net.il" site_id="682" xmltv_id="HOT קומדי סנטרל">HOT קומדי סנטרל</channel>
    <channel update="i" site="hot.net.il" site_id="507" xmltv_id="HOT בידור ישראלי">HOT בידור ישראלי</channel>
    <channel update="i" site="hot.net.il" site_id="430" xmltv_id="ערוץ 8">ערוץ 8</channel>
    <channel update="i" site="hot.net.il" site_id="431" xmltv_id="ישראל פלוס">ישראל פלוס</channel>
    <channel update="i" site="hot.net.il" site_id="425" xmltv_id="ערוץ 10">ערוץ 10</channel>
    <channel update="i" site="hot.net.il" site_id="424" xmltv_id="ערוץ 1">ערוץ 1</channel>
    <channel update="i" site="hot.net.il" site_id="496" xmltv_id="HOT Gold">HOT Gold</channel>
    <channel update="i" site="hot.net.il" site_id="486" xmltv_id="HOT Action">HOT Action</channel>
    <channel update="i" site="hot.net.il" site_id="493" xmltv_id="HOT Fun">HOT Fun</channel>
    <channel update="i" site="hot.net.il" site_id="491" xmltv_id="HOT Drama">HOT Drama</channel>
    <channel update="i" site="hot.net.il" site_id="501" xmltv_id="HOT Prime">HOT Prime</channel>
    <channel update="i" site="hot.net.il" site_id="509" xmltv_id="HOT סרטים">HOT סרטים</channel>
    <channel update="i" site="hot.net.il" site_id="812" xmltv_id="AMC">AMC</channel>
    <channel update="i" site="hot.net.il" site_id="766" xmltv_id="ערוץ מורשת - 20">ערוץ מורשת - 20</channel>
    <channel update="i" site="hot.net.il" site_id="574" xmltv_id="ערוץ הקניות">ערוץ הקניות</channel>
    <channel update="i" site="hot.net.il" site_id="426" xmltv_id="ערוץ 2">ערוץ 2</channel>
    <channel update="i" site="hot.net.il" site_id="589" xmltv_id="חינוכית 23">חינוכית 23</channel>
    <channel update="i" site="hot.net.il" site_id="578" xmltv_id="מוסיקה 24">מוסיקה 24</channel>
    <channel update="i" site="hot.net.il" site_id="775" xmltv_id="MTV סדרות">MTV סדרות</channel>
    <channel update="i" site="hot.net.il" site_id="561" xmltv_id="ויוה">ויוה</channel>
    <channel update="i" site="hot.net.il" site_id="563" xmltv_id="ויוה +">ויוה +</channel>
    <channel update="i" site="hot.net.il" site_id="770" xmltv_id="CBS DRAMA">CBS DRAMA</channel>
    <channel update="i" site="hot.net.il" site_id="456" xmltv_id="ערוץ E!">ערוץ E!</channel>
    <channel update="i" site="hot.net.il" site_id="442" xmltv_id="Lifetime">Lifetime</channel>
    <channel update="i" site="hot.net.il" site_id="427" xmltv_id="ישראל 33">ישראל 33</channel>
    <channel update="i" site="hot.net.il" site_id="489" xmltv_id="HOT Bollywood">HOT Bollywood</channel>
    <channel update="i" site="hot.net.il" site_id="490" xmltv_id="HOT Bombay">HOT Bombay</channel>
    <channel update="i" site="hot.net.il" site_id="567" xmltv_id="בית + משפחה">בית + משפחה</channel>
    <channel update="i" site="hot.net.il" site_id="585" xmltv_id="החיים הטובים">החיים הטובים</channel>
    <channel update="i" site="hot.net.il" site_id="571" xmltv_id="ערוץ האוכל">ערוץ האוכל</channel>
    <channel update="i" site="hot.net.il" site_id="570" xmltv_id="ערוץ הבריאות">ערוץ הבריאות</channel>
    <channel update="i" site="hot.net.il" site_id="552" xmltv_id="ערוץ הטיולים">ערוץ הטיולים</channel>
    <channel update="i" site="hot.net.il" site_id="594" xmltv_id="אגו">אגו</channel>
    <channel update="i" site="hot.net.il" site_id="440" xmltv_id="BBC entertainment">BBC entertainment</channel>
    <channel update="i" site="hot.net.il" site_id="474" xmltv_id="ערוץ ההיסטוריה">ערוץ ההיסטוריה</channel>
    <channel update="i" site="hot.net.il" site_id="741" xmltv_id="DISCOVERY">DISCOVERY</channel>
    <channel update="i" site="hot.net.il" site_id="530" xmltv_id="NAT GEO WILD">NAT GEO WILD</channel>
    <channel update="i" site="hot.net.il" site_id="531" xmltv_id="NATIONAL GEOGRAPHIC">NATIONAL GEOGRAPHIC</channel>
    <channel update="i" site="hot.net.il" site_id="742" xmltv_id="DISCOVERY SCIENCE">DISCOVERY SCIENCE</channel>
    <channel update="i" site="hot.net.il" site_id="558" xmltv_id="CBS REALITY">CBS REALITY</channel>
    <channel update="i" site="hot.net.il" site_id="469" xmltv_id="FTV">FTV</channel>
    <channel update="i" site="hot.net.il" site_id="685" xmltv_id="ספורט ONE">ספורט ONE</channel>
    <channel update="i" site="hot.net.il" site_id="461" xmltv_id="EUROSPORT">EUROSPORT</channel>
    <channel update="i" site="hot.net.il" site_id="745" xmltv_id="TRACE">TRACE</channel>
    <channel update="i" site="hot.net.il" site_id="581" xmltv_id="ספורט 2">ספורט 2</channel>
    <channel update="i" site="hot.net.il" site_id="790" xmltv_id="ספורט HD2">ספורט HD2</channel>
    <channel update="i" site="hot.net.il" site_id="580" xmltv_id="ספורט 1">ספורט 1</channel>
    <channel update="i" site="hot.net.il" site_id="582" xmltv_id="ספורט 5">ספורט 5</channel>
    <channel update="i" site="hot.net.il" site_id="583" xmltv_id="ספורט 5+">ספורט 5+</channel>
    <channel update="i" site="hot.net.il" site_id="428" xmltv_id="5+ Gold">5+ Gold</channel>
    <channel update="i" site="hot.net.il" site_id="429" xmltv_id="5+ Live">5+ Live</channel>
    <channel update="i" site="hot.net.il" site_id="761" xmltv_id="MOTORS TV">MOTORS TV</channel>
    <channel update="i" site="hot.net.il" site_id="457" xmltv_id="אגו טוטאל">אגו טוטאל</channel>
    <channel update="i" site="hot.net.il" site_id="466" xmltv_id="FOX SPORTS">FOX SPORTS</channel>
    <channel update="i" site="hot.net.il" site_id="670" xmltv_id="פנטהאוז HD">פנטהאוז HD</channel>
    <channel update="i" site="hot.net.il" site_id="569" xmltv_id="ערוץ הקבלה">ערוץ הקבלה</channel>
    <channel update="i" site="hot.net.il" site_id="464" xmltv_id="EXTREME SPORTS">EXTREME SPORTS</channel>
    <channel update="i" site="hot.net.il" site_id="801" xmltv_id="DOG TV">DOG TV</channel>
    <channel update="i" site="hot.net.il" site_id="452" xmltv_id="DAYSTAR">DAYSTAR</channel>
    <channel update="i" site="hot.net.il" site_id="724" xmltv_id="JIMJAM2">JIMJAM2</channel>
    <channel update="i" site="hot.net.il" site_id="395" xmltv_id="בייבי">בייבי</channel>
    <channel update="i" site="hot.net.il" site_id="510" xmltv_id="HOT לולי">HOT לולי</channel>
    <channel update="i" site="hot.net.il" site_id="591" xmltv_id="!הופ">!הופ</channel>
    <channel update="i" site="hot.net.il" site_id="592" xmltv_id="הופ! ילדות ישראלית">הופ! ילדות ישראלית</channel>
    <channel update="i" site="hot.net.il" site_id="751" xmltv_id="דיסני ג'וניור">דיסני ג'וניור</channel>
    <channel update="i" site="hot.net.il" site_id="564" xmltv_id="ערוץ הילדים">ערוץ הילדים</channel>
    <channel update="i" site="hot.net.il" site_id="576" xmltv_id="לוגי">לוגי</channel>
    <channel update="i" site="hot.net.il" site_id="566" xmltv_id="דיסני">דיסני</channel>
    <channel update="i" site="hot.net.il" site_id="738" xmltv_id="ZOOM">ZOOM</channel>
    <channel update="i" site="hot.net.il" site_id="579" xmltv_id="ניקולדיאון">ניקולדיאון</channel>
    <channel update="i" site="hot.net.il" site_id="710" xmltv_id="ניק ג'וניור">ניק ג'וניור</channel>
    <channel update="i" site="hot.net.il" site_id="513" xmltv_id="ג'וניור">ג'וניור</channel>
    <channel update="i" site="hot.net.il" site_id="740" xmltv_id="CLUBBING TV">CLUBBING TV</channel>
    <channel update="i" site="hot.net.il" site_id="522" xmltv_id="MTV">MTV</channel>
    <channel update="i" site="hot.net.il" site_id="554" xmltv_id="VH-1">VH-1</channel>
    <channel update="i" site="hot.net.il" site_id="553" xmltv_id="VH-1 CLASSIC">VH-1 CLASSIC</channel>
    <channel update="i" site="hot.net.il" site_id="525" xmltv_id="MTV HITS">MTV HITS</channel>
    <channel update="i" site="hot.net.il" site_id="523" xmltv_id="MTV Rocks">MTV Rocks</channel>
    <channel update="i" site="hot.net.il" site_id="524" xmltv_id="MTV DANCE">MTV DANCE</channel>
    <channel update="i" site="hot.net.il" site_id="518" xmltv_id="MEZZO">MEZZO</channel>
    <channel update="i" site="hot.net.il" site_id="767" xmltv_id="Vintage TV">Vintage TV</channel>
    <channel update="i" site="hot.net.il" site_id="565" xmltv_id="ערוץ הידברות">ערוץ הידברות</channel>
    <channel update="i" site="hot.net.il" site_id="407" xmltv_id="הערוץ הקהילתי הארצי">הערוץ הקהילתי הארצי</channel>
    <channel update="i" site="hot.net.il" site_id="573" xmltv_id="ערוץ הכנסת">ערוץ הכנסת</channel>
    <channel update="i" site="hot.net.il" site_id="448" xmltv_id="CHANNEL ONE RUSSIA">CHANNEL ONE RUSSIA</channel>
    <channel update="i" site="hot.net.il" site_id="536" xmltv_id="RTR">RTR</channel>
    <channel update="i" site="hot.net.il" site_id="537" xmltv_id="RTV i">RTV i</channel>
    <channel update="i" site="hot.net.il" site_id="528" xmltv_id="NASHE KINO">NASHE KINO</channel>
    <channel update="i" site="hot.net.il" site_id="532" xmltv_id="NTV MIR">NTV MIR</channel>
    <channel update="i" site="hot.net.il" site_id="475" xmltv_id="היסטוריה ברוסית">היסטוריה ברוסית</channel>
    <channel update="i" site="hot.net.il" site_id="453" xmltv_id="DOM KINO">DOM KINO</channel>
    <channel update="i" site="hot.net.il" site_id="559" xmltv_id="CBS Drama">CBS Drama</channel>
    <channel update="i" site="hot.net.il" site_id="527" xmltv_id="Music box RU">Music box RU</channel>
    <channel update="i" site="hot.net.il" site_id="723" xmltv_id="VREMYA">VREMYA</channel>
    <channel update="i" site="hot.net.il" site_id="715" xmltv_id="COMEDY TV">COMEDY TV</channel>
    <channel update="i" site="hot.net.il" site_id="672" xmltv_id="CTC">CTC</channel>
    <channel update="i" site="hot.net.il" site_id="362" xmltv_id="TVCI">TVCI</channel>
    <channel update="i" site="hot.net.il" site_id="547" xmltv_id="Carousel">Carousel</channel>
    <channel update="i" site="hot.net.il" site_id="717" xmltv_id="JIMJAM">JIMJAM</channel>
    <channel update="i" site="hot.net.il" site_id="721" xmltv_id="TELECAFE">TELECAFE</channel>
    <channel update="i" site="hot.net.il" site_id="720" xmltv_id="TRAVEL GUIDE">TRAVEL GUIDE</channel>
    <channel update="i" site="hot.net.il" site_id="716" xmltv_id="FLN">FLN</channel>
    <channel update="i" site="hot.net.il" site_id="718" xmltv_id="OUTDOOR HD">OUTDOOR HD</channel>
    <channel update="i" site="hot.net.il" site_id="472" xmltv_id="GTV">GTV</channel>
    <channel update="i" site="hot.net.il" site_id="752" xmltv_id="SHANSON TV">SHANSON TV</channel>
    <channel update="i" site="hot.net.il" site_id="813" xmltv_id="MUZIKA PEROVOGO">MUZIKA PEROVOGO</channel>
    <channel update="i" site="hot.net.il" site_id="512" xmltv_id="INTER+">INTER+</channel>
    <channel update="i" site="hot.net.il" site_id="714" xmltv_id="ערוץ 1+1">ערוץ 1+1</channel>
    <channel update="i" site="hot.net.il" site_id="765" xmltv_id="RTVC">RTVC</channel>
    <channel update="i" site="hot.net.il" site_id="774" xmltv_id="Kazah TV">Kazah TV</channel>
    <channel update="i" site="hot.net.il" site_id="809" xmltv_id="RAIN">RAIN</channel>
    <channel update="i" site="hot.net.il" site_id="808" xmltv_id="STIL">STIL</channel>
    <channel update="i" site="hot.net.il" site_id="810" xmltv_id="TV8">TV8</channel>
    <channel update="i" site="hot.net.il" site_id="514" xmltv_id="LBC">LBC</channel>
    <channel update="i" site="hot.net.il" site_id="595" xmltv_id="אלג'זירה">אלג'זירה</channel>
    <channel update="i" site="hot.net.il" site_id="568" xmltv_id="ירדן 1">ירדן 1</channel>
    <channel update="i" site="hot.net.il" site_id="515" xmltv_id="MBC">MBC</channel>
    <channel update="i" site="hot.net.il" site_id="511" xmltv_id="IETV">IETV</channel>
    <channel update="i" site="hot.net.il" site_id="447" xmltv_id="CCTV NEWS">CCTV NEWS</channel>
    <channel update="i" site="hot.net.il" site_id="335" xmltv_id="EURONEWS">EURONEWS</channel>
    <channel update="i" site="hot.net.il" site_id="336" xmltv_id="FRANCE 24 - FR">FRANCE 24 - FR</channel>
    <channel update="i" site="hot.net.il" site_id="548" xmltv_id="TV5">TV5</channel>
    <channel update="i" site="hot.net.il" site_id="438" xmltv_id="ARTE">ARTE</channel>
    <channel update="i" site="hot.net.il" site_id="467" xmltv_id="FRANCE 2">FRANCE 2</channel>
    <channel update="i" site="hot.net.il" site_id="729" xmltv_id="FRANCE 3">FRANCE 3</channel>
    <channel update="i" site="hot.net.il" site_id="730" xmltv_id="FRANCE 5">FRANCE 5</channel>
    <channel update="i" site="hot.net.il" site_id="516" xmltv_id="METV">METV</channel>
    <channel update="i" site="hot.net.il" site_id="539" xmltv_id="SAT1">SAT1</channel>
    <channel update="i" site="hot.net.il" site_id="540" xmltv_id="SAT3">SAT3</channel>
    <channel update="i" site="hot.net.il" site_id="535" xmltv_id="RTL">RTL</channel>
    <channel update="i" site="hot.net.il" site_id="545" xmltv_id="TELEFE">TELEFE</channel>
    <channel update="i" site="hot.net.il" site_id="350" xmltv_id="RAI ITALIA">RAI ITALIA</channel>
    <channel update="i" site="hot.net.il" site_id="690" xmltv_id="MEDIASET ITALIA">MEDIASET ITALIA</channel>
    <channel update="i" site="hot.net.il" site_id="549" xmltv_id="TVE">TVE</channel>
    <channel update="i" site="hot.net.il" site_id="769" xmltv_id="HORAS 24 CANAL">HORAS 24 CANAL</channel>
    <channel update="i" site="hot.net.il" site_id="546" xmltv_id="TRT1">TRT1</channel>
    <channel update="i" site="hot.net.il" site_id="463" xmltv_id="EURO STAR">EURO STAR</channel>
    <channel update="i" site="hot.net.il" site_id="557" xmltv_id="ZEE TV">ZEE TV</channel>
    <channel update="i" site="hot.net.il" site_id="455" xmltv_id="DUNA TV">DUNA TV</channel>
    <channel update="i" site="hot.net.il" site_id="534" xmltv_id="PRO TV">PRO TV</channel>
    <channel update="i" site="hot.net.il" site_id="550" xmltv_id="TVRI">TVRI</channel>
    <channel update="i" site="hot.net.il" site_id="750" xmltv_id="NHK WORLD">NHK WORLD</channel>
    <channel update="i" site="hot.net.il" site_id="543" xmltv_id="סוריה">סוריה</channel>
    <channel update="i" site="hot.net.il" site_id="521" xmltv_id="מרוקו">מרוקו</channel>
    <channel update="i" site="hot.net.il" site_id="587" xmltv_id="טוניס">טוניס</channel>
    <channel update="i" site="hot.net.il" site_id="459" xmltv_id="מצרים">מצרים</channel>
    <channel update="i" site="hot.net.il" site_id="798" xmltv_id="KRAL">KRAL</channel>
    <channel update="i" site="hot.net.il" site_id="746" xmltv_id="FRANCE 24 - ערבית">FRANCE 24 - ערבית</channel>
    <channel update="i" site="hot.net.il" site_id="458" xmltv_id="אל מוסטקבל">אל מוסטקבל</channel>
    <channel update="i" site="hot.net.il" site_id="435" xmltv_id="ROTANA MUSIC">ROTANA MUSIC</channel>
    <channel update="i" site="hot.net.il" site_id="666" xmltv_id="Rotana Cinema">Rotana Cinema</channel>
    <channel update="i" site="hot.net.il" site_id="541" xmltv_id="סעודיה">סעודיה</channel>
    <channel update="i" site="hot.net.il" site_id="454" xmltv_id="דובאי">דובאי</channel>
    <channel update="i" site="hot.net.il" site_id="739" xmltv_id="TV מאיר">TV מאיר</channel>
    <channel update="i" site="hot.net.il" site_id="465" xmltv_id="FOX NEWS">FOX NEWS</channel>
    <channel update="i" site="hot.net.il" site_id="468" xmltv_id="FRANCE 24">FRANCE 24</channel>
    <channel update="i" site="hot.net.il" site_id="542" xmltv_id="SKY NEWS">SKY NEWS</channel>
    <channel update="i" site="hot.net.il" site_id="441" xmltv_id="BBC WORLD">BBC WORLD</channel>
    <channel update="i" site="hot.net.il" site_id="697" xmltv_id="MSNBC">MSNBC</channel>
    <channel update="i" site="hot.net.il" site_id="791" xmltv_id="Fox Business">Fox Business</channel>
    <channel update="i" site="hot.net.il" site_id="443" xmltv_id="BLOOMBERG">BLOOMBERG</channel>
    <channel update="i" site="hot.net.il" site_id="771" xmltv_id="DW NEWS EUROPE">DW NEWS EUROPE</channel>
    <channel update="i" site="hot.net.il" site_id="802" xmltv_id="DW GERMAN">DW GERMAN</channel>
    <channel update="i" site="hot.net.il" site_id="526" xmltv_id="MTV HD">MTV HD</channel>
    <channel update="i" site="hot.net.il" site_id="445" xmltv_id="BOLLYWOOD HD">BOLLYWOOD HD</channel>
    <channel update="i" site="hot.net.il" site_id="743" xmltv_id="DISCOVERY HD">DISCOVERY HD</channel>
    <channel update="i" site="hot.net.il" site_id="677" xmltv_id="ספורט 1 HD">ספורט 1 HD</channel>
    <channel update="i" site="hot.net.il" site_id="544" xmltv_id="ספורט 5 HD">ספורט 5 HD</channel>
    <channel update="i" site="hot.net.il" site_id="689" xmltv_id="FOX SPORT HD">FOX SPORT HD</channel>
    <channel update="i" site="hot.net.il" site_id="698" xmltv_id="MEZZO LIVE HD">MEZZO LIVE HD</channel>
    <channel update="i" site="hot.net.il" site_id="470" xmltv_id="FTV HD">FTV HD</channel>
  </channels>
</site>