﻿<?xml version="1.0" encoding="UTF-8"?>
<site generator-info-name="WebGrab+Plus/w MDB &amp; REX Postprocess -- version V2.1.5 -- Jan van Straaten" site="isramedia.net">
  <channels>
    <channel update="i" site="isramedia.net" site_id="לוח-שידורים/1/ערוץ-כאן-11-שידור-חי" xmltv_id="ערוץ כאן 11 שידור חי">ערוץ כאן 11 שידור חי</channel>
    <channel update="i" site="isramedia.net" site_id="לוח-שידורים/12/ערוץ-12-שידור-חי" xmltv_id="ערוץ 12 שידור חי">ערוץ 12 שידור חי</channel>
    <channel update="i" site="isramedia.net" site_id="לוח-שידורים/13/ערוץ-13-שידור-חי" xmltv_id="ערוץ 13 שידור חי">ערוץ 13 שידור חי</channel>
    <channel update="i" site="isramedia.net" site_id="לוח-שידורים/14/ערוץ-14-שידור-חי" xmltv_id="ערוץ 14 שידור חי">ערוץ 14 שידור חי</channel>
    <channel update="i" site="isramedia.net" site_id="לוח-שידורים/24/ערוץ-24-בשידור-חי" xmltv_id="ערוץ 24 בשידור חי">ערוץ 24 בשידור חי</channel>
    <channel update="i" site="isramedia.net" site_id="לוח-שידורים/9/ערוץ-9-שידור-חי" xmltv_id="ערוץ 9 שידור חי">ערוץ 9 שידור חי</channel>
    <channel update="i" site="isramedia.net" site_id="לוח-שידורים/587/ספורט-5-פלוס" xmltv_id="ספורט 5 פלוס">ספורט 5 פלוס</channel>
    <channel update="i" site="isramedia.net" site_id="לוח-שידורים/5/ספורט-5-שידור-חי" xmltv_id="ספורט 5 שידור חי">ספורט 5 שידור חי</channel>
    <channel update="i" site="isramedia.net" site_id="לוח-שידורים/56/ערוץ-ספורט" xmltv_id="ערוץ ספורט">ערוץ ספורט</channel>
    <channel update="i" site="isramedia.net" site_id="לוח-שידורים/91/ספורט-ישראל-2" xmltv_id="ספורט ישראל 2">ספורט ישראל 2</channel>
    <channel update="i" site="isramedia.net" site_id="לוח-שידורים/14950/ספורט-3" xmltv_id="ספורט 3">ספורט 3</channel>
    <channel update="i" site="isramedia.net" site_id="לוח-שידורים/14951/ספורט-4" xmltv_id="ספורט 4">ספורט 4</channel>
    <channel update="i" site="isramedia.net" site_id="לוח-שידורים/12564/ערוץ-one-שידור-חי" xmltv_id="ערוץ one שידור חי">ערוץ one שידור חי</channel>
    <channel update="i" site="isramedia.net" site_id="לוח-שידורים/132/ספורט-5-לייב-שידור-חי" xmltv_id="ספורט 5 לייב שידור חי">ספורט 5 לייב שידור חי</channel>
    <channel update="i" site="isramedia.net" site_id="לוח-שידורים/5788/Eurosport" xmltv_id="Eurosport">Eurosport</channel>
    <channel update="i" site="isramedia.net" site_id="לוח-שידורים/15041/ערוץ-KIDZ" xmltv_id="ערוץ KIDZ">ערוץ KIDZ</channel>
    <channel update="i" site="isramedia.net" site_id="לוח-שידורים/7375/ניקלודיאון-שידור-חי" xmltv_id="ניקלודיאון שידור חי">ניקלודיאון שידור חי</channel>
    <channel update="i" site="isramedia.net" site_id="לוח-שידורים/141/ערוץ-נשיונל-גיאוגרפיק" xmltv_id="ערוץ נשיונל גיאוגרפיק">ערוץ נשיונל גיאוגרפיק</channel>
    <channel update="i" site="isramedia.net" site_id="לוח-שידורים/378/ערוץ-דיסקברי" xmltv_id="ערוץ דיסקברי">ערוץ דיסקברי</channel>
    <channel update="i" site="isramedia.net" site_id="לוח-שידורים/404/ערוץ-8-שידור-חי" xmltv_id="ערוץ 8 שידור חי">ערוץ 8 שידור חי</channel>
    <channel update="i" site="isramedia.net" site_id="לוח-שידורים/7449/הוט-בידור-ישראלי" xmltv_id="הוט בידור ישראלי">הוט בידור ישראלי</channel>
    <channel update="i" site="isramedia.net" site_id="לוח-שידורים/7330/ערוץ-ויוה-שידור-חי" xmltv_id="ערוץ ויוה שידור חי">ערוץ ויוה שידור חי</channel>
    <channel update="i" site="isramedia.net" site_id="לוח-שידורים/7630/ערוץ-אגו-שידור-חי" xmltv_id="ערוץ אגו שידור חי">ערוץ אגו שידור חי</channel>
    <channel update="i" site="isramedia.net" site_id="לוח-שידורים/8924/ערוץ-הטיולים" xmltv_id="ערוץ הטיולים">ערוץ הטיולים</channel>
    <channel update="i" site="isramedia.net" site_id="לוח-שידורים/7415/ערוץ-3-שידור-חי" xmltv_id="ערוץ 3 שידור חי">ערוץ 3 שידור חי</channel>
    <channel update="i" site="isramedia.net" site_id="לוח-שידורים/60/MTV-שידור-חי" xmltv_id="MTV שידור חי">MTV שידור חי</channel>
    <channel update="i" site="isramedia.net" site_id="לוח-שידורים/74/ערוץ-האופנה-FTV-שידור-חי" xmltv_id="ערוץ האופנה FTV שידור חי">ערוץ האופנה FTV שידור חי</channel>
  </channels>
</site>