﻿<?xml version="1.0" encoding="UTF-8"?>
<site generator-info-name="WebGrab+Plus/w MDB &amp; REX Postprocess -- version V2.1.5 -- Jan van Straaten" site="partner.co.il">
  <channels>
    <channel update="i" site="partner.co.il" site_id="1007" xmltv_id="ויוה">ויוה</channel>
    <channel update="i" site="partner.co.il" site_id="1101" xmltv_id="כאן 11">כאן 11</channel>
    <channel update="i" site="partner.co.il" site_id="1103" xmltv_id="ערוץ 2">ערוץ 2</channel>
    <channel update="i" site="partner.co.il" site_id="1105" xmltv_id="ערוץ 10">ערוץ 10</channel>
    <channel update="i" site="partner.co.il" site_id="1107" xmltv_id="כאן בערבית">כאן בערבית</channel>
    <channel update="i" site="partner.co.il" site_id="1109" xmltv_id="ערוץ הכנסת">ערוץ הכנסת</channel>
    <channel update="i" site="partner.co.il" site_id="1111" xmltv_id="חינוכית">חינוכית</channel>
    <channel update="i" site="partner.co.il" site_id="1113" xmltv_id="TV5">TV5</channel>
    <channel update="i" site="partner.co.il" site_id="1115" xmltv_id="France 24 Fr">France 24 Fr</channel>
    <channel update="i" site="partner.co.il" site_id="1117" xmltv_id="France 24 En">France 24 En</channel>
    <channel update="i" site="partner.co.il" site_id="1119" xmltv_id="France 24 Ar">France 24 Ar</channel>
    <channel update="i" site="partner.co.il" site_id="1145" xmltv_id="ויוה פלוס">ויוה פלוס</channel>
    <channel update="i" site="partner.co.il" site_id="1147" xmltv_id="בייבי">בייבי</channel>
    <channel update="i" site="partner.co.il" site_id="1149" xmltv_id="ג'וניור">ג'וניור</channel>
    <channel update="i" site="partner.co.il" site_id="1151" xmltv_id="ZOOM">ZOOM</channel>
    <channel update="i" site="partner.co.il" site_id="1153" xmltv_id="ערוץ הכוכבים">ערוץ הכוכבים</channel>
    <channel update="i" site="partner.co.il" site_id="1155" xmltv_id="Nat Geo">Nat Geo</channel>
    <channel update="i" site="partner.co.il" site_id="1157" xmltv_id="Nat Geo Wild">Nat Geo Wild</channel>
    <channel update="i" site="partner.co.il" site_id="1159" xmltv_id="FTV">FTV</channel>
    <channel update="i" site="partner.co.il" site_id="1161" xmltv_id="Food Network">Food Network</channel>
    <channel update="i" site="partner.co.il" site_id="1163" xmltv_id="Travel Channel">Travel Channel</channel>
    <channel update="i" site="partner.co.il" site_id="1167" xmltv_id="VICELAND">VICELAND</channel>
    <channel update="i" site="partner.co.il" site_id="1171" xmltv_id="ערוץ 24">ערוץ 24</channel>
    <channel update="i" site="partner.co.il" site_id="1173" xmltv_id="GINX">GINX</channel>
    <channel update="i" site="partner.co.il" site_id="1175" xmltv_id="בית +">בית +</channel>
    <channel update="i" site="partner.co.il" site_id="1178" xmltv_id="ערוץ 20">ערוץ 20</channel>
    <channel update="i" site="partner.co.il" site_id="1180" xmltv_id="SPORT 5">SPORT 5</channel>
    <channel update="i" site="partner.co.il" site_id="1182" xmltv_id="5 PLUS">5 PLUS</channel>
    <channel update="i" site="partner.co.il" site_id="1184" xmltv_id="5 GOLD">5 GOLD</channel>
    <channel update="i" site="partner.co.il" site_id="1186" xmltv_id="5 LIVE HD">5 LIVE HD</channel>
    <channel update="i" site="partner.co.il" site_id="1188" xmltv_id="5 SPORT HD">5 SPORT HD</channel>
    <channel update="i" site="partner.co.il" site_id="1190" xmltv_id="ערוץ הילדים">ערוץ הילדים</channel>
    <channel update="i" site="partner.co.il" site_id="1192" xmltv_id="לוגי">לוגי</channel>
    <channel update="i" site="partner.co.il" site_id="1194" xmltv_id="CNN">CNN</channel>
    <channel update="i" site="partner.co.il" site_id="1196" xmltv_id="AMC">AMC</channel>
    <channel update="i" site="partner.co.il" site_id="1198" xmltv_id="Fox News">Fox News</channel>
    <channel update="i" site="partner.co.il" site_id="1200" xmltv_id="Fox Business">Fox Business</channel>
    <channel update="i" site="partner.co.il" site_id="1202" xmltv_id="יאמיז">יאמיז</channel>
    <channel update="i" site="partner.co.il" site_id="1204" xmltv_id="הידברות">הידברות</channel>
    <channel update="i" site="partner.co.il" site_id="1206" xmltv_id="קשת">קשת</channel>
    <channel update="i" site="partner.co.il" site_id="1208" xmltv_id="רשת">רשת</channel>
    <channel update="i" site="partner.co.il" site_id="1210" xmltv_id="ערוץ עשר">ערוץ עשר</channel>
    <channel update="i" site="partner.co.il" site_id="1212" xmltv_id="ערוץ טדי">ערוץ טדי</channel>
    <channel update="i" site="partner.co.il" site_id="1214" xmltv_id="הצגות חנוכה">הצגות חנוכה</channel>
  </channels>
</site>