﻿<?xml version="1.0" encoding="UTF-8"?>
<site generator-info-name="WebGrab+Plus/w MDB &amp; REX Postprocess -- version V2.1.5 -- Jan van Straaten" site="tv.walla.co.il">
  <channels>
    <channel update="i" site="tv.walla.co.il" site_id="292" xmltv_id="yes 1">yes 1</channel>
    <channel update="i" site="tv.walla.co.il" site_id="293" xmltv_id="yes 2">yes 2</channel>
    <channel update="i" site="tv.walla.co.il" site_id="294" xmltv_id="yes 3">yes 3</channel>
    <channel update="i" site="tv.walla.co.il" site_id="297" xmltv_id="yes 4">yes 4</channel>
    <channel update="i" site="tv.walla.co.il" site_id="295" xmltv_id="יסבבה">יסבבה</channel>
    <channel update="i" site="tv.walla.co.il" site_id="208" xmltv_id="ערוץ ויוה">ערוץ ויוה</channel>
    <channel update="i" site="tv.walla.co.il" site_id="199" xmltv_id="!E ערוץ הבידור">!E ערוץ הבידור</channel>
    <channel update="i" site="tv.walla.co.il" site_id="3787" xmltv_id="HD כאן">HD כאן</channel>
    <channel update="i" site="tv.walla.co.il" site_id="3819" xmltv_id="קשת">קשת</channel>
    <channel update="i" site="tv.walla.co.il" site_id="3821" xmltv_id="רשת">רשת</channel>
    <channel update="i" site="tv.walla.co.il" site_id="3817" xmltv_id="ערוץ עשר">ערוץ עשר</channel>
    <channel update="i" site="tv.walla.co.il" site_id="510" xmltv_id="ויוה פלטינה">ויוה פלטינה</channel>
    <channel update="i" site="tv.walla.co.il" site_id="547" xmltv_id="ערוץ הילדים">ערוץ הילדים</channel>
    <channel update="i" site="tv.walla.co.il" site_id="3547" xmltv_id="HOT קומדי סנטרל">HOT קומדי סנטרל</channel>
    <channel update="i" site="tv.walla.co.il" site_id="238" xmltv_id="ישראל פלוס">ישראל פלוס</channel>
    <channel update="i" site="tv.walla.co.il" site_id="3588" xmltv_id="+ ויוה">+ ויוה</channel>
    <channel update="i" site="tv.walla.co.il" site_id="301" xmltv_id="yes דוקו">yes דוקו</channel>
    <channel update="i" site="tv.walla.co.il" site_id="255" xmltv_id="מוסיקה 24">מוסיקה 24</channel>
    <channel update="i" site="tv.walla.co.il" site_id="315" xmltv_id="yes stars Drama">yes stars Drama</channel>
    <channel update="i" site="tv.walla.co.il" site_id="3595" xmltv_id="Yes Oh SD">Yes Oh SD</channel>
    <channel update="i" site="tv.walla.co.il" site_id="198" xmltv_id="ערוץ החיים הטובים">ערוץ החיים הטובים</channel>
    <channel update="i" site="tv.walla.co.il" site_id="211" xmltv_id="חינוכית">חינוכית</channel>
    <channel update="i" site="tv.walla.co.il" site_id="559" xmltv_id="ערוץ תרבות מדע וטבע">ערוץ תרבות מדע וטבע</channel>
    <channel update="i" site="tv.walla.co.il" site_id="223" xmltv_id="mtv - europe">mtv - europe</channel>
    <channel update="i" site="tv.walla.co.il" site_id="237" xmltv_id="tve international">tve international</channel>
    <channel update="i" site="tv.walla.co.il" site_id="204" xmltv_id="ספורט 5+">ספורט 5+</channel>
    <channel update="i" site="tv.walla.co.il" site_id="281" xmltv_id="france 2">france 2</channel>
    <channel update="i" site="tv.walla.co.il" site_id="207" xmltv_id="היסטורי">היסטורי</channel>
    <channel update="i" site="tv.walla.co.il" site_id="314" xmltv_id="yes stars Comedy">yes stars Comedy</channel>
    <channel update="i" site="tv.walla.co.il" site_id="349" xmltv_id="hot בידור ישראלי">hot בידור ישראלי</channel>
    <channel update="i" site="tv.walla.co.il" site_id="316" xmltv_id="yes stars Action">yes stars Action</channel>
    <channel update="i" site="tv.walla.co.il" site_id="234" xmltv_id="sat 3">sat 3</channel>
    <channel update="i" site="tv.walla.co.il" site_id="209" xmltv_id="ערוץ הקניות">ערוץ הקניות</channel>
    <channel update="i" site="tv.walla.co.il" site_id="344" xmltv_id="hot fun">hot fun</channel>
    <channel update="i" site="tv.walla.co.il" site_id="273" xmltv_id="nashe kino">nashe kino</channel>
    <channel update="i" site="tv.walla.co.il" site_id="233" xmltv_id="sat - 1">sat - 1</channel>
    <channel update="i" site="tv.walla.co.il" site_id="353" xmltv_id="hot3">hot3</channel>
    <channel update="i" site="tv.walla.co.il" site_id="236" xmltv_id="tv5- france">tv5- france</channel>
    <channel update="i" site="tv.walla.co.il" site_id="373" xmltv_id="Zone Reality">Zone Reality</channel>
    <channel update="i" site="tv.walla.co.il" site_id="206" xmltv_id="דיסקברי">דיסקברי</channel>
    <channel update="i" site="tv.walla.co.il" site_id="225" xmltv_id="vh-1 - europe">vh-1 - europe</channel>
    <channel update="i" site="tv.walla.co.il" site_id="339" xmltv_id="hot action">hot action</channel>
    <channel update="i" site="tv.walla.co.il" site_id="341" xmltv_id="hot bombay">hot bombay</channel>
    <channel update="i" site="tv.walla.co.il" site_id="261" xmltv_id="rotana">rotana</channel>
    <channel update="i" site="tv.walla.co.il" site_id="141" xmltv_id="aljazeera english">aljazeera english</channel>
    <channel update="i" site="tv.walla.co.il" site_id="244" xmltv_id="interstar">interstar</channel>
    <channel update="i" site="tv.walla.co.il" site_id="351" xmltv_id="hot סרטים">hot סרטים</channel>
    <channel update="i" site="tv.walla.co.il" site_id="333" xmltv_id="duna tv">duna tv</channel>
    <channel update="i" site="tv.walla.co.il" site_id="258" xmltv_id="mbc">mbc</channel>
    <channel update="i" site="tv.walla.co.il" site_id="343" xmltv_id="hot drama">hot drama</channel>
    <channel update="i" site="tv.walla.co.il" site_id="245" xmltv_id="protv">protv</channel>
    <channel update="i" site="tv.walla.co.il" site_id="284" xmltv_id="zee tv">zee tv</channel>
    <channel update="i" site="tv.walla.co.il" site_id="136" xmltv_id="אגו">אגו</channel>
    <channel update="i" site="tv.walla.co.il" site_id="289" xmltv_id="ערוץ הספורט">ערוץ הספורט</channel>
    <channel update="i" site="tv.walla.co.il" site_id="218" xmltv_id="fox sport">fox sport</channel>
    <channel update="i" site="tv.walla.co.il" site_id="201" xmltv_id="cnn">cnn</channel>
    <channel update="i" site="tv.walla.co.il" site_id="142" xmltv_id="france 24">france 24</channel>
    <channel update="i" site="tv.walla.co.il" site_id="230" xmltv_id="sky news">sky news</channel>
    <channel update="i" site="tv.walla.co.il" site_id="229" xmltv_id="bbc world">bbc world</channel>
    <channel update="i" site="tv.walla.co.il" site_id="360" xmltv_id="mtv hits">mtv hits</channel>
    <channel update="i" site="tv.walla.co.il" site_id="252" xmltv_id="playboy">playboy</channel>
    <channel update="i" site="tv.walla.co.il" site_id="220" xmltv_id="extreme">extreme</channel>
    <channel update="i" site="tv.walla.co.il" site_id="346" xmltv_id="hot prime">hot prime</channel>
    <channel update="i" site="tv.walla.co.il" site_id="357" xmltv_id="mezzo full">mezzo full</channel>
    <channel update="i" site="tv.walla.co.il" site_id="3599" xmltv_id="ניק ג'וניור">ניק ג'וניור</channel>
    <channel update="i" site="tv.walla.co.il" site_id="191" xmltv_id="metv">metv</channel>
    <channel update="i" site="tv.walla.co.il" site_id="358" xmltv_id="mtv 2">mtv 2</channel>
    <channel update="i" site="tv.walla.co.il" site_id="129" xmltv_id="blue hustler">blue hustler</channel>
    <channel update="i" site="tv.walla.co.il" site_id="265" xmltv_id="rtm">rtm</channel>
    <channel update="i" site="tv.walla.co.il" site_id="248" xmltv_id="ntv mir">ntv mir</channel>
    <channel update="i" site="tv.walla.co.il" site_id="212" xmltv_id="הופ! - ערוץ קטנטנים">הופ! - ערוץ קטנטנים</channel>
    <channel update="i" site="tv.walla.co.il" site_id="327" xmltv_id="biography">biography</channel>
    <channel update="i" site="tv.walla.co.il" site_id="235" xmltv_id="arte">arte</channel>
    <channel update="i" site="tv.walla.co.il" site_id="267" xmltv_id="gtv">gtv</channel>
    <channel update="i" site="tv.walla.co.il" site_id="249" xmltv_id="animal planet">animal planet</channel>
    <channel update="i" site="tv.walla.co.il" site_id="94" xmltv_id="ניקלודיאון">ניקלודיאון</channel>
    <channel update="i" site="tv.walla.co.il" site_id="263" xmltv_id="אבו-דאבי">אבו-דאבי</channel>
    <channel update="i" site="tv.walla.co.il" site_id="138" xmltv_id="ערוץ הבריאות">ערוץ הבריאות</channel>
    <channel update="i" site="tv.walla.co.il" site_id="247" xmltv_id="bloomberg">bloomberg</channel>
    <channel update="i" site="tv.walla.co.il" site_id="376" xmltv_id="אגו טוטאל">אגו טוטאל</channel>
    <channel update="i" site="tv.walla.co.il" site_id="146" xmltv_id="sport 1">sport 1</channel>
    <channel update="i" site="tv.walla.co.il" site_id="66" xmltv_id="sport 5 plus gold">sport 5 plus gold</channel>
    <channel update="i" site="tv.walla.co.il" site_id="144" xmltv_id="ערוץ האוכל">ערוץ האוכל</channel>
    <channel update="i" site="tv.walla.co.il" site_id="274" xmltv_id="mtv music">mtv music</channel>
    <channel update="i" site="tv.walla.co.il" site_id="126" xmltv_id="yes india">yes india</channel>
    <channel update="i" site="tv.walla.co.il" site_id="143" xmltv_id="ietv">ietv</channel>
    <channel update="i" site="tv.walla.co.il" site_id="355" xmltv_id="inter+">inter+</channel>
    <channel update="i" site="tv.walla.co.il" site_id="13" xmltv_id="yes News">yes News</channel>
    <channel update="i" site="tv.walla.co.il" site_id="147" xmltv_id="sport 2">sport 2</channel>
    <channel update="i" site="tv.walla.co.il" site_id="329" xmltv_id="cctv">cctv</channel>
    <channel update="i" site="tv.walla.co.il" site_id="259" xmltv_id="lbc">lbc</channel>
    <channel update="i" site="tv.walla.co.il" site_id="137" xmltv_id="daystar">daystar</channel>
    <channel update="i" site="tv.walla.co.il" site_id="17" xmltv_id="iTV Weather">iTV Weather</channel>
    <channel update="i" site="tv.walla.co.il" site_id="35" xmltv_id="משחק בוב ספוג (בלגן בחווה)">משחק בוב ספוג (בלגן בחווה)</channel>
    <channel update="i" site="tv.walla.co.il" site_id="22" xmltv_id="yes Store">yes Store</channel>
    <channel update="i" site="tv.walla.co.il" site_id="130" xmltv_id="CCTV 9">CCTV 9</channel>
    <channel update="i" site="tv.walla.co.il" site_id="3076" xmltv_id="JimJam">JimJam</channel>
    <channel update="i" site="tv.walla.co.il" site_id="149" xmltv_id="HD N.G.">HD N.G.</channel>
    <channel update="i" site="tv.walla.co.il" site_id="134" xmltv_id="ערוץ ביוגרפיה">ערוץ ביוגרפיה</channel>
    <channel update="i" site="tv.walla.co.il" site_id="135" xmltv_id="TVR int.">TVR int.</channel>
    <channel update="i" site="tv.walla.co.il" site_id="139" xmltv_id="1+1">1+1</channel>
    <channel update="i" site="tv.walla.co.il" site_id="150" xmltv_id="HD Sport">HD Sport</channel>
    <channel update="i" site="tv.walla.co.il" site_id="250" xmltv_id="Discovery Science">Discovery Science</channel>
    <channel update="i" site="tv.walla.co.il" site_id="188" xmltv_id="ג'וניור">ג'וניור</channel>
    <channel update="i" site="tv.walla.co.il" site_id="228" xmltv_id="MEZZO">MEZZO</channel>
    <channel update="i" site="tv.walla.co.il" site_id="275" xmltv_id="Reality TV">Reality TV</channel>
    <channel update="i" site="tv.walla.co.il" site_id="185" xmltv_id="yes בייבי">yes בייבי</channel>
    <channel update="i" site="tv.walla.co.il" site_id="253" xmltv_id="Russian MusicBox">Russian MusicBox</channel>
    <channel update="i" site="tv.walla.co.il" site_id="260" xmltv_id="ירדן">ירדן</channel>
    <channel update="i" site="tv.walla.co.il" site_id="269" xmltv_id="Channel 1 Rus">Channel 1 Rus</channel>
    <channel update="i" site="tv.walla.co.il" site_id="270" xmltv_id="RTR Planeta">RTR Planeta</channel>
    <channel update="i" site="tv.walla.co.il" site_id="205" xmltv_id="נ. ג'אוגרפיק">נ. ג'אוגרפיק</channel>
    <channel update="i" site="tv.walla.co.il" site_id="232" xmltv_id="RTL">RTL</channel>
    <channel update="i" site="tv.walla.co.il" site_id="264" xmltv_id="אלג'זירה">אלג'זירה</channel>
    <channel update="i" site="tv.walla.co.il" site_id="271" xmltv_id="RTVi">RTVi</channel>
    <channel update="i" site="tv.walla.co.il" site_id="231" xmltv_id="הערוץ הפתוח">הערוץ הפתוח</channel>
    <channel update="i" site="tv.walla.co.il" site_id="332" xmltv_id="DOM KINO">DOM KINO</channel>
    <channel update="i" site="tv.walla.co.il" site_id="337" xmltv_id="FRANCE 24">FRANCE 24</channel>
    <channel update="i" site="tv.walla.co.il" site_id="340" xmltv_id="HOT BOLLYWOOD">HOT BOLLYWOOD</channel>
    <channel update="i" site="tv.walla.co.il" site_id="361" xmltv_id="MTVN HD">MTVN HD</channel>
    <channel update="i" site="tv.walla.co.il" site_id="328" xmltv_id="BLUE HUSTLER">BLUE HUSTLER</channel>
    <channel update="i" site="tv.walla.co.il" site_id="369" xmltv_id="TV NANNY">TV NANNY</channel>
    <channel update="i" site="tv.walla.co.il" site_id="350" xmltv_id="HOT לולי">HOT לולי</channel>
    <channel update="i" site="tv.walla.co.il" site_id="321" xmltv_id="5+ GOLD">5+ GOLD</channel>
    <channel update="i" site="tv.walla.co.il" site_id="323" xmltv_id="AMATEUR BABES">AMATEUR BABES</channel>
    <channel update="i" site="tv.walla.co.il" site_id="359" xmltv_id="MTV DANCE">MTV DANCE</channel>
    <channel update="i" site="tv.walla.co.il" site_id="363" xmltv_id="NAT GEO WILD">NAT GEO WILD</channel>
    <channel update="i" site="tv.walla.co.il" site_id="345" xmltv_id="HOT GOLD">HOT GOLD</channel>
    <channel update="i" site="tv.walla.co.il" site_id="375" xmltv_id="אגו">אגו</channel>
    <channel update="i" site="tv.walla.co.il" site_id="354" xmltv_id="IETV">IETV</channel>
    <channel update="i" site="tv.walla.co.il" site_id="430" xmltv_id="אינטראקטיב - ע.ז - VOD TEST">אינטראקטיב - ע.ז - VOD TEST</channel>
    <channel update="i" site="tv.walla.co.il" site_id="440" xmltv_id="אל ג'זירה">אל ג'זירה</channel>
    <channel update="i" site="tv.walla.co.il" site_id="446" xmltv_id="ארכיון - DAYSTAR">ארכיון - DAYSTAR</channel>
    <channel update="i" site="tv.walla.co.il" site_id="506" xmltv_id="דובאי">דובאי</channel>
    <channel update="i" site="tv.walla.co.il" site_id="520" xmltv_id="ספורט 2">ספורט 2</channel>
    <channel update="i" site="tv.walla.co.il" site_id="513" xmltv_id="לוגי">לוגי</channel>
    <channel update="i" site="tv.walla.co.il" site_id="517" xmltv_id="ניקלודיאון">ניקלודיאון</channel>
    <channel update="i" site="tv.walla.co.il" site_id="519" xmltv_id="ספורט 1">ספורט 1</channel>
    <channel update="i" site="tv.walla.co.il" site_id="521" xmltv_id="ספורט 5 HD">ספורט 5 HD</channel>
    <channel update="i" site="tv.walla.co.il" site_id="540" xmltv_id="ערוץ 9">ערוץ 9</channel>
    <channel update="i" site="tv.walla.co.il" site_id="546" xmltv_id="ערוץ הטיולים">ערוץ הטיולים</channel>
    <channel update="i" site="tv.walla.co.il" site_id="542" xmltv_id="ערוץ ג'וניור">ערוץ ג'וניור</channel>
    <channel update="i" site="tv.walla.co.il" site_id="543" xmltv_id="ערוץ האוכל">ערוץ האוכל</channel>
    <channel update="i" site="tv.walla.co.il" site_id="544" xmltv_id="ערוץ הבריאות">ערוץ הבריאות</channel>
    <channel update="i" site="tv.walla.co.il" site_id="545" xmltv_id="ערוץ ההידברות">ערוץ ההידברות</channel>
    <channel update="i" site="tv.walla.co.il" site_id="3046" xmltv_id="yes stars Action HD">yes stars Action HD</channel>
    <channel update="i" site="tv.walla.co.il" site_id="3594" xmltv_id="yes Oh HD">yes Oh HD</channel>
    <channel update="i" site="tv.walla.co.il" site_id="3047" xmltv_id="ערוץ הטיולים">ערוץ הטיולים</channel>
    <channel update="i" site="tv.walla.co.il" site_id="3050" xmltv_id="MTV Dance">MTV Dance</channel>
    <channel update="i" site="tv.walla.co.il" site_id="3051" xmltv_id="NAT GEO WILD">NAT GEO WILD</channel>
    <channel update="i" site="tv.walla.co.il" site_id="3053" xmltv_id="EUROSPORT HD">EUROSPORT HD</channel>
    <channel update="i" site="tv.walla.co.il" site_id="3043" xmltv_id="סעודיה">סעודיה</channel>
    <channel update="i" site="tv.walla.co.il" site_id="3063" xmltv_id="בית ומשפחה">בית ומשפחה</channel>
    <channel update="i" site="tv.walla.co.il" site_id="3065" xmltv_id="TVCI">TVCI</channel>
    <channel update="i" site="tv.walla.co.il" site_id="3555" xmltv_id="Yes Comedy">Yes Comedy</channel>
    <channel update="i" site="tv.walla.co.il" site_id="3049" xmltv_id="אגו טוטאל">אגו טוטאל</channel>
    <channel update="i" site="tv.walla.co.il" site_id="3062" xmltv_id="NHK World">NHK World</channel>
    <channel update="i" site="tv.walla.co.il" site_id="3064" xmltv_id="ערוץ דיסני">ערוץ דיסני</channel>
    <channel update="i" site="tv.walla.co.il" site_id="3045" xmltv_id="yes stars Drama HD">yes stars Drama HD</channel>
    <channel update="i" site="tv.walla.co.il" site_id="3070" xmltv_id="הופ! ילדות">הופ! ילדות</channel>
    <channel update="i" site="tv.walla.co.il" site_id="3054" xmltv_id="הידברות">הידברות</channel>
    <channel update="i" site="tv.walla.co.il" site_id="3066" xmltv_id="">
    </channel>
    <channel update="i" site="tv.walla.co.il" site_id="3179" xmltv_id="HOT HD">HOT HD</channel>
    <channel update="i" site="tv.walla.co.il" site_id="3176" xmltv_id="FTV HD">FTV HD</channel>
    <channel update="i" site="tv.walla.co.il" site_id="3182" xmltv_id="Hot Zone">Hot Zone</channel>
    <channel update="i" site="tv.walla.co.il" site_id="3185" xmltv_id="?¥?¾??! ??°??µ ?´?µ????²?¾">?¥?¾??! ??°??µ ?´?µ????²?¾</channel>
    <channel update="i" site="tv.walla.co.il" site_id="3540" xmltv_id="ספורט 1 HD">ספורט 1 HD</channel>
    <channel update="i" site="tv.walla.co.il" site_id="3551" xmltv_id="ערוץ ONE">ערוץ ONE</channel>
    <channel update="i" site="tv.walla.co.il" site_id="3539" xmltv_id="ספורט 1 HD">ספורט 1 HD</channel>
    <channel update="i" site="tv.walla.co.il" site_id="3639" xmltv_id="ניק ג'וניור">ניק ג'וניור</channel>
    <channel update="i" site="tv.walla.co.il" site_id="3762" xmltv_id="SPORT 3 HD">SPORT 3 HD</channel>
    <channel update="i" site="tv.walla.co.il" site_id="3764" xmltv_id="SPORT 4 HD">SPORT 4 HD</channel>
  </channels>
</site>