﻿<?xml version="1.0" encoding="UTF-8"?>
<site generator-info-name="WebGrab+Plus/w MDB &amp; REX Postprocess -- version V1.56.14 -- Jan van Straaten" site="kava.ee">
  <channels>
    <channel update="i" site="kava.ee" site_id="esileht" xmltv_id="Esileht">Esileht</channel>
    <channel update="i" site="kava.ee" site_id="all-tvtv" xmltv_id="Kõik kanalid">Kõik kanalid</channel>
    <channel update="i" site="kava.ee" site_id="etv" xmltv_id="ETV">ETV</channel>
    <channel update="i" site="kava.ee" site_id="etv2" xmltv_id="ETV2">ETV2</channel>
    <channel update="i" site="kava.ee" site_id="kanal2" xmltv_id="Kanal2">Kanal2</channel>
    <channel update="i" site="kava.ee" site_id="tv3" xmltv_id="TV3">TV3</channel>
    <channel update="i" site="kava.ee" site_id="tv6" xmltv_id="TV6">TV6</channel>
    <channel update="i" site="kava.ee" site_id="kanal-11" xmltv_id="Kanal 11">Kanal 11</channel>
    <channel update="i" site="kava.ee" site_id="kanal-12" xmltv_id="Kanal 12">Kanal 12</channel>
    <channel update="i" site="kava.ee" site_id="fox-life" xmltv_id="Fox Life">Fox Life</channel>
    <channel update="i" site="kava.ee" site_id="fox" xmltv_id="Fox">Fox</channel>
    <channel update="i" site="kava.ee" site_id="sony-entertainment" xmltv_id="Sony Entertainment">Sony Entertainment</channel>
    <channel update="i" site="kava.ee" site_id="sony-turbo-baltic" xmltv_id="Sony Turbo Baltic">Sony Turbo Baltic</channel>
    <channel update="i" site="kava.ee" site_id="tallinna-tv" xmltv_id="Tallinna TV">Tallinna TV</channel>
    <channel update="i" site="kava.ee" site_id="etv-1" xmltv_id="ETV+">ETV+</channel>
    <channel update="i" site="kava.ee" site_id="pbk" xmltv_id="PBK">PBK</channel>
    <channel update="i" site="kava.ee" site_id="rentv-eesti" xmltv_id="RENTV Eesti">RENTV Eesti</channel>
    <channel update="i" site="kava.ee" site_id="tv3-1" xmltv_id="TV3+">TV3+</channel>
    <channel update="i" site="kava.ee" site_id="seitse" xmltv_id="Seitse">Seitse</channel>
    <channel update="i" site="kava.ee" site_id="eesti" xmltv_id="Eesti">Eesti</channel>
    <channel update="i" site="kava.ee" site_id="suomi" xmltv_id="Soome">Soome</channel>
    <channel update="i" site="kava.ee" site_id="yle1" xmltv_id="YLE1">YLE1</channel>
    <channel update="i" site="kava.ee" site_id="yle2" xmltv_id="YLE2">YLE2</channel>
    <channel update="i" site="kava.ee" site_id="mtv3" xmltv_id="MTV3">MTV3</channel>
    <channel update="i" site="kava.ee" site_id="nelonen" xmltv_id="Nelonen">Nelonen</channel>
    <channel update="i" site="kava.ee" site_id="tv7" xmltv_id="TV7">TV7</channel>
    <channel update="i" site="kava.ee" site_id="vene" xmltv_id="Vene">Vene</channel>
    <channel update="i" site="kava.ee" site_id="ntv-mir-est" xmltv_id="НТВ-Мир EST">НТВ-Мир EST</channel>
    <channel update="i" site="kava.ee" site_id="rentv-baltic" xmltv_id="RenTV Baltic">RenTV Baltic</channel>
    <channel update="i" site="kava.ee" site_id="ntv-mir" xmltv_id="НТВ-Мир">НТВ-Мир</channel>
    <channel update="i" site="kava.ee" site_id="rtr-planeta-baltiya" xmltv_id="РТР Планета Балтия">РТР Планета Балтия</channel>
    <channel update="i" site="kava.ee" site_id="rtr-planeta" xmltv_id="РТР Планета">РТР Планета</channel>
    <channel update="i" site="kava.ee" site_id="tvn" xmltv_id="TVN">TVN</channel>
    <channel update="i" site="kava.ee" site_id="sts-baltiya" xmltv_id="СТС Балтия">СТС Балтия</channel>
    <channel update="i" site="kava.ee" site_id="rtv-international" xmltv_id="РТВ International">РТВ International</channel>
    <channel update="i" site="kava.ee" site_id="okhota-i-rybalka" xmltv_id="Охота и рыбалка">Охота и рыбалка</channel>
    <channel update="i" site="kava.ee" site_id="zdorovoe-tv" xmltv_id="Здоровое ТВ">Здоровое ТВ</channel>
    <channel update="i" site="kava.ee" site_id="match-futbol-1" xmltv_id="Матч! Футбол 1">Матч! Футбол 1</channel>
    <channel update="i" site="kava.ee" site_id="rossiya-1" xmltv_id="Россия 1">Россия 1</channel>
    <channel update="i" site="kava.ee" site_id="illyuzion" xmltv_id="Иллюзион +">Иллюзион +</channel>
    <channel update="i" site="kava.ee" site_id="zvezda" xmltv_id="Звезда">Звезда</channel>
    <channel update="i" site="kava.ee" site_id="domashnie-zhivotnye" xmltv_id="Домашние животные">Домашние животные</channel>
    <channel update="i" site="kava.ee" site_id="orsent" xmltv_id="Orsent">Orsent</channel>
    <channel update="i" site="kava.ee" site_id="tv1000-kino" xmltv_id="TV1000 Kino">TV1000 Kino</channel>
    <channel update="i" site="kava.ee" site_id="amedia-premium" xmltv_id="Амедиа Премиум">Амедиа Премиум</channel>
    <channel update="i" site="kava.ee" site_id="voprosy-i-otvety" xmltv_id="Вопросы и ответы">Вопросы и ответы</channel>
    <channel update="i" site="kava.ee" site_id="dozhd" xmltv_id="Дождь">Дождь</channel>
    <channel update="i" site="kava.ee" site_id="tvts" xmltv_id="ТВЦ">ТВЦ</channel>
    <channel update="i" site="kava.ee" site_id="sarjad" xmltv_id="Sarjad">Sarjad</channel>
    <channel update="i" site="kava.ee" site_id="bbc-entertainment" xmltv_id="BBC Entertainment">BBC Entertainment</channel>
    <channel update="i" site="kava.ee" site_id="filmid" xmltv_id="Film">Film</channel>
    <channel update="i" site="kava.ee" site_id="tv1000" xmltv_id="TV1000">TV1000</channel>
    <channel update="i" site="kava.ee" site_id="tv1000-premium" xmltv_id="TV1000 Premium">TV1000 Premium</channel>
    <channel update="i" site="kava.ee" site_id="tv1000-action" xmltv_id="TV1000 Action">TV1000 Action</channel>
    <channel update="i" site="kava.ee" site_id="filmzone-1" xmltv_id="FILMZONE">FILMZONE</channel>
    <channel update="i" site="kava.ee" site_id="filmzone" xmltv_id="FILMZONE+">FILMZONE+</channel>
    <channel update="i" site="kava.ee" site_id="tv-21" xmltv_id="TV-21">TV-21</channel>
    <channel update="i" site="kava.ee" site_id="filmbox-art-house" xmltv_id="FilmBox Art House">FilmBox Art House</channel>
    <channel update="i" site="kava.ee" site_id="retro" xmltv_id="Ретро">Ретро</channel>
    <channel update="i" site="kava.ee" site_id="indiya-tv" xmltv_id="Индия ТВ">Индия ТВ</channel>
    <channel update="i" site="kava.ee" site_id="dom-kino" xmltv_id="Дом Кино">Дом Кино</channel>
    <channel update="i" site="kava.ee" site_id="amc" xmltv_id="AMC">AMC</channel>
    <channel update="i" site="kava.ee" site_id="amedia-2" xmltv_id="АМЕДИА 2">АМЕДИА 2</channel>
    <channel update="i" site="kava.ee" site_id="Sport" xmltv_id="Sport">Sport</channel>
    <channel update="i" site="kava.ee" site_id="eurosport-1" xmltv_id="Eurosport 1">Eurosport 1</channel>
    <channel update="i" site="kava.ee" site_id="eurosport-2-bundesliga" xmltv_id="Eurosport 2 (Bundesliga)">Eurosport 2 (Bundesliga)</channel>
    <channel update="i" site="kava.ee" site_id="viasat-sport-baltic" xmltv_id="Viasat Sport Baltic">Viasat Sport Baltic</channel>
    <channel update="i" site="kava.ee" site_id="viasat-motor" xmltv_id="Viasat Motor">Viasat Motor</channel>
    <channel update="i" site="kava.ee" site_id="viasat-golf" xmltv_id="Viasat Golf">Viasat Golf</channel>
    <channel update="i" site="kava.ee" site_id="viasat-hockey" xmltv_id="Viasat Hockey">Viasat Hockey</channel>
    <channel update="i" site="kava.ee" site_id="viasat-sport-east" xmltv_id="VIASAT Sport East">VIASAT Sport East</channel>
    <channel update="i" site="kava.ee" site_id="motorstv" xmltv_id="MotorsTV">MotorsTV</channel>
    <channel update="i" site="kava.ee" site_id="extreme-sports" xmltv_id="Extreme Sports">Extreme Sports</channel>
    <channel update="i" site="kava.ee" site_id="fight-sports-tv" xmltv_id="Fight Sports TV">Fight Sports TV</channel>
    <channel update="i" site="kava.ee" site_id="sport1" xmltv_id="Sport1">Sport1</channel>
    <channel update="i" site="kava.ee" site_id="nautical-channel" xmltv_id="Nautical Channel">Nautical Channel</channel>
    <channel update="i" site="kava.ee" site_id="avto-24" xmltv_id="Авто 24">Авто 24</channel>
    <channel update="i" site="kava.ee" site_id="discovery_1" xmltv_id="Discovery">Discovery</channel>
    <channel update="i" site="kava.ee" site_id="discovery-channel-ce" xmltv_id="Discovery Channel CE">Discovery Channel CE</channel>
    <channel update="i" site="kava.ee" site_id="animal-planet-eu" xmltv_id="Animal Planet EU">Animal Planet EU</channel>
    <channel update="i" site="kava.ee" site_id="animal-planet-hd" xmltv_id="Animal Planet HD">Animal Planet HD</channel>
    <channel update="i" site="kava.ee" site_id="discovery-hd-showcase" xmltv_id="Discovery HD Showcase">Discovery HD Showcase</channel>
    <channel update="i" site="kava.ee" site_id="discovery-id-xtra" xmltv_id="Discovery ID XTRA">Discovery ID XTRA</channel>
    <channel update="i" site="kava.ee" site_id="discovery-science-eu" xmltv_id="Discovery Science EU">Discovery Science EU</channel>
    <channel update="i" site="kava.ee" site_id="discovery-world-eu" xmltv_id="Discovery World EU">Discovery World EU</channel>
    <channel update="i" site="kava.ee" site_id="id-investigation-discovery" xmltv_id="ID Investigation Discovery">ID Investigation Discovery</channel>
    <channel update="i" site="kava.ee" site_id="tlc-pan" xmltv_id="TLC Pan">TLC Pan</channel>
    <channel update="i" site="kava.ee" site_id="dokumentaal" xmltv_id="Dokumentaal">Dokumentaal</channel>
    <channel update="i" site="kava.ee" site_id="national-geographic-baltic" xmltv_id="National Geographic Baltic">National Geographic Baltic</channel>
    <channel update="i" site="kava.ee" site_id="viasat-history" xmltv_id="Viasat History">Viasat History</channel>
    <channel update="i" site="kava.ee" site_id="viasat-explore" xmltv_id="Viasat Explore">Viasat Explore</channel>
    <channel update="i" site="kava.ee" site_id="viasat-nature-east" xmltv_id="VIASAT Nature East">VIASAT Nature East</channel>
    <channel update="i" site="kava.ee" site_id="history-europe" xmltv_id="History Europe">History Europe</channel>
    <channel update="i" site="kava.ee" site_id="travel-channel" xmltv_id="Travel Channel">Travel Channel</channel>
    <channel update="i" site="kava.ee" site_id="national-geographic-channel-hd" xmltv_id="National Geographic Channel HD">National Geographic Channel HD</channel>
    <channel update="i" site="kava.ee" site_id="nat-geo-wild-europe" xmltv_id="Nat Geo Wild Europe">Nat Geo Wild Europe</channel>
    <channel update="i" site="kava.ee" site_id="saksa" xmltv_id="Saksa">Saksa</channel>
    <channel update="i" site="kava.ee" site_id="rtl" xmltv_id="RTL">RTL</channel>
    <channel update="i" site="kava.ee" site_id="super-rtl" xmltv_id="Super RTL">Super RTL</channel>
    <channel update="i" site="kava.ee" site_id="rtl-2" xmltv_id="RTL 2">RTL 2</channel>
    <channel update="i" site="kava.ee" site_id="pro-7" xmltv_id="PRO 7">PRO 7</channel>
    <channel update="i" site="kava.ee" site_id="sat-1" xmltv_id="SAT 1">SAT 1</channel>
    <channel update="i" site="kava.ee" site_id="deutche-welle" xmltv_id="Deutche Welle">Deutche Welle</channel>
    <channel update="i" site="kava.ee" site_id="arte" xmltv_id="Arte">Arte</channel>
    <channel update="i" site="kava.ee" site_id="ard" xmltv_id="ARD">ARD</channel>
    <channel update="i" site="kava.ee" site_id="3sat" xmltv_id="3SAT">3SAT</channel>
    <channel update="i" site="kava.ee" site_id="kika" xmltv_id="KIKA">KIKA</channel>
    <channel update="i" site="kava.ee" site_id="zdf" xmltv_id="ZDF">ZDF</channel>
    <channel update="i" site="kava.ee" site_id="n24" xmltv_id="N24">N24</channel>
    <channel update="i" site="kava.ee" site_id="kabel-eins" xmltv_id="Kabel Eins">Kabel Eins</channel>
    <channel update="i" site="kava.ee" site_id="vox" xmltv_id="VOX">VOX</channel>
    <channel update="i" site="kava.ee" site_id="orf1" xmltv_id="ORF1">ORF1</channel>
    <channel update="i" site="kava.ee" site_id="orf2" xmltv_id="ORF2">ORF2</channel>
    <channel update="i" site="kava.ee" site_id="sixx" xmltv_id="SIXX">SIXX</channel>
    <channel update="i" site="kava.ee" site_id="muusika" xmltv_id="Muusika">Muusika</channel>
    <channel update="i" site="kava.ee" site_id="mtv-music" xmltv_id="MTV Music">MTV Music</channel>
    <channel update="i" site="kava.ee" site_id="vh1-euro-imm" xmltv_id="VH1 Euro IMM">VH1 Euro IMM</channel>
    <channel update="i" site="kava.ee" site_id="mtv-hits" xmltv_id="MTV Hits">MTV Hits</channel>
    <channel update="i" site="kava.ee" site_id="mtv-dance" xmltv_id="MTV Dance">MTV Dance</channel>
    <channel update="i" site="kava.ee" site_id="mezzo" xmltv_id="Mezzo">Mezzo</channel>
    <channel update="i" site="kava.ee" site_id="mtv-europe" xmltv_id="MTV Europe">MTV Europe</channel>
    <channel update="i" site="kava.ee" site_id="mtv-rocks" xmltv_id="MTV Rocks">MTV Rocks</channel>
    <channel update="i" site="kava.ee" site_id="mcm-top" xmltv_id="MCM TOP">MCM TOP</channel>
    <channel update="i" site="kava.ee" site_id="mtv-live-hd" xmltv_id="MTV Live HD">MTV Live HD</channel>
    <channel update="i" site="kava.ee" site_id="trace-urban" xmltv_id="Trace Urban">Trace Urban</channel>
    <channel update="i" site="kava.ee" site_id="viva" xmltv_id="VIVA">VIVA</channel>
    <channel update="i" site="kava.ee" site_id="laste" xmltv_id="Lastele">Lastele</channel>
    <channel update="i" site="kava.ee" site_id="kidzone-tv" xmltv_id="Kidzone TV">Kidzone TV</channel>
    <channel update="i" site="kava.ee" site_id="nick-jr" xmltv_id="Nick Jr">Nick Jr</channel>
    <channel update="i" site="kava.ee" site_id="lolo-tv" xmltv_id="Lolo TV">Lolo TV</channel>
    <channel update="i" site="kava.ee" site_id="cartoon-network-rse" xmltv_id="Cartoon Network RSE">Cartoon Network RSE</channel>
    <channel update="i" site="kava.ee" site_id="nickelodeon-euro" xmltv_id="Nickelodeon EURO">Nickelodeon EURO</channel>
    <channel update="i" site="kava.ee" site_id="disney-channel" xmltv_id="Disney Channel">Disney Channel</channel>
    <channel update="i" site="kava.ee" site_id="disney-junior" xmltv_id="Disney Junior">Disney Junior</channel>
    <channel update="i" site="kava.ee" site_id="disney-xd" xmltv_id="Disney XD">Disney XD</channel>
    <channel update="i" site="kava.ee" site_id="gulli" xmltv_id="Gulli">Gulli</channel>
    <channel update="i" site="kava.ee" site_id="tiji" xmltv_id="TiJi">TiJi</channel>
    <channel update="i" site="kava.ee" site_id="boomerang-baltic-cee" xmltv_id="Boomerang Baltic (CEE)">Boomerang Baltic (CEE)</channel>
    <channel update="i" site="kava.ee" site_id="baby-tv" xmltv_id="Baby TV">Baby TV</channel>
    <channel update="i" site="kava.ee" site_id="detskiy-mir-teleklub" xmltv_id="Детский мир + Телеклуб">Детский мир + Телеклуб</channel>
    <channel update="i" site="kava.ee" site_id="uudised" xmltv_id="Uudised">Uudised</channel>
    <channel update="i" site="kava.ee" site_id="cnn" xmltv_id="CNN">CNN</channel>
    <channel update="i" site="kava.ee" site_id="euronews" xmltv_id="EuroNews">EuroNews</channel>
    <channel update="i" site="kava.ee" site_id="bbc-world" xmltv_id="BBC World">BBC World</channel>
    <channel update="i" site="kava.ee" site_id="tv5monde-europe" xmltv_id="TV5Monde Europe">TV5Monde Europe</channel>
    <channel update="i" site="kava.ee" site_id="al-jazeera" xmltv_id="Al Jazeera">Al Jazeera</channel>
    <channel update="i" site="kava.ee" site_id="arirang-tv" xmltv_id="Arirang TV">Arirang TV</channel>
    <channel update="i" site="kava.ee" site_id="france-24-uk" xmltv_id="France 24 UK">France 24 UK</channel>
    <channel update="i" site="kava.ee" site_id="rossiya-24" xmltv_id="Россия 24">Россия 24</channel>
    <channel update="i" site="kava.ee" site_id="raadio" xmltv_id="raadio">raadio</channel>
    <channel update="i" site="kava.ee" site_id="elmar-raadio" xmltv_id="Elmar raadio">Elmar raadio</channel>
    <channel update="i" site="kava.ee" site_id="klassikaraadio" xmltv_id="Klassikaraadio">Klassikaraadio</channel>
    <channel update="i" site="kava.ee" site_id="kuku-raadio" xmltv_id="Kuku Raadio">Kuku Raadio</channel>
    <channel update="i" site="kava.ee" site_id="raadio2" xmltv_id="Raadio2">Raadio2</channel>
    <channel update="i" site="kava.ee" site_id="vikerraadio" xmltv_id="Vikerraadio">Vikerraadio</channel>
  </channels>
</site>