﻿<?xml version="1.0" encoding="UTF-8"?>
<site generator-info-name="WebGrab+Plus/w MDB &amp; REX Postprocess -- version V1.56.23.1 -- Jan van Straaten" site="hayat.ba">
  <channels>
    <channel update="i" site="hayat.ba" site_id="hayat" xmltv_id="Hayat">Hayat</channel>
    <channel update="i" site="hayat.ba" site_id="plus" xmltv_id="Hayat Plus">Hayat Plus</channel>
    <channel update="i" site="hayat.ba" site_id="music" xmltv_id="Hayat Music">Hayat Music</channel>
    <channel update="i" site="hayat.ba" site_id="folk" xmltv_id="Hayat Folk">Hayat Folk</channel>
    <channel update="i" site="hayat.ba" site_id="hayatovci" xmltv_id="Hayatovci">Hayatovci</channel>
  </channels>
</site>