﻿<?xml version="1.0" encoding="UTF-8"?>
<site generator-info-name="WebGrab+Plus/w MDB &amp; REX Postprocess -- version V2.1.3 -- Jan van Straaten" site="hteronet.ba">
  <channels>
    <channel update="i" site="hteronet.ba" site_id="1/144" xmltv_id="BHT">BHT</channel>
    <channel update="i" site="hteronet.ba" site_id="2/144" xmltv_id="FTV">FTV</channel>
    <channel update="i" site="hteronet.ba" site_id="3/144" xmltv_id="RTRS">RTRS</channel>
    <channel update="i" site="hteronet.ba" site_id="4/144" xmltv_id="HTV 1">HTV 1</channel>
    <channel update="i" site="hteronet.ba" site_id="5/144" xmltv_id="HTV 2">HTV 2</channel>
    <channel update="i" site="hteronet.ba" site_id="6/144" xmltv_id="HRT 3">HRT 3</channel>
    <channel update="i" site="hteronet.ba" site_id="7/144" xmltv_id="HRT 4">HRT 4</channel>
    <channel update="i" site="hteronet.ba" site_id="8/144" xmltv_id="Nova TV">Nova TV</channel>
    <channel update="i" site="hteronet.ba" site_id="9/144" xmltv_id="RTL">RTL</channel>
    <channel update="i" site="hteronet.ba" site_id="10/144" xmltv_id="RTL 2">RTL 2</channel>
    <channel update="i" site="hteronet.ba" site_id="11/144" xmltv_id="RTL Kockica">RTL Kockica</channel>
    <channel update="i" site="hteronet.ba" site_id="12/144" xmltv_id="RTL Living">RTL Living</channel>
    <channel update="i" site="hteronet.ba" site_id="13/144" xmltv_id="Laudato TV">Laudato TV</channel>
    <channel update="i" site="hteronet.ba" site_id="14/144" xmltv_id="Naša TV">Naša TV</channel>
    <channel update="i" site="hteronet.ba" site_id="15/144" xmltv_id="Z1 TV">Z1 TV</channel>
    <channel update="i" site="hteronet.ba" site_id="16/144" xmltv_id="Poljoprivredna TV">Poljoprivredna TV</channel>
    <channel update="i" site="hteronet.ba" site_id="17/144" xmltv_id="Jabuka TV">Jabuka TV</channel>
    <channel update="i" site="hteronet.ba" site_id="18/144" xmltv_id="Mreža TV">Mreža TV</channel>
    <channel update="i" site="hteronet.ba" site_id="19/144" xmltv_id="OBN">OBN</channel>
    <channel update="i" site="hteronet.ba" site_id="20/144" xmltv_id="PINK BH">PINK BH</channel>
    <channel update="i" site="hteronet.ba" site_id="21/144" xmltv_id="ATV">ATV</channel>
    <channel update="i" site="hteronet.ba" site_id="22/144" xmltv_id="Posavina TV">Posavina TV</channel>
    <channel update="i" site="hteronet.ba" site_id="23/144" xmltv_id="OTV Valentino">OTV Valentino</channel>
    <channel update="i" site="hteronet.ba" site_id="24/144" xmltv_id="TV Kiss">TV Kiss</channel>
    <channel update="i" site="hteronet.ba" site_id="25/144" xmltv_id="HTV Oskar C">HTV Oskar C</channel>
    <channel update="i" site="hteronet.ba" site_id="26/144" xmltv_id="City TV">City TV</channel>
    <channel update="i" site="hteronet.ba" site_id="27/144" xmltv_id="ELTA 1">ELTA 1</channel>
    <channel update="i" site="hteronet.ba" site_id="28/144" xmltv_id="TV 1">TV 1</channel>
    <channel update="i" site="hteronet.ba" site_id="29/144" xmltv_id="Hayat">Hayat</channel>
    <channel update="i" site="hteronet.ba" site_id="30/144" xmltv_id="Hayat Plus">Hayat Plus</channel>
    <channel update="i" site="hteronet.ba" site_id="31/144" xmltv_id="BN TV">BN TV</channel>
    <channel update="i" site="hteronet.ba" site_id="32/144" xmltv_id="Face TV">Face TV</channel>
    <channel update="i" site="hteronet.ba" site_id="33/144" xmltv_id="Kanal 6">Kanal 6</channel>
    <channel update="i" site="hteronet.ba" site_id="34/144" xmltv_id="Al Jazeera Balkans">Al Jazeera Balkans</channel>
    <channel update="i" site="hteronet.ba" site_id="35/144" xmltv_id="CNN">CNN</channel>
    <channel update="i" site="hteronet.ba" site_id="36/144" xmltv_id="Russia Today">Russia Today</channel>
    <channel update="i" site="hteronet.ba" site_id="37/144" xmltv_id="RTS">RTS</channel>
    <channel update="i" site="hteronet.ba" site_id="38/144" xmltv_id="RTCG">RTCG</channel>
    <channel update="i" site="hteronet.ba" site_id="39/144" xmltv_id="RTL.de">RTL.de</channel>
    <channel update="i" site="hteronet.ba" site_id="40/144" xmltv_id="Rai Uno">Rai Uno</channel>
    <channel update="i" site="hteronet.ba" site_id="41/144" xmltv_id="HNTV">HNTV</channel>
    <channel update="i" site="hteronet.ba" site_id="42/144" xmltv_id="Sport 1">Sport 1</channel>
    <channel update="i" site="hteronet.ba" site_id="43/144" xmltv_id="Eurosport 1">Eurosport 1</channel>
    <channel update="i" site="hteronet.ba" site_id="44/144" xmltv_id="Eurosport 2">Eurosport 2</channel>
    <channel update="i" site="hteronet.ba" site_id="45/144" xmltv_id="ArenaSport1.hr">ArenaSport1.hr</channel>
    <channel update="i" site="hteronet.ba" site_id="46/144" xmltv_id="ArenaSport1">ArenaSport1</channel>
    <channel update="i" site="hteronet.ba" site_id="47/144" xmltv_id="ArenaSport2">ArenaSport2</channel>
    <channel update="i" site="hteronet.ba" site_id="48/144" xmltv_id="ArenaSport3">ArenaSport3</channel>
    <channel update="i" site="hteronet.ba" site_id="49/144" xmltv_id="ArenaSport4">ArenaSport4</channel>
    <channel update="i" site="hteronet.ba" site_id="50/144" xmltv_id="Fight Network">Fight Network</channel>
    <channel update="i" site="hteronet.ba" site_id="51/144" xmltv_id="Kreator TV">Kreator TV</channel>
    <channel update="i" site="hteronet.ba" site_id="52/144" xmltv_id="Nat Geo">Nat Geo</channel>
    <channel update="i" site="hteronet.ba" site_id="53/144" xmltv_id="Nat Geo Wild">Nat Geo Wild</channel>
    <channel update="i" site="hteronet.ba" site_id="54/144" xmltv_id="Discovery">Discovery</channel>
    <channel update="i" site="hteronet.ba" site_id="55/144" xmltv_id="ID Xtra">ID Xtra</channel>
    <channel update="i" site="hteronet.ba" site_id="56/144" xmltv_id="TLC">TLC</channel>
    <channel update="i" site="hteronet.ba" site_id="57/144" xmltv_id="Animal Planet">Animal Planet</channel>
    <channel update="i" site="hteronet.ba" site_id="58/144" xmltv_id="History Channel">History Channel</channel>
    <channel update="i" site="hteronet.ba" site_id="59/144" xmltv_id="H2">H2</channel>
    <channel update="i" site="hteronet.ba" site_id="60/144" xmltv_id="Da Vinci Learning">Da Vinci Learning</channel>
    <channel update="i" site="hteronet.ba" site_id="61/144" xmltv_id="English Club">English Club</channel>
    <channel update="i" site="hteronet.ba" site_id="62/144" xmltv_id="Klasik TV">Klasik TV</channel>
    <channel update="i" site="hteronet.ba" site_id="63/144" xmltv_id="Kino TV">Kino TV</channel>
    <channel update="i" site="hteronet.ba" site_id="64/144" xmltv_id="HBO">HBO</channel>
    <channel update="i" site="hteronet.ba" site_id="65/144" xmltv_id="HBO 2">HBO 2</channel>
    <channel update="i" site="hteronet.ba" site_id="66/144" xmltv_id="HBO 3">HBO 3</channel>
    <channel update="i" site="hteronet.ba" site_id="67/144" xmltv_id="Cinemax">Cinemax</channel>
    <channel update="i" site="hteronet.ba" site_id="68/144" xmltv_id="Cinemax 2">Cinemax 2</channel>
    <channel update="i" site="hteronet.ba" site_id="69/144" xmltv_id="TV 1000">TV 1000</channel>
    <channel update="i" site="hteronet.ba" site_id="70/144" xmltv_id="Diva">Diva</channel>
    <channel update="i" site="hteronet.ba" site_id="71/144" xmltv_id="FOX">FOX</channel>
    <channel update="i" site="hteronet.ba" site_id="72/144" xmltv_id="FOX Life">FOX Life</channel>
    <channel update="i" site="hteronet.ba" site_id="73/144" xmltv_id="FOX Crime">FOX Crime</channel>
    <channel update="i" site="hteronet.ba" site_id="74/144" xmltv_id="Sci-Fi">Sci-Fi</channel>
    <channel update="i" site="hteronet.ba" site_id="75/144" xmltv_id="Nickelodeon">Nickelodeon</channel>
    <channel update="i" site="hteronet.ba" site_id="76/144" xmltv_id="Nick Jr.">Nick Jr.</channel>
    <channel update="i" site="hteronet.ba" site_id="77/144" xmltv_id="Cartoon Network">Cartoon Network</channel>
    <channel update="i" site="hteronet.ba" site_id="78/144" xmltv_id="Boomerang">Boomerang</channel>
    <channel update="i" site="hteronet.ba" site_id="79/144" xmltv_id="CMC">CMC</channel>
    <channel update="i" site="hteronet.ba" site_id="80/144" xmltv_id="Jugoton TV">Jugoton TV</channel>
    <channel update="i" site="hteronet.ba" site_id="81/144" xmltv_id="VH1 Europe">VH1 Europe</channel>
    <channel update="i" site="hteronet.ba" site_id="82/144" xmltv_id="VH1 Classic">VH1 Classic</channel>
    <channel update="i" site="hteronet.ba" site_id="83/144" xmltv_id="Hayat Music">Hayat Music</channel>
    <channel update="i" site="hteronet.ba" site_id="84/144" xmltv_id="MTV Hits">MTV Hits</channel>
    <channel update="i" site="hteronet.ba" site_id="85/144" xmltv_id="MTV Adria">MTV Adria</channel>
    <channel update="i" site="hteronet.ba" site_id="86/144" xmltv_id="DM Sat">DM Sat</channel>
    <channel update="i" site="hteronet.ba" site_id="87/144" xmltv_id="BN Music">BN Music</channel>
    <channel update="i" site="hteronet.ba" site_id="88/144" xmltv_id="Hayat Folk">Hayat Folk</channel>
    <channel update="i" site="hteronet.ba" site_id="89/144" xmltv_id="Valentino FOLK">Valentino FOLK</channel>
    <channel update="i" site="hteronet.ba" site_id="90/144" xmltv_id="Valentino ETNO">Valentino ETNO</channel>
    <channel update="i" site="hteronet.ba" site_id="91/144" xmltv_id="Travel Channel">Travel Channel</channel>
    <channel update="i" site="hteronet.ba" site_id="92/144" xmltv_id="24Kitchen">24Kitchen</channel>
    <channel update="i" site="hteronet.ba" site_id="93/144" xmltv_id="E! Entertainment">E! Entertainment</channel>
    <channel update="i" site="hteronet.ba" site_id="94/144" xmltv_id="Pink Style">Pink Style</channel>
    <channel update="i" site="hteronet.ba" site_id="95/144" xmltv_id="Dorcel">Dorcel</channel>
    <channel update="i" site="hteronet.ba" site_id="96/144" xmltv_id="Pink Erotic">Pink Erotic</channel>
    <channel update="i" site="hteronet.ba" site_id="97/144" xmltv_id="Pink Erotic 2">Pink Erotic 2</channel>
    <channel update="i" site="hteronet.ba" site_id="98/144" xmltv_id="Pink Erotic 3">Pink Erotic 3</channel>
    <channel update="i" site="hteronet.ba" site_id="99/144" xmltv_id="Pink Erotic 4">Pink Erotic 4</channel>
    <channel update="i" site="hteronet.ba" site_id="100/144" xmltv_id="Pink">Pink</channel>
    <channel update="i" site="hteronet.ba" site_id="101/144" xmltv_id="Pink 2">Pink 2</channel>
    <channel update="i" site="hteronet.ba" site_id="102/144" xmltv_id="Pink 3 Info">Pink 3 Info</channel>
    <channel update="i" site="hteronet.ba" site_id="103/144" xmltv_id="Pink M">Pink M</channel>
    <channel update="i" site="hteronet.ba" site_id="104/144" xmltv_id="Pink Plus">Pink Plus</channel>
    <channel update="i" site="hteronet.ba" site_id="105/144" xmltv_id="Pink Extra">Pink Extra</channel>
    <channel update="i" site="hteronet.ba" site_id="106/144" xmltv_id="Pink Film">Pink Film</channel>
    <channel update="i" site="hteronet.ba" site_id="107/144" xmltv_id="Pink Family">Pink Family</channel>
    <channel update="i" site="hteronet.ba" site_id="108/144" xmltv_id="Pink Movies">Pink Movies</channel>
    <channel update="i" site="hteronet.ba" site_id="109/144" xmltv_id="Pink Romance">Pink Romance</channel>
    <channel update="i" site="hteronet.ba" site_id="110/144" xmltv_id="Pink Sci-Fi &amp; Fantasy">Pink Sci-Fi &amp; Fantasy</channel>
    <channel update="i" site="hteronet.ba" site_id="111/144" xmltv_id="Pink Action">Pink Action</channel>
    <channel update="i" site="hteronet.ba" site_id="112/144" xmltv_id="Pink Thriller">Pink Thriller</channel>
    <channel update="i" site="hteronet.ba" site_id="113/144" xmltv_id="Pink Crime &amp; Mystery">Pink Crime &amp; Mystery</channel>
    <channel update="i" site="hteronet.ba" site_id="114/144" xmltv_id="Pink Premium">Pink Premium</channel>
    <channel update="i" site="hteronet.ba" site_id="115/144" xmltv_id="Pink Horror">Pink Horror</channel>
    <channel update="i" site="hteronet.ba" site_id="116/144" xmltv_id="Pink Comedy">Pink Comedy</channel>
    <channel update="i" site="hteronet.ba" site_id="117/144" xmltv_id="Pink Classic">Pink Classic</channel>
    <channel update="i" site="hteronet.ba" site_id="118/144" xmltv_id="Pink Western">Pink Western</channel>
    <channel update="i" site="hteronet.ba" site_id="119/144" xmltv_id="Pink Soap">Pink Soap</channel>
    <channel update="i" site="hteronet.ba" site_id="120/144" xmltv_id="Pink Serije">Pink Serije</channel>
    <channel update="i" site="hteronet.ba" site_id="121/144" xmltv_id="Pink World Cinema">Pink World Cinema</channel>
    <channel update="i" site="hteronet.ba" site_id="122/144" xmltv_id="Bravo Music">Bravo Music</channel>
    <channel update="i" site="hteronet.ba" site_id="123/144" xmltv_id="Pink Music">Pink Music</channel>
    <channel update="i" site="hteronet.ba" site_id="124/144" xmltv_id="Pink Music 2">Pink Music 2</channel>
    <channel update="i" site="hteronet.ba" site_id="125/144" xmltv_id="Pink Hits 2">Pink Hits 2</channel>
    <channel update="i" site="hteronet.ba" site_id="126/144" xmltv_id="Pink Hits">Pink Hits</channel>
    <channel update="i" site="hteronet.ba" site_id="127/144" xmltv_id="Pink Parada">Pink Parada</channel>
    <channel update="i" site="hteronet.ba" site_id="128/144" xmltv_id="Pink Koncert">Pink Koncert</channel>
    <channel update="i" site="hteronet.ba" site_id="129/144" xmltv_id="Pink &amp; Roll">Pink &amp; Roll</channel>
    <channel update="i" site="hteronet.ba" site_id="130/144" xmltv_id="Pink Folk">Pink Folk</channel>
    <channel update="i" site="hteronet.ba" site_id="131/144" xmltv_id="Pink Folk 2">Pink Folk 2</channel>
    <channel update="i" site="hteronet.ba" site_id="132/144" xmltv_id="Pink Show">Pink Show</channel>
    <channel update="i" site="hteronet.ba" site_id="133/144" xmltv_id="Pink Reality">Pink Reality</channel>
    <channel update="i" site="hteronet.ba" site_id="134/144" xmltv_id="Pink Zabava">Pink Zabava</channel>
    <channel update="i" site="hteronet.ba" site_id="135/144" xmltv_id="Pink Fashion">Pink Fashion</channel>
    <channel update="i" site="hteronet.ba" site_id="136/144" xmltv_id="Pink World">Pink World</channel>
    <channel update="i" site="hteronet.ba" site_id="137/144" xmltv_id="Pink Kids">Pink Kids</channel>
    <channel update="i" site="hteronet.ba" site_id="138/144" xmltv_id="Pink Super Kids">Pink Super Kids</channel>
    <channel update="i" site="hteronet.ba" site_id="139/144" xmltv_id="Pink Pedia">Pink Pedia</channel>
    <channel update="i" site="hteronet.ba" site_id="140/144" xmltv_id="Pink Kuvar">Pink Kuvar</channel>
    <channel update="i" site="hteronet.ba" site_id="141/144" xmltv_id="Arena Sport 1 HD">Arena Sport 1 HD</channel>
    <channel update="i" site="hteronet.ba" site_id="142/144" xmltv_id="Arena Sport 2 HD">Arena Sport 2 HD</channel>
    <channel update="i" site="hteronet.ba" site_id="143/144" xmltv_id="Arena Sport 3 HD">Arena Sport 3 HD</channel>
    <channel update="i" site="hteronet.ba" site_id="144/144" xmltv_id="Arena Sport 4 HD">Arena Sport 4 HD</channel>
  </channels>
</site>