﻿<?xml version="1.0" encoding="UTF-8"?>
<site generator-info-name="WebGrab+Plus/w MDB &amp; REX Postprocess -- version V1.56.28 -- Jan van Straaten" site="mojtv.net">
  <channels>
    <channel update="i" site="mojtv.net" site_id="435/24kitchen" xmltv_id="24Kitchen">24Kitchen</channel>
    <channel update="i" site="mojtv.net" site_id="97/3sat" xmltv_id="3SAT">3SAT</channel>
    <channel update="i" site="mojtv.net" site_id="131/adult-channel" xmltv_id="Adult Channel">Adult Channel</channel>
    <channel update="i" site="mojtv.net" site_id="270/al-jazeera-balkans" xmltv_id="Al Jazeera Balkans">Al Jazeera Balkans</channel>
    <channel update="i" site="mojtv.net" site_id="271/al-jazeera-int" xmltv_id="Al Jazeera Int">Al Jazeera Int</channel>
    <channel update="i" site="mojtv.net" site_id="437/amc" xmltv_id="AMC">AMC</channel>
    <channel update="i" site="mojtv.net" site_id="489/animal-planet" xmltv_id="Animal Planet">Animal Planet</channel>
    <channel update="i" site="mojtv.net" site_id="58/animal-planet" xmltv_id="Animal Planet">Animal Planet</channel>
    <channel update="i" site="mojtv.net" site_id="349/arena-sport-1" xmltv_id="Arena Sport 1">Arena Sport 1</channel>
    <channel update="i" site="mojtv.net" site_id="350/arena-sport-2" xmltv_id="Arena Sport 2">Arena Sport 2</channel>
    <channel update="i" site="mojtv.net" site_id="351/arena-sport-3" xmltv_id="Arena Sport 3">Arena Sport 3</channel>
    <channel update="i" site="mojtv.net" site_id="352/arena-sport-4" xmltv_id="Arena Sport 4">Arena Sport 4</channel>
    <channel update="i" site="mojtv.net" site_id="398/arena-sport-5" xmltv_id="Arena Sport 5">Arena Sport 5</channel>
    <channel update="i" site="mojtv.net" site_id="126/arte" xmltv_id="Arte">Arte</channel>
    <channel update="i" site="mojtv.net" site_id="157/arte-hd" xmltv_id="Arte HD">Arte HD</channel>
    <channel update="i" site="mojtv.net" site_id="39/atv" xmltv_id="ATV">ATV</channel>
    <channel update="i" site="mojtv.net" site_id="445/axn" xmltv_id="AXN">AXN</channel>
    <channel update="i" site="mojtv.net" site_id="455/axn-spin" xmltv_id="AXN Spin">AXN Spin</channel>
    <channel update="i" site="mojtv.net" site_id="31/b92" xmltv_id="B92">B92</channel>
    <channel update="i" site="mojtv.net" site_id="71/b92-info" xmltv_id="B92 Info">B92 Info</channel>
    <channel update="i" site="mojtv.net" site_id="167/baby-tv" xmltv_id="Baby TV">Baby TV</channel>
    <channel update="i" site="mojtv.net" site_id="44/bbc-entertainment" xmltv_id="BBC Entertainment">BBC Entertainment</channel>
    <channel update="i" site="mojtv.net" site_id="266/bbc-world" xmltv_id="BBC World">BBC World</channel>
    <channel update="i" site="mojtv.net" site_id="24/bht1" xmltv_id="BHT1">BHT1</channel>
    <channel update="i" site="mojtv.net" site_id="80/bloomberg" xmltv_id="Bloomberg">Bloomberg</channel>
    <channel update="i" site="mojtv.net" site_id="129/blue-hustler" xmltv_id="Blue Hustler">Blue Hustler</channel>
    <channel update="i" site="mojtv.net" site_id="283/bn-sat" xmltv_id="BN SAT">BN SAT</channel>
    <channel update="i" site="mojtv.net" site_id="263/bn-televizija" xmltv_id="BN Televizija">BN Televizija</channel>
    <channel update="i" site="mojtv.net" site_id="149/body-in-balance" xmltv_id="Body in balance">Body in balance</channel>
    <channel update="i" site="mojtv.net" site_id="54/boomerang" xmltv_id="Boomerang">Boomerang</channel>
    <channel update="i" site="mojtv.net" site_id="476/brava-hd" xmltv_id="Brava HD">Brava HD</channel>
    <channel update="i" site="mojtv.net" site_id="130/brazzers-tv" xmltv_id="Brazzers TV">Brazzers TV</channel>
    <channel update="i" site="mojtv.net" site_id="220/brio" xmltv_id="Brio">Brio</channel>
    <channel update="i" site="mojtv.net" site_id="454/cai" xmltv_id="CAI">CAI</channel>
    <channel update="i" site="mojtv.net" site_id="163/canale-5" xmltv_id="Canale 5">Canale 5</channel>
    <channel update="i" site="mojtv.net" site_id="248/cartoon-network-rse" xmltv_id="Cartoon Network RSE">Cartoon Network RSE</channel>
    <channel update="i" site="mojtv.net" site_id="450/cbs-drama" xmltv_id="CBS Drama">CBS Drama</channel>
    <channel update="i" site="mojtv.net" site_id="451/cbs-reality" xmltv_id="CBS Reality">CBS Reality</channel>
    <channel update="i" site="mojtv.net" site_id="268/cctv" xmltv_id="CCTV">CCTV</channel>
    <channel update="i" site="mojtv.net" site_id="358/cinema-tv" xmltv_id="Cinema TV">Cinema TV</channel>
    <channel update="i" site="mojtv.net" site_id="30/cinemania" xmltv_id="Cinemania">Cinemania</channel>
    <channel update="i" site="mojtv.net" site_id="368/cinemax" xmltv_id="Cinemax">Cinemax</channel>
    <channel update="i" site="mojtv.net" site_id="369/cinemax-2" xmltv_id="Cinemax 2">Cinemax 2</channel>
    <channel update="i" site="mojtv.net" site_id="372/cinestar-action--thriller" xmltv_id="Cinestar Action &amp; Thriller">Cinestar Action &amp; Thriller</channel>
    <channel update="i" site="mojtv.net" site_id="373/cinestar-premiere-1" xmltv_id="Cinestar Premiere 1">Cinestar Premiere 1</channel>
    <channel update="i" site="mojtv.net" site_id="374/cinestar-premiere-2" xmltv_id="Cinestar Premiere 2">Cinestar Premiere 2</channel>
    <channel update="i" site="mojtv.net" site_id="371/cinestar-tv" xmltv_id="Cinestar TV">Cinestar TV</channel>
    <channel update="i" site="mojtv.net" site_id="474/classica-hd" xmltv_id="Classica HD">Classica HD</channel>
    <channel update="i" site="mojtv.net" site_id="135/cmusic" xmltv_id="C-Music">C-Music</channel>
    <channel update="i" site="mojtv.net" site_id="79/cnbc" xmltv_id="CNBC">CNBC</channel>
    <channel update="i" site="mojtv.net" site_id="323/comedy-central-extra" xmltv_id="Comedy Central Extra">Comedy Central Extra</channel>
    <channel update="i" site="mojtv.net" site_id="485/da-vinci-learning" xmltv_id="Da Vinci Learning">Da Vinci Learning</channel>
    <channel update="i" site="mojtv.net" site_id="269/da-vinci-learning" xmltv_id="Da Vinci Learning">Da Vinci Learning</channel>
    <channel update="i" site="mojtv.net" site_id="305/dance-trippin" xmltv_id="Dance Trippin">Dance Trippin</channel>
    <channel update="i" site="mojtv.net" site_id="226/daring-tv" xmltv_id="Daring! TV">Daring! TV</channel>
    <channel update="i" site="mojtv.net" site_id="150/das-erste" xmltv_id="Das Erste">Das Erste</channel>
    <channel update="i" site="mojtv.net" site_id="170/das-erste-hd" xmltv_id="Das Erste HD">Das Erste HD</channel>
    <channel update="i" site="mojtv.net" site_id="288/deutsche-welle" xmltv_id="Deutsche Welle">Deutsche Welle</channel>
    <channel update="i" site="mojtv.net" site_id="488/discovery-channel" xmltv_id="Discovery Channel">Discovery Channel</channel>
    <channel update="i" site="mojtv.net" site_id="57/discovery-channel" xmltv_id="Discovery Channel">Discovery Channel</channel>
    <channel update="i" site="mojtv.net" site_id="59/discovery-science" xmltv_id="Discovery Science">Discovery Science</channel>
    <channel update="i" site="mojtv.net" site_id="60/discovery-world" xmltv_id="Discovery World">Discovery World</channel>
    <channel update="i" site="mojtv.net" site_id="297/disney-channel" xmltv_id="Disney Channel">Disney Channel</channel>
    <channel update="i" site="mojtv.net" site_id="298/disney-junior" xmltv_id="Disney Junior">Disney Junior</channel>
    <channel update="i" site="mojtv.net" site_id="316/disney-xd" xmltv_id="Disney XD">Disney XD</channel>
    <channel update="i" site="mojtv.net" site_id="475/djazztv" xmltv_id="DJazz.tv">DJazz.tv</channel>
    <channel update="i" site="mojtv.net" site_id="249/dm-sat" xmltv_id="DM Sat">DM Sat</channel>
    <channel update="i" site="mojtv.net" site_id="185/doma-tv" xmltv_id="Doma TV">Doma TV</channel>
    <channel update="i" site="mojtv.net" site_id="259/dorcel-tv" xmltv_id="Dorcel TV">Dorcel TV</channel>
    <channel update="i" site="mojtv.net" site_id="144/duck-tv" xmltv_id="Duck TV">Duck TV</channel>
    <channel update="i" site="mojtv.net" site_id="482/dusk" xmltv_id="Dusk">Dusk</channel>
    <channel update="i" site="mojtv.net" site_id="82/e-entertainment" xmltv_id="E! Entertainment">E! Entertainment</channel>
    <channel update="i" site="mojtv.net" site_id="78/euronews" xmltv_id="Euronews">Euronews</channel>
    <channel update="i" site="mojtv.net" site_id="50/eurosport" xmltv_id="Eurosport">Eurosport</channel>
    <channel update="i" site="mojtv.net" site_id="493/eurosport-1" xmltv_id="Eurosport 1">Eurosport 1</channel>
    <channel update="i" site="mojtv.net" site_id="494/eurosport-2" xmltv_id="Eurosport 2">Eurosport 2</channel>
    <channel update="i" site="mojtv.net" site_id="51/eurosport-2" xmltv_id="Eurosport 2">Eurosport 2</channel>
    <channel update="i" site="mojtv.net" site_id="188/eurosport-hd" xmltv_id="Eurosport HD">Eurosport HD</channel>
    <channel update="i" site="mojtv.net" site_id="169/eurosportnews" xmltv_id="Eurosportnews">Eurosportnews</channel>
    <channel update="i" site="mojtv.net" site_id="66/extreme-sports" xmltv_id="Extreme Sports">Extreme Sports</channel>
    <channel update="i" site="mojtv.net" site_id="81/fashion-tv" xmltv_id="Fashion Tv">Fashion Tv</channel>
    <channel update="i" site="mojtv.net" site_id="280/fight-channel" xmltv_id="Fight Channel">Fight Channel</channel>
    <channel update="i" site="mojtv.net" site_id="468/fight-network" xmltv_id="Fight Network">Fight Network</channel>
    <channel update="i" site="mojtv.net" site_id="318/fine-living-network" xmltv_id="Fine Living Network">Fine Living Network</channel>
    <channel update="i" site="mojtv.net" site_id="284/fishing-and-hunting" xmltv_id="Fishing And Hunting">Fishing And Hunting</channel>
    <channel update="i" site="mojtv.net" site_id="265/food-network" xmltv_id="Food Network">Food Network</channel>
    <channel update="i" site="mojtv.net" site_id="404/fox" xmltv_id="Fox">Fox</channel>
    <channel update="i" site="mojtv.net" site_id="397/fox-crime" xmltv_id="Fox Crime">Fox Crime</channel>
    <channel update="i" site="mojtv.net" site_id="396/fox-life" xmltv_id="Fox Life">Fox Life</channel>
    <channel update="i" site="mojtv.net" site_id="403/fox-movies" xmltv_id="Fox Movies">Fox Movies</channel>
    <channel update="i" site="mojtv.net" site_id="334/fox-news" xmltv_id="Fox News">Fox News</channel>
    <channel update="i" site="mojtv.net" site_id="272/france-24" xmltv_id="France 24">France 24</channel>
    <channel update="i" site="mojtv.net" site_id="25/ftv" xmltv_id="FTV">FTV</channel>
    <channel update="i" site="mojtv.net" site_id="359/fuel-tv" xmltv_id="Fuel TV">Fuel TV</channel>
    <channel update="i" site="mojtv.net" site_id="311/ginx" xmltv_id="GINX">GINX</channel>
    <channel update="i" site="mojtv.net" site_id="456/grand-tv" xmltv_id="Grand TV">Grand TV</channel>
    <channel update="i" site="mojtv.net" site_id="472/h2" xmltv_id="H2">H2</channel>
    <channel update="i" site="mojtv.net" site_id="278/happy-tv" xmltv_id="Happy TV">Happy TV</channel>
    <channel update="i" site="mojtv.net" site_id="35/hayat-tv" xmltv_id="Hayat TV">Hayat TV</channel>
    <channel update="i" site="mojtv.net" site_id="366/hbo" xmltv_id="HBO">HBO</channel>
    <channel update="i" site="mojtv.net" site_id="367/hbo2" xmltv_id="HBO2">HBO2</channel>
    <channel update="i" site="mojtv.net" site_id="515/hbo3" xmltv_id="HBO3">HBO3</channel>
    <channel update="i" site="mojtv.net" site_id="442/history-channel" xmltv_id="History Channel">History Channel</channel>
    <channel update="i" site="mojtv.net" site_id="382/horror-channel" xmltv_id="Horror Channel">Horror Channel</channel>
    <channel update="i" site="mojtv.net" site_id="341/htv-4" xmltv_id="HTV 4">HTV 4</channel>
    <channel update="i" site="mojtv.net" site_id="1/htv1" xmltv_id="HTV1">HTV1</channel>
    <channel update="i" site="mojtv.net" site_id="2/htv2" xmltv_id="HTV2">HTV2</channel>
    <channel update="i" site="mojtv.net" site_id="310/htv3" xmltv_id="HTV3">HTV3</channel>
    <channel update="i" site="mojtv.net" site_id="128/hustler" xmltv_id="Hustler">Hustler</channel>
    <channel update="i" site="mojtv.net" site_id="490/idx" xmltv_id="IDX">IDX</channel>
    <channel update="i" site="mojtv.net" site_id="256/investigation-discovery" xmltv_id="Investigation Discovery">Investigation Discovery</channel>
    <channel update="i" site="mojtv.net" site_id="162/italia-1" xmltv_id="Italia 1">Italia 1</channel>
    <channel update="i" site="mojtv.net" site_id="154/jimjam" xmltv_id="JimJam">JimJam</channel>
    <channel update="i" site="mojtv.net" site_id="18/kanal-a" xmltv_id="Kanal A">Kanal A</channel>
    <channel update="i" site="mojtv.net" site_id="381/kanal6hd" xmltv_id="Kanal6HD">Kanal6HD</channel>
    <channel update="i" site="mojtv.net" site_id="301/kcn-kopernikus" xmltv_id="KCN Kopernikus">KCN Kopernikus</channel>
    <channel update="i" site="mojtv.net" site_id="302/kcn-music" xmltv_id="KCN Music">KCN Music</channel>
    <channel update="i" site="mojtv.net" site_id="303/kcn-svet-" xmltv_id="KCN Svet +">KCN Svet +</channel>
    <channel update="i" site="mojtv.net" site_id="478/kerrang" xmltv_id="Kerrang">Kerrang</channel>
    <channel update="i" site="mojtv.net" site_id="99/kika" xmltv_id="KIKA">KIKA</channel>
    <channel update="i" site="mojtv.net" site_id="273/kino" xmltv_id="Kino">Kino</channel>
    <channel update="i" site="mojtv.net" site_id="479/kiss" xmltv_id="Kiss">Kiss</channel>
    <channel update="i" site="mojtv.net" site_id="184/klasik-tv" xmltv_id="Klasik TV">Klasik TV</channel>
    <channel update="i" site="mojtv.net" site_id="409/lov-i-ribolov" xmltv_id="Lov i ribolov">Lov i ribolov</channel>
    <channel update="i" site="mojtv.net" site_id="289/luxetv" xmltv_id="Luxe.TV">Luxe.TV</channel>
    <channel update="i" site="mojtv.net" site_id="480/magic" xmltv_id="Magic">Magic</channel>
    <channel update="i" site="mojtv.net" site_id="330/mediaset-italia" xmltv_id="Mediaset Italia">Mediaset Italia</channel>
    <channel update="i" site="mojtv.net" site_id="227/mezzo" xmltv_id="Mezzo">Mezzo</channel>
    <channel update="i" site="mojtv.net" site_id="89/mini-tv" xmltv_id="Mini TV">Mini TV</channel>
    <channel update="i" site="mojtv.net" site_id="449/mini-ultra-tv" xmltv_id="Mini Ultra TV">Mini Ultra TV</channel>
    <channel update="i" site="mojtv.net" site_id="483/minimax" xmltv_id="MiniMax">MiniMax</channel>
    <channel update="i" site="mojtv.net" site_id="7/mrezazg" xmltv_id="MrežaZG">MrežaZG</channel>
    <channel update="i" site="mojtv.net" site_id="165/mtv" xmltv_id="MTV">MTV</channel>
    <channel update="i" site="mojtv.net" site_id="447/mtv-adria" xmltv_id="MTV Adria">MTV Adria</channel>
    <channel update="i" site="mojtv.net" site_id="45/mtv-base" xmltv_id="MTV Base">MTV Base</channel>
    <channel update="i" site="mojtv.net" site_id="329/mtv-classic" xmltv_id="MTV Classic">MTV Classic</channel>
    <channel update="i" site="mojtv.net" site_id="121/mtv-dance" xmltv_id="MTV Dance">MTV Dance</channel>
    <channel update="i" site="mojtv.net" site_id="46/mtv-hits" xmltv_id="MTV Hits">MTV Hits</channel>
    <channel update="i" site="mojtv.net" site_id="324/mtv-live-hd" xmltv_id="MTV Live HD">MTV Live HD</channel>
    <channel update="i" site="mojtv.net" site_id="267/mtv-music" xmltv_id="MTV Music">MTV Music</channel>
    <channel update="i" site="mojtv.net" site_id="127/mtv-rocks" xmltv_id="MTV Rocks">MTV Rocks</channel>
    <channel update="i" site="mojtv.net" site_id="134/myzentv" xmltv_id="MyZen.tv">MyZen.tv</channel>
    <channel update="i" site="mojtv.net" site_id="77/n1" xmltv_id="N1">N1</channel>
    <channel update="i" site="mojtv.net" site_id="492/n1" xmltv_id="N1">N1</channel>
    <channel update="i" site="mojtv.net" site_id="258/n24" xmltv_id="N24">N24</channel>
    <channel update="i" site="mojtv.net" site_id="120/natgeo-wild" xmltv_id="NatGeo Wild">NatGeo Wild</channel>
    <channel update="i" site="mojtv.net" site_id="377/national-geographic" xmltv_id="National Geographic">National Geographic</channel>
    <channel update="i" site="mojtv.net" site_id="315/nick-jr" xmltv_id="Nick JR">Nick JR</channel>
    <channel update="i" site="mojtv.net" site_id="491/nickelodeon" xmltv_id="Nickelodeon">Nickelodeon</channel>
    <channel update="i" site="mojtv.net" site_id="88/nickelodeon" xmltv_id="Nickelodeon">Nickelodeon</channel>
    <channel update="i" site="mojtv.net" site_id="314/nickelodeon-hd" xmltv_id="Nickelodeon HD">Nickelodeon HD</channel>
    <channel update="i" site="mojtv.net" site_id="3/nova-tv" xmltv_id="NOVA TV">NOVA TV</channel>
    <channel update="i" site="mojtv.net" site_id="484/novars" xmltv_id="Nova.RS">Nova.RS</channel>
    <channel update="i" site="mojtv.net" site_id="26/obn" xmltv_id="OBN">OBN</channel>
    <channel update="i" site="mojtv.net" site_id="90/orf1" xmltv_id="ORF1">ORF1</channel>
    <channel update="i" site="mojtv.net" site_id="91/orf2" xmltv_id="ORF2">ORF2</channel>
    <channel update="i" site="mojtv.net" site_id="276/oto" xmltv_id="Oto">Oto</channel>
    <channel update="i" site="mojtv.net" site_id="27/pink" xmltv_id="PINK">PINK</channel>
    <channel update="i" site="mojtv.net" site_id="391/pink-2" xmltv_id="Pink 2">Pink 2</channel>
    <channel update="i" site="mojtv.net" site_id="405/pink-3-info" xmltv_id="PINK 3 INFO">PINK 3 INFO</channel>
    <channel update="i" site="mojtv.net" site_id="421/pink-action" xmltv_id="Pink Action">Pink Action</channel>
    <channel update="i" site="mojtv.net" site_id="28/pink-bh" xmltv_id="PINK BH">PINK BH</channel>
    <channel update="i" site="mojtv.net" site_id="433/pink-classic" xmltv_id="Pink Classic">Pink Classic</channel>
    <channel update="i" site="mojtv.net" site_id="425/pink-comedy" xmltv_id="Pink Comedy">Pink Comedy</channel>
    <channel update="i" site="mojtv.net" site_id="423/pink-crime--mystery" xmltv_id="PINK Crime &amp; Mystery">PINK Crime &amp; Mystery</channel>
    <channel update="i" site="mojtv.net" site_id="428/pink-erotic" xmltv_id="Pink Erotic">Pink Erotic</channel>
    <channel update="i" site="mojtv.net" site_id="429/pink-erotic-2" xmltv_id="Pink Erotic 2">Pink Erotic 2</channel>
    <channel update="i" site="mojtv.net" site_id="430/pink-erotic-3" xmltv_id="Pink Erotic 3">Pink Erotic 3</channel>
    <channel update="i" site="mojtv.net" site_id="431/pink-erotic-4" xmltv_id="Pink Erotic 4">Pink Erotic 4</channel>
    <channel update="i" site="mojtv.net" site_id="461/pink-erotic-5" xmltv_id="Pink Erotic 5">Pink Erotic 5</channel>
    <channel update="i" site="mojtv.net" site_id="462/pink-erotic-6" xmltv_id="Pink Erotic 6">Pink Erotic 6</channel>
    <channel update="i" site="mojtv.net" site_id="463/pink-erotic-7" xmltv_id="Pink Erotic 7">Pink Erotic 7</channel>
    <channel update="i" site="mojtv.net" site_id="464/pink-erotic-8" xmltv_id="Pink Erotic 8">Pink Erotic 8</channel>
    <channel update="i" site="mojtv.net" site_id="410/pink-extra" xmltv_id="Pink Extra">Pink Extra</channel>
    <channel update="i" site="mojtv.net" site_id="416/pink-family" xmltv_id="Pink Family">Pink Family</channel>
    <channel update="i" site="mojtv.net" site_id="414/pink-fashion" xmltv_id="Pink Fashion">Pink Fashion</channel>
    <channel update="i" site="mojtv.net" site_id="417/pink-film" xmltv_id="Pink Film">Pink Film</channel>
    <channel update="i" site="mojtv.net" site_id="427/pink-horror" xmltv_id="Pink Horror">Pink Horror</channel>
    <channel update="i" site="mojtv.net" site_id="411/pink-kids" xmltv_id="Pink Kids">Pink Kids</channel>
    <channel update="i" site="mojtv.net" site_id="467/pink-kuvar" xmltv_id="Pink Kuvar">Pink Kuvar</channel>
    <channel update="i" site="mojtv.net" site_id="393/pink-m" xmltv_id="Pink M">Pink M</channel>
    <channel update="i" site="mojtv.net" site_id="418/pink-movies" xmltv_id="Pink Movies">Pink Movies</channel>
    <channel update="i" site="mojtv.net" site_id="523/pink-parada" xmltv_id="Pink Parada">Pink Parada</channel>
    <channel update="i" site="mojtv.net" site_id="426/pink-pedia" xmltv_id="Pink Pedia">Pink Pedia</channel>
    <channel update="i" site="mojtv.net" site_id="29/pink-plus" xmltv_id="PINK Plus">PINK Plus</channel>
    <channel update="i" site="mojtv.net" site_id="415/pink-premium" xmltv_id="Pink Premium">Pink Premium</channel>
    <channel update="i" site="mojtv.net" site_id="412/pink-reality" xmltv_id="Pink Reality">Pink Reality</channel>
    <channel update="i" site="mojtv.net" site_id="419/pink-romance" xmltv_id="PINK Romance">PINK Romance</channel>
    <channel update="i" site="mojtv.net" site_id="420/pink-scfi--fantasy" xmltv_id="PINK SC-FI &amp; Fantasy">PINK SC-FI &amp; Fantasy</channel>
    <channel update="i" site="mojtv.net" site_id="465/pink-serije" xmltv_id="Pink Serije">Pink Serije</channel>
    <channel update="i" site="mojtv.net" site_id="466/pink-show" xmltv_id="Pink Show">Pink Show</channel>
    <channel update="i" site="mojtv.net" site_id="424/pink-soap" xmltv_id="Pink Soap">Pink Soap</channel>
    <channel update="i" site="mojtv.net" site_id="434/pink-style" xmltv_id="Pink Style">Pink Style</channel>
    <channel update="i" site="mojtv.net" site_id="469/pink-super-kids" xmltv_id="Pink Super Kids">Pink Super Kids</channel>
    <channel update="i" site="mojtv.net" site_id="422/pink-thriller" xmltv_id="PINK Thriller">PINK Thriller</channel>
    <channel update="i" site="mojtv.net" site_id="432/pink-western" xmltv_id="Pink Western">Pink Western</channel>
    <channel update="i" site="mojtv.net" site_id="470/pink-world-cinema" xmltv_id="Pink World Cinema">Pink World Cinema</channel>
    <channel update="i" site="mojtv.net" site_id="413/pink-zabava" xmltv_id="Pink Zabava">Pink Zabava</channel>
    <channel update="i" site="mojtv.net" site_id="132/playboy-tv" xmltv_id="Playboy TV">Playboy TV</channel>
    <channel update="i" site="mojtv.net" site_id="137/player-channel" xmltv_id="Player Channel">Player Channel</channel>
    <channel update="i" site="mojtv.net" site_id="17/pop-tv" xmltv_id="Pop TV">Pop TV</channel>
    <channel update="i" site="mojtv.net" site_id="95/pro7" xmltv_id="PRO7">PRO7</channel>
    <channel update="i" site="mojtv.net" site_id="408/prva-plus" xmltv_id="Prva Plus">Prva Plus</channel>
    <channel update="i" site="mojtv.net" site_id="38/prva-srpska-televizija" xmltv_id="Prva srpska televizija">Prva srpska televizija</channel>
    <channel update="i" site="mojtv.net" site_id="512/prva-tv-crna-gora" xmltv_id="Prva TV Crna Gora">Prva TV Crna Gora</channel>
    <channel update="i" site="mojtv.net" site_id="103/rai-due" xmltv_id="RAI Due">RAI Due</channel>
    <channel update="i" site="mojtv.net" site_id="107/rai-sport" xmltv_id="Rai Sport">Rai Sport</channel>
    <channel update="i" site="mojtv.net" site_id="104/rai-tre" xmltv_id="RAI Tre">RAI Tre</channel>
    <channel update="i" site="mojtv.net" site_id="102/rai-uno" xmltv_id="RAI Uno">RAI Uno</channel>
    <channel update="i" site="mojtv.net" site_id="164/rete-4" xmltv_id="Rete 4">Rete 4</channel>
    <channel update="i" site="mojtv.net" site_id="176/ritv" xmltv_id="RITV">RITV</channel>
    <channel update="i" site="mojtv.net" site_id="299/rtb-tv" xmltv_id="RTB TV">RTB TV</channel>
    <channel update="i" site="mojtv.net" site_id="172/rtcg-sat" xmltv_id="RTCG SAT">RTCG SAT</channel>
    <channel update="i" site="mojtv.net" site_id="173/rtcg1" xmltv_id="RTCG1">RTCG1</channel>
    <channel update="i" site="mojtv.net" site_id="174/rtcg2" xmltv_id="RTCG2">RTCG2</channel>
    <channel update="i" site="mojtv.net" site_id="96/rtl" xmltv_id="RTL">RTL</channel>
    <channel update="i" site="mojtv.net" site_id="4/rtl" xmltv_id="RTL">RTL</channel>
    <channel update="i" site="mojtv.net" site_id="458/rtl-crime" xmltv_id="RTL Crime">RTL Crime</channel>
    <channel update="i" site="mojtv.net" site_id="370/rtl-kockica" xmltv_id="RTL Kockica">RTL Kockica</channel>
    <channel update="i" site="mojtv.net" site_id="459/rtl-living" xmltv_id="RTL Living">RTL Living</channel>
    <channel update="i" site="mojtv.net" site_id="457/rtl-passion" xmltv_id="RTL Passion">RTL Passion</channel>
    <channel update="i" site="mojtv.net" site_id="186/rtl2" xmltv_id="RTL2">RTL2</channel>
    <channel update="i" site="mojtv.net" site_id="36/rtrs" xmltv_id="RTRS">RTRS</channel>
    <channel update="i" site="mojtv.net" site_id="443/rts-digital" xmltv_id="RTS Digital">RTS Digital</channel>
    <channel update="i" site="mojtv.net" site_id="65/rts-sat" xmltv_id="RTS SAT">RTS SAT</channel>
    <channel update="i" site="mojtv.net" site_id="33/rts1" xmltv_id="RTS1">RTS1</channel>
    <channel update="i" site="mojtv.net" site_id="34/rts2" xmltv_id="RTS2">RTS2</channel>
    <channel update="i" site="mojtv.net" site_id="182/rtv-1" xmltv_id="RTV 1">RTV 1</channel>
    <channel update="i" site="mojtv.net" site_id="183/rtv-2" xmltv_id="RTV 2">RTV 2</channel>
    <channel update="i" site="mojtv.net" site_id="175/rtv-atlas" xmltv_id="RTV Atlas">RTV Atlas</channel>
    <channel update="i" site="mojtv.net" site_id="509/rtv-budva" xmltv_id="RTV Budva">RTV Budva</channel>
    <channel update="i" site="mojtv.net" site_id="279/russia-today" xmltv_id="Russia Today">Russia Today</channel>
    <channel update="i" site="mojtv.net" site_id="94/sat1" xmltv_id="SAT1">SAT1</channel>
    <channel update="i" site="mojtv.net" site_id="452/scifi" xmltv_id="Scifi">Scifi</channel>
    <channel update="i" site="mojtv.net" site_id="453/servus-tv" xmltv_id="Servus TV">Servus TV</channel>
    <channel update="i" site="mojtv.net" site_id="240/sk4" xmltv_id="SK4">SK4</channel>
    <channel update="i" site="mojtv.net" site_id="241/sk5" xmltv_id="SK5">SK5</channel>
    <channel update="i" site="mojtv.net" site_id="242/sk6" xmltv_id="SK6">SK6</channel>
    <channel update="i" site="mojtv.net" site_id="261/sky-news" xmltv_id="Sky News">Sky News</channel>
    <channel update="i" site="mojtv.net" site_id="481/smash-hits" xmltv_id="Smash Hits">Smash Hits</channel>
    <channel update="i" site="mojtv.net" site_id="155/smile-of-a-child" xmltv_id="Smile of a Child">Smile of a Child</channel>
    <channel update="i" site="mojtv.net" site_id="406/sos" xmltv_id="SOS">SOS</channel>
    <channel update="i" site="mojtv.net" site_id="236/sponka-arena" xmltv_id="Sponka Arena">Sponka Arena</channel>
    <channel update="i" site="mojtv.net" site_id="235/sponka-tv" xmltv_id="Sponka TV">Sponka TV</channel>
    <channel update="i" site="mojtv.net" site_id="52/sport-1" xmltv_id="Sport 1">Sport 1</channel>
    <channel update="i" site="mojtv.net" site_id="399/sportklub-1" xmltv_id="SportKlub 1">SportKlub 1</channel>
    <channel update="i" site="mojtv.net" site_id="400/sportklub-2" xmltv_id="SportKlub 2">SportKlub 2</channel>
    <channel update="i" site="mojtv.net" site_id="401/sportklub-3" xmltv_id="SportKlub 3">SportKlub 3</channel>
    <channel update="i" site="mojtv.net" site_id="360/sportskool" xmltv_id="Sportskool">Sportskool</channel>
    <channel update="i" site="mojtv.net" site_id="407/studio-b" xmltv_id="Studio B">Studio B</channel>
    <channel update="i" site="mojtv.net" site_id="281/style-network" xmltv_id="Style Network">Style Network</channel>
    <channel update="i" site="mojtv.net" site_id="101/super-rtl" xmltv_id="Super RTL">Super RTL</channel>
    <channel update="i" site="mojtv.net" site_id="125/tcmcartoon" xmltv_id="TCM/Cartoon">TCM/Cartoon</channel>
    <channel update="i" site="mojtv.net" site_id="153/tiji" xmltv_id="Tiji">Tiji</channel>
    <channel update="i" site="mojtv.net" site_id="260/tlc" xmltv_id="TLC">TLC</channel>
    <channel update="i" site="mojtv.net" site_id="487/tlc" xmltv_id="TLC">TLC</channel>
    <channel update="i" site="mojtv.net" site_id="177/top-music" xmltv_id="Top Music">Top Music</channel>
    <channel update="i" site="mojtv.net" site_id="146/trace-urban" xmltv_id="Trace Urban">Trace Urban</channel>
    <channel update="i" site="mojtv.net" site_id="486/travel-channel" xmltv_id="Travel Channel">Travel Channel</channel>
    <channel update="i" site="mojtv.net" site_id="365/travel-channel" xmltv_id="Travel Channel">Travel Channel</channel>
    <channel update="i" site="mojtv.net" site_id="378/tv-1000" xmltv_id="TV 1000">TV 1000</channel>
    <channel update="i" site="mojtv.net" site_id="21/tv-koper" xmltv_id="TV Koper">TV Koper</channel>
    <channel update="i" site="mojtv.net" site_id="22/tv-maribor" xmltv_id="TV Maribor">TV Maribor</channel>
    <channel update="i" site="mojtv.net" site_id="510/tv-niksic" xmltv_id="TV Nikšić">TV Nikšić</channel>
    <channel update="i" site="mojtv.net" site_id="513/tv-pljevlja" xmltv_id="TV Pljevlja">TV Pljevlja</channel>
    <channel update="i" site="mojtv.net" site_id="19/tv-slovenija-1" xmltv_id="TV Slovenija 1">TV Slovenija 1</channel>
    <channel update="i" site="mojtv.net" site_id="20/tv-slovenija-2" xmltv_id="TV Slovenija 2">TV Slovenija 2</channel>
    <channel update="i" site="mojtv.net" site_id="221/tv-slovenija-3" xmltv_id="TV Slovenija 3">TV Slovenija 3</channel>
    <channel update="i" site="mojtv.net" site_id="123/tv-tk-tuzla" xmltv_id="TV TK Tuzla">TV TK Tuzla</channel>
    <channel update="i" site="mojtv.net" site_id="511/tv-vijesti" xmltv_id="TV Vijesti">TV Vijesti</channel>
    <channel update="i" site="mojtv.net" site_id="217/tv1" xmltv_id="TV1">TV1</channel>
    <channel update="i" site="mojtv.net" site_id="23/tv3-medias" xmltv_id="TV3 Medias">TV3 Medias</channel>
    <channel update="i" site="mojtv.net" site_id="448/ultra-tv" xmltv_id="Ultra TV">Ultra TV</channel>
    <channel update="i" site="mojtv.net" site_id="444/universal-channel" xmltv_id="Universal Channel">Universal Channel</channel>
    <channel update="i" site="mojtv.net" site_id="87/vh1" xmltv_id="VH-1">VH-1</channel>
    <channel update="i" site="mojtv.net" site_id="133/vh1-classic" xmltv_id="VH1 Classic">VH1 Classic</channel>
    <channel update="i" site="mojtv.net" site_id="380/viasat-explorer" xmltv_id="Viasat Explorer">Viasat Explorer</channel>
    <channel update="i" site="mojtv.net" site_id="379/viasat-history" xmltv_id="Viasat History">Viasat History</channel>
    <channel update="i" site="mojtv.net" site_id="446/viasat-nature" xmltv_id="Viasat Nature">Viasat Nature</channel>
    <channel update="i" site="mojtv.net" site_id="152/viva" xmltv_id="VIVA">VIVA</channel>
    <channel update="i" site="mojtv.net" site_id="98/vox" xmltv_id="VOX">VOX</channel>
    <channel update="i" site="mojtv.net" site_id="93/zdf" xmltv_id="ZDF">ZDF</channel>
    <channel update="i" site="mojtv.net" site_id="156/zdf-hd" xmltv_id="ZDF HD">ZDF HD</channel>
  </channels>
</site>