﻿<?xml version="1.0" encoding="UTF-8"?>
<site generator-info-name="WebGrab+Plus/w MDB &amp; REX Postprocess -- version V1.56.25 -- Jan van Straaten" site="foxtel.com.au">
  <channels>
    <channel update="i" site="foxtel.com.au" site_id="NIM##region=12352##" xmltv_id="Channel 9 Melbourne">Channel 9 Melbourne</channel>
    <channel update="i" site="foxtel.com.au" site_id="IOI##region=12352##" xmltv_id="TVH!TS">TVH!TS</channel>
    <channel update="i" site="foxtel.com.au" site_id="ABV##region=12352##" xmltv_id="ABC VIC">ABC VIC</channel>
    <channel update="i" site="foxtel.com.au" site_id="UKT##region=12352##" xmltv_id="UKTV">UKTV</channel>
    <channel update="i" site="foxtel.com.au" site_id="SBV##region=12352##" xmltv_id="SBS Melbourne">SBS Melbourne</channel>
    <channel update="i" site="foxtel.com.au" site_id="ARN##region=12352##" xmltv_id="Arena">Arena</channel>
    <channel update="i" site="foxtel.com.au" site_id="LST##region=12352##" xmltv_id="The LifeStyle Channel">The LifeStyle Channel</channel>
    <channel update="i" site="foxtel.com.au" site_id="HSV##region=12352##" xmltv_id="Channel 7 Melbourne">Channel 7 Melbourne</channel>
    <channel update="i" site="foxtel.com.au" site_id="FOX##region=12352##" xmltv_id="FOX8">FOX8</channel>
    <channel update="i" site="foxtel.com.au" site_id="ATV##region=12352##" xmltv_id="Channel 10 Melbourne">Channel 10 Melbourne</channel>
    <channel update="i" site="foxtel.com.au" site_id="HIT##region=12352##" xmltv_id="111 funny">111 funny</channel>
    <channel update="i" site="foxtel.com.au" site_id="HAL##region=12352##" xmltv_id="Universal">Universal</channel>
    <channel update="i" site="foxtel.com.au" site_id="FKC##region=12352##" xmltv_id="FOX Classics">FOX Classics</channel>
    <channel update="i" site="foxtel.com.au" site_id="WCH##region=12352##" xmltv_id="SoHo">SoHo</channel>
    <channel update="i" site="foxtel.com.au" site_id="SHC##region=12352##" xmltv_id="showcase">showcase</channel>
    <channel update="i" site="foxtel.com.au" site_id="BXS##region=12352##" xmltv_id="BoxSets">BoxSets</channel>
    <channel update="i" site="foxtel.com.au" site_id="BSF##region=12352##" xmltv_id="BBC First">BBC First</channel>
    <channel update="i" site="foxtel.com.au" site_id="S13##region=12352##" xmltv_id="13TH STREET">13TH STREET</channel>
    <channel update="i" site="foxtel.com.au" site_id="XFX##region=12352##" xmltv_id="FX">FX</channel>
    <channel update="i" site="foxtel.com.au" site_id="COM##region=12352##" xmltv_id="The Comedy Channel">The Comedy Channel</channel>
    <channel update="i" site="foxtel.com.au" site_id="AES##region=12352##" xmltv_id="A&amp;E">A&amp;E</channel>
    <channel update="i" site="foxtel.com.au" site_id="PSI##region=12352##" xmltv_id="Syfy">Syfy</channel>
    <channel update="i" site="foxtel.com.au" site_id="MTV##region=12352##" xmltv_id="MTV">MTV</channel>
    <channel update="i" site="foxtel.com.au" site_id="ETV##region=12352##" xmltv_id="E! Entertainment">E! Entertainment</channel>
    <channel update="i" site="foxtel.com.au" site_id="TSN##region=12352##" xmltv_id="Style">Style</channel>
    <channel update="i" site="foxtel.com.au" site_id="FOD##region=12352##" xmltv_id="LifeStyle FOOD">LifeStyle FOOD</channel>
    <channel update="i" site="foxtel.com.au" site_id="LHO##region=12352##" xmltv_id="LifeStyle Home">LifeStyle Home</channel>
    <channel update="i" site="foxtel.com.au" site_id="LSY##region=12352##" xmltv_id="LifeStyle YOU">LifeStyle YOU</channel>
    <channel update="i" site="foxtel.com.au" site_id="DTA##region=12352##" xmltv_id="TLC">TLC</channel>
    <channel update="i" site="foxtel.com.au" site_id="SAR##region=12352##" xmltv_id="Arts">Arts</channel>
    <channel update="i" site="foxtel.com.au" site_id="A2V##region=12352##" xmltv_id="ABC2/KIDS VIC">ABC2/KIDS VIC</channel>
    <channel update="i" site="foxtel.com.au" site_id="M72##region=12352##" xmltv_id="7TWO Melbourne">7TWO Melbourne</channel>
    <channel update="i" site="foxtel.com.au" site_id="G9M##region=12352##" xmltv_id="9Go! Melbourne">9Go! Melbourne</channel>
    <channel update="i" site="foxtel.com.au" site_id="TMD##region=12352##" xmltv_id="One">One</channel>
    <channel update="i" site="foxtel.com.au" site_id="TMS##region=12352##" xmltv_id="ELEVEN">ELEVEN</channel>
    <channel update="i" site="foxtel.com.au" site_id="SNV##region=12352##" xmltv_id="SBS 2 VIC">SBS 2 VIC</channel>
    <channel update="i" site="foxtel.com.au" site_id="SFV##region=12352##" xmltv_id="Food Network VIC">Food Network VIC</channel>
    <channel update="i" site="foxtel.com.au" site_id="NVI##region=12352##" xmltv_id="NITV">NITV</channel>
    <channel update="i" site="foxtel.com.au" site_id="IO2##region=12352##" xmltv_id="TVH!TS +2">TVH!TS +2</channel>
    <channel update="i" site="foxtel.com.au" site_id="UK2##region=12352##" xmltv_id="UKTV+2">UKTV+2</channel>
    <channel update="i" site="foxtel.com.au" site_id="AR2##region=12352##" xmltv_id="Arena +2">Arena +2</channel>
    <channel update="i" site="foxtel.com.au" site_id="LS2##region=12352##" xmltv_id="LifeStyle +2">LifeStyle +2</channel>
    <channel update="i" site="foxtel.com.au" site_id="FO2##region=12352##" xmltv_id="FOX8+2">FOX8+2</channel>
    <channel update="i" site="foxtel.com.au" site_id="HI2##region=12352##" xmltv_id="111 funny +2">111 funny +2</channel>
    <channel update="i" site="foxtel.com.au" site_id="UN2##region=12352##" xmltv_id="Universal +2">Universal +2</channel>
    <channel update="i" site="foxtel.com.au" site_id="CL2##region=12352##" xmltv_id="FOX Classics+2">FOX Classics+2</channel>
    <channel update="i" site="foxtel.com.au" site_id="WC2##region=12352##" xmltv_id="SoHo +2">SoHo +2</channel>
    <channel update="i" site="foxtel.com.au" site_id="SW2##region=12352##" xmltv_id="showcase +2">showcase +2</channel>
    <channel update="i" site="foxtel.com.au" site_id="S12##region=12352##" xmltv_id="13th STREET +2">13th STREET +2</channel>
    <channel update="i" site="foxtel.com.au" site_id="FX2##region=12352##" xmltv_id="FX +2">FX +2</channel>
    <channel update="i" site="foxtel.com.au" site_id="CO2##region=12352##" xmltv_id="Comedy Ch +2">Comedy Ch +2</channel>
    <channel update="i" site="foxtel.com.au" site_id="PS2##region=12352##" xmltv_id="Syfy +2">Syfy +2</channel>
    <channel update="i" site="foxtel.com.au" site_id="LF2##region=12352##" xmltv_id="Lifestyle FOOD +2">Lifestyle FOOD +2</channel>
    <channel update="i" site="foxtel.com.au" site_id="LY2##region=12352##" xmltv_id="LifeStyle YOU +2">LifeStyle YOU +2</channel>
    <channel update="i" site="foxtel.com.au" site_id="DT2##region=12352##" xmltv_id="TLC +2">TLC +2</channel>
    <channel update="i" site="foxtel.com.au" site_id="TVS##region=12352##" xmltv_id="TVSN">TVSN</channel>
    <channel update="i" site="foxtel.com.au" site_id="EXP##region=12352##" xmltv_id="EXPO">EXPO</channel>
    <channel update="i" site="foxtel.com.au" site_id="HOP##region=12352##" xmltv_id="YesShop">YesShop</channel>
    <channel update="i" site="foxtel.com.au" site_id="ACC##region=12352##" xmltv_id="ACC">ACC</channel>
    <channel update="i" site="foxtel.com.au" site_id="AUR##region=12352##" xmltv_id="Aurora">Aurora</channel>
    <channel update="i" site="foxtel.com.au" site_id="FLV##region=12352##" xmltv_id="7Flix VIC">7Flix VIC</channel>
    <channel update="i" site="foxtel.com.au" site_id="SMD##region=12352##" xmltv_id="7mate Melbourne">7mate Melbourne</channel>
    <channel update="i" site="foxtel.com.au" site_id="NMD##region=12352##" xmltv_id="9Gem Melbourne">9Gem Melbourne</channel>
    <channel update="i" site="foxtel.com.au" site_id="DAS##region=12352##" xmltv_id="Daystar">Daystar</channel>
    <channel update="i" site="foxtel.com.au" site_id="LM9##region=12352##" xmltv_id="9Life Melbourne">9Life Melbourne</channel>
    <channel update="i" site="foxtel.com.au" site_id="ARD##region=12352##" xmltv_id="Arena HD">Arena HD</channel>
    <channel update="i" site="foxtel.com.au" site_id="LSD##region=12352##" xmltv_id="LifeStyle HD">LifeStyle HD</channel>
    <channel update="i" site="foxtel.com.au" site_id="DSM##region=12352##" xmltv_id="7HD Melbourne">7HD Melbourne</channel>
    <channel update="i" site="foxtel.com.au" site_id="F8D##region=12352##" xmltv_id="FOX8 HD">FOX8 HD</channel>
    <channel update="i" site="foxtel.com.au" site_id="HM9##region=12352##" xmltv_id="9HD Melbourne">9HD Melbourne</channel>
    <channel update="i" site="foxtel.com.au" site_id="AVH##region=12352##" xmltv_id="Channel 10 HD Melbourne">Channel 10 HD Melbourne</channel>
    <channel update="i" site="foxtel.com.au" site_id="UND##region=12352##" xmltv_id="Universal HD">Universal HD</channel>
    <channel update="i" site="foxtel.com.au" site_id="WHD##region=12352##" xmltv_id="SoHo HD">SoHo HD</channel>
    <channel update="i" site="foxtel.com.au" site_id="SCD##region=12352##" xmltv_id="showcase HD">showcase HD</channel>
    <channel update="i" site="foxtel.com.au" site_id="BXD##region=12352##" xmltv_id="BoxSet HD">BoxSet HD</channel>
    <channel update="i" site="foxtel.com.au" site_id="BFF##region=12352##" xmltv_id="BBC First HD">BBC First HD</channel>
    <channel update="i" site="foxtel.com.au" site_id="S3D##region=12352##" xmltv_id="13th Street HD">13th Street HD</channel>
    <channel update="i" site="foxtel.com.au" site_id="XHD##region=12352##" xmltv_id="FX HD">FX HD</channel>
    <channel update="i" site="foxtel.com.au" site_id="AED##region=12352##" xmltv_id="A&amp;E HD">A&amp;E HD</channel>
    <channel update="i" site="foxtel.com.au" site_id="PSD##region=12352##" xmltv_id="Syfy HD">Syfy HD</channel>
    <channel update="i" site="foxtel.com.au" site_id="BMD##region=12352##" xmltv_id="SBS HD">SBS HD</channel>
    <channel update="i" site="foxtel.com.au" site_id="HAR##region=12352##" xmltv_id="Arts HD">Arts HD</channel>
    <channel update="i" site="foxtel.com.au" site_id="SOD##region=12352##" xmltv_id="Premiere HD">Premiere HD</channel>
    <channel update="i" site="foxtel.com.au" site_id="MO5##region=12352##" xmltv_id="Masterpiece HD">Masterpiece HD</channel>
    <channel update="i" site="foxtel.com.au" site_id="FDH##region=12352##" xmltv_id="Disney Movies HD">Disney Movies HD</channel>
    <channel update="i" site="foxtel.com.au" site_id="MO7##region=12352##" xmltv_id="Family HD">Family HD</channel>
    <channel update="i" site="foxtel.com.au" site_id="STN##region=12352##" xmltv_id="Action HD">Action HD</channel>
    <channel update="i" site="foxtel.com.au" site_id="MO1##region=12352##" xmltv_id="Comedy HD">Comedy HD</channel>
    <channel update="i" site="foxtel.com.au" site_id="MO2##region=12352##" xmltv_id="Romance HD">Romance HD</channel>
    <channel update="i" site="foxtel.com.au" site_id="MO3##region=12352##" xmltv_id="Thriller HD">Thriller HD</channel>
    <channel update="i" site="foxtel.com.au" site_id="WDD##region=12352##" xmltv_id="World Movies HD">World Movies HD</channel>
    <channel update="i" site="foxtel.com.au" site_id="FSD##region=12352##" xmltv_id="Fox Sports News HD">Fox Sports News HD</channel>
    <channel update="i" site="foxtel.com.au" site_id="F1D##region=12352##" xmltv_id="Fox Sports 1 HD">Fox Sports 1 HD</channel>
    <channel update="i" site="foxtel.com.au" site_id="F2D##region=12352##" xmltv_id="Fox Sports 2 HD">Fox Sports 2 HD</channel>
    <channel update="i" site="foxtel.com.au" site_id="FHD##region=12352##" xmltv_id="Fox Sports 3 HD">Fox Sports 3 HD</channel>
    <channel update="i" site="foxtel.com.au" site_id="FAD##region=12352##" xmltv_id="Fox Footy HD">Fox Footy HD</channel>
    <channel update="i" site="foxtel.com.au" site_id="F4D##region=12352##" xmltv_id="Fox Sports 4 HD">Fox Sports 4 HD</channel>
    <channel update="i" site="foxtel.com.au" site_id="SPE##region=12352##" xmltv_id="Fox Sports 5 HD">Fox Sports 5 HD</channel>
    <channel update="i" site="foxtel.com.au" site_id="E1D##region=12352##" xmltv_id="ESPN HD">ESPN HD</channel>
    <channel update="i" site="foxtel.com.au" site_id="EHD##region=12352##" xmltv_id="ESPN2 HD">ESPN2 HD</channel>
    <channel update="i" site="foxtel.com.au" site_id="EPD##region=12352##" xmltv_id="Eurosport HD">Eurosport HD</channel>
    <channel update="i" site="foxtel.com.au" site_id="SRH##region=12352##" xmltv_id="SKY Tbred Cent HD">SKY Tbred Cent HD</channel>
    <channel update="i" site="foxtel.com.au" site_id="DHD##region=12352##" xmltv_id="Discovery HD">Discovery HD</channel>
    <channel update="i" site="foxtel.com.au" site_id="NGD##region=12352##" xmltv_id="Nat Geo HD">Nat Geo HD</channel>
    <channel update="i" site="foxtel.com.au" site_id="HSD##region=12352##" xmltv_id="History HD">History HD</channel>
    <channel update="i" site="foxtel.com.au" site_id="BKH##region=12352##" xmltv_id="BBC Knowledge HD">BBC Knowledge HD</channel>
    <channel update="i" site="foxtel.com.au" site_id="NWD##region=12352##" xmltv_id="Nat Geo Wild HD">Nat Geo Wild HD</channel>
    <channel update="i" site="foxtel.com.au" site_id="BE1##region=12352##" xmltv_id="beIN SPORTS 1 HD">beIN SPORTS 1 HD</channel>
    <channel update="i" site="foxtel.com.au" site_id="BE2##region=12352##" xmltv_id="beIN SPORTS 2 HD">beIN SPORTS 2 HD</channel>
    <channel update="i" site="foxtel.com.au" site_id="BE3##region=12352##" xmltv_id="beIN SPORTS 3 HD">beIN SPORTS 3 HD</channel>
    <channel update="i" site="foxtel.com.au" site_id="BID##region=12352##" xmltv_id="Sky Business HD">Sky Business HD</channel>
    <channel update="i" site="foxtel.com.au" site_id="NHD##region=12352##" xmltv_id="SKY News HD">SKY News HD</channel>
    <channel update="i" site="foxtel.com.au" site_id="AHP##region=12352##" xmltv_id="SKY News Election HD">SKY News Election HD</channel>
    <channel update="i" site="foxtel.com.au" site_id="SHO##region=12352##" xmltv_id="Premiere">Premiere</channel>
    <channel update="i" site="foxtel.com.au" site_id="MO6##region=12352##" xmltv_id="Masterpiece">Masterpiece</channel>
    <channel update="i" site="foxtel.com.au" site_id="FDS##region=12352##" xmltv_id="Disney Movies">Disney Movies</channel>
    <channel update="i" site="foxtel.com.au" site_id="SHF##region=12352##" xmltv_id="Family">Family</channel>
    <channel update="i" site="foxtel.com.au" site_id="SHA##region=12352##" xmltv_id="Action">Action</channel>
    <channel update="i" site="foxtel.com.au" site_id="SHY##region=12352##" xmltv_id="Comedy">Comedy</channel>
    <channel update="i" site="foxtel.com.au" site_id="SHD##region=12352##" xmltv_id="Romance">Romance</channel>
    <channel update="i" site="foxtel.com.au" site_id="SHH##region=12352##" xmltv_id="Thriller">Thriller</channel>
    <channel update="i" site="foxtel.com.au" site_id="SH2##region=12352##" xmltv_id="Premiere +2">Premiere +2</channel>
    <channel update="i" site="foxtel.com.au" site_id="MTA##region=12352##" xmltv_id="Action +2">Action +2</channel>
    <channel update="i" site="foxtel.com.au" site_id="MTF##region=12352##" xmltv_id="Family +2">Family +2</channel>
    <channel update="i" site="foxtel.com.au" site_id="FD2##region=12352##" xmltv_id="Disney Mov +2">Disney Mov +2</channel>
    <channel update="i" site="foxtel.com.au" site_id="TCM##region=12352##" xmltv_id="TCM">TCM</channel>
    <channel update="i" site="foxtel.com.au" site_id="WLD##region=12352##" xmltv_id="WORLD MOVIES">WORLD MOVIES</channel>
    <channel update="i" site="foxtel.com.au" site_id="FSN##region=12352##" xmltv_id="Fox Sports News">Fox Sports News</channel>
    <channel update="i" site="foxtel.com.au" site_id="FS1##region=12352##" xmltv_id="Fox Sports 1">Fox Sports 1</channel>
    <channel update="i" site="foxtel.com.au" site_id="SP2##region=12352##" xmltv_id="Fox Sports 2">Fox Sports 2</channel>
    <channel update="i" site="foxtel.com.au" site_id="FS3##region=12352##" xmltv_id="Fox Sports 3">Fox Sports 3</channel>
    <channel update="i" site="foxtel.com.au" site_id="FAF##region=12352##" xmltv_id="Fox Footy">Fox Footy</channel>
    <channel update="i" site="foxtel.com.au" site_id="FSP##region=12352##" xmltv_id="Fox Sports 4">Fox Sports 4</channel>
    <channel update="i" site="foxtel.com.au" site_id="SPS##region=12352##" xmltv_id="Fox Sports 5">Fox Sports 5</channel>
    <channel update="i" site="foxtel.com.au" site_id="ESP##region=12352##" xmltv_id="ESPN">ESPN</channel>
    <channel update="i" site="foxtel.com.au" site_id="ES2##region=12352##" xmltv_id="ESPN2">ESPN2</channel>
    <channel update="i" site="foxtel.com.au" site_id="EPO##region=12352##" xmltv_id="Eurosport">Eurosport</channel>
    <channel update="i" site="foxtel.com.au" site_id="ESN##region=12352##" xmltv_id="Eurosportnews">Eurosportnews</channel>
    <channel update="i" site="foxtel.com.au" site_id="B1E##region=12352##" xmltv_id="beIN SPORTS 1">beIN SPORTS 1</channel>
    <channel update="i" site="foxtel.com.au" site_id="B2E##region=12352##" xmltv_id="beIN SPORTS 2">beIN SPORTS 2</channel>
    <channel update="i" site="foxtel.com.au" site_id="B3E##region=12352##" xmltv_id="beIN SPORTS 3">beIN SPORTS 3</channel>
    <channel update="i" site="foxtel.com.au" site_id="SRA##region=12352##" xmltv_id="SKY Racing">SKY Racing</channel>
    <channel update="i" site="foxtel.com.au" site_id="SR2##region=12352##" xmltv_id="SKY Racing 2">SKY Racing 2</channel>
    <channel update="i" site="foxtel.com.au" site_id="SRW##region=12352##" xmltv_id="SKY Tbred Cent">SKY Tbred Cent</channel>
    <channel update="i" site="foxtel.com.au" site_id="RTV##region=12352##" xmltv_id="RACING.COM">RACING.COM</channel>
    <channel update="i" site="foxtel.com.au" site_id="SKY##region=12352##" xmltv_id="SKY News Live">SKY News Live</channel>
    <channel update="i" site="foxtel.com.au" site_id="SKB##region=12352##" xmltv_id="SKY News Business">SKY News Business</channel>
    <channel update="i" site="foxtel.com.au" site_id="FXW##region=12352##" xmltv_id="SKY Weather">SKY Weather</channel>
    <channel update="i" site="foxtel.com.au" site_id="FNC##region=12352##" xmltv_id="FOX News">FOX News</channel>
    <channel update="i" site="foxtel.com.au" site_id="CNN##region=12352##" xmltv_id="CNN">CNN</channel>
    <channel update="i" site="foxtel.com.au" site_id="ELA##region=12352##" xmltv_id="SKY News Election">SKY News Election</channel>
    <channel update="i" site="foxtel.com.au" site_id="DIS##region=12352##" xmltv_id="Discovery Channel">Discovery Channel</channel>
    <channel update="i" site="foxtel.com.au" site_id="NGE##region=12352##" xmltv_id="National Geographic">National Geographic</channel>
    <channel update="i" site="foxtel.com.au" site_id="HST##region=12352##" xmltv_id="The History Channel">The History Channel</channel>
    <channel update="i" site="foxtel.com.au" site_id="BBK##region=12352##" xmltv_id="BBC Knowledge">BBC Knowledge</channel>
    <channel update="i" site="foxtel.com.au" site_id="CIN##region=12352##" xmltv_id="Crime">Crime</channel>
    <channel update="i" site="foxtel.com.au" site_id="ANI##region=12352##" xmltv_id="Animal Planet">Animal Planet</channel>
    <channel update="i" site="foxtel.com.au" site_id="NGW##region=12352##" xmltv_id="Nat Geo Wild">Nat Geo Wild</channel>
    <channel update="i" site="foxtel.com.au" site_id="ADV##region=12352##" xmltv_id="Nat Geo People">Nat Geo People</channel>
    <channel update="i" site="foxtel.com.au" site_id="DIT##region=12352##" xmltv_id="Discovery Turbo">Discovery Turbo</channel>
    <channel update="i" site="foxtel.com.au" site_id="DI2##region=12352##" xmltv_id="Discovery Turbo +2">Discovery Turbo +2</channel>
    <channel update="i" site="foxtel.com.au" site_id="DSC##region=12352##" xmltv_id="Discovery Science">Discovery Science</channel>
    <channel update="i" site="foxtel.com.au" site_id="DS2##region=12352##" xmltv_id="Discovery +2">Discovery +2</channel>
    <channel update="i" site="foxtel.com.au" site_id="NG2##region=12352##" xmltv_id="Nat Geo +2">Nat Geo +2</channel>
    <channel update="i" site="foxtel.com.au" site_id="AMD##region=12352##" xmltv_id="ABC News24 HD">ABC News24 HD</channel>
    <channel update="i" site="foxtel.com.au" site_id="CNB##region=12352##" xmltv_id="CNBC">CNBC</channel>
    <channel update="i" site="foxtel.com.au" site_id="ASP##region=12352##" xmltv_id="SKY News Election">SKY News Election</channel>
    <channel update="i" site="foxtel.com.au" site_id="BBC##region=12352##" xmltv_id="BBC World News">BBC World News</channel>
    <channel update="i" site="foxtel.com.au" site_id="BLM##region=12352##" xmltv_id="Bloomberg Television">Bloomberg Television</channel>
    <channel update="i" site="foxtel.com.au" site_id="AJE##region=12352##" xmltv_id="Al Jazeera">Al Jazeera</channel>
    <channel update="i" site="foxtel.com.au" site_id="CCC##region=12352##" xmltv_id="CCTV News">CCTV News</channel>
    <channel update="i" site="foxtel.com.au" site_id="CCD##region=12352##" xmltv_id="CCTV-9 Doco">CCTV-9 Doco</channel>
    <channel update="i" site="foxtel.com.au" site_id="NHK##region=12352##" xmltv_id="NHK World">NHK World</channel>
    <channel update="i" site="foxtel.com.au" site_id="RSY##region=12352##" xmltv_id="Russia Today">Russia Today</channel>
    <channel update="i" site="foxtel.com.au" site_id="NIC##region=12352##" xmltv_id="Nickelodeon">Nickelodeon</channel>
    <channel update="i" site="foxtel.com.au" site_id="NJR##region=12352##" xmltv_id="Nick Jr.">Nick Jr.</channel>
    <channel update="i" site="foxtel.com.au" site_id="CBE##region=12352##" xmltv_id="Cbeebies">Cbeebies</channel>
    <channel update="i" site="foxtel.com.au" site_id="DSY##region=12352##" xmltv_id="Disney Channel">Disney Channel</channel>
    <channel update="i" site="foxtel.com.au" site_id="DXD##region=12352##" xmltv_id="Disney XD">Disney XD</channel>
    <channel update="i" site="foxtel.com.au" site_id="PLD##region=12352##" xmltv_id="Disney Junior">Disney Junior</channel>
    <channel update="i" site="foxtel.com.au" site_id="CNE##region=12352##" xmltv_id="Cartoon Network">Cartoon Network</channel>
    <channel update="i" site="foxtel.com.au" site_id="BOO##region=12352##" xmltv_id="Boomerang">Boomerang</channel>
    <channel update="i" site="foxtel.com.au" site_id="DKD##region=12352##" xmltv_id="Discovery Kids">Discovery Kids</channel>
    <channel update="i" site="foxtel.com.au" site_id="MA3##region=12352##" xmltv_id="ABC3 Melbourne">ABC3 Melbourne</channel>
    <channel update="i" site="foxtel.com.au" site_id="CV2##region=12352##" xmltv_id="[V] HITS">[V] HITS</channel>
    <channel update="i" site="foxtel.com.au" site_id="V2H##region=12352##" xmltv_id="[V] HITS +2">[V] HITS +2</channel>
    <channel update="i" site="foxtel.com.au" site_id="MMX##region=12352##" xmltv_id="MAX">MAX</channel>
    <channel update="i" site="foxtel.com.au" site_id="MUS##region=12352##" xmltv_id="Foxtel Smooth">Foxtel Smooth</channel>
    <channel update="i" site="foxtel.com.au" site_id="TMF##region=12352##" xmltv_id="MTV Music">MTV Music</channel>
    <channel update="i" site="foxtel.com.au" site_id="VH1##region=12352##" xmltv_id="MTV Dance">MTV Dance</channel>
    <channel update="i" site="foxtel.com.au" site_id="CMC##region=12352##" xmltv_id="CMC">CMC</channel>
    <channel update="i" site="foxtel.com.au" site_id="ANT##region=12352##" xmltv_id="Antenna Pacific">Antenna Pacific</channel>
    <channel update="i" site="foxtel.com.au" site_id="RAI##region=12352##" xmltv_id="RAI ITALIA">RAI ITALIA</channel>
  </channels>
</site>