﻿<?xml version="1.0" encoding="UTF-8"?>
<site generator-info-name="WebGrab+Plus/w MDB &amp; REX Postprocess -- version  V1.57 -- Jan van Straaten" site="porticomedia.com">
  <channels>
    <channel update="i" site="porticomedia.com" site_id="102" xmltv_id="DIVA 頻道">DIVA 頻道</channel>
    <channel update="i" site="porticomedia.com" site_id="100" xmltv_id="Universal Channel 環球影劇頻道">Universal Channel 環球影劇頻道</channel>
    <channel update="i" site="porticomedia.com" site_id="101" xmltv_id="Syfy 超自然科幻頻道">Syfy 超自然科幻頻道</channel>
    <channel update="i" site="porticomedia.com" site_id="99" xmltv_id="CinemaWorld 世界影城電影頻道">CinemaWorld 世界影城電影頻道</channel>
    <channel update="i" site="porticomedia.com" site_id="109" xmltv_id="COMEDY CENTRAL 爆笑頻道">COMEDY CENTRAL 爆笑頻道</channel>
    <channel update="i" site="porticomedia.com" site_id="145" xmltv_id="E! 好萊塢流行娛樂頻道">E! 好萊塢流行娛樂頻道</channel>
    <channel update="i" site="porticomedia.com" site_id="117" xmltv_id="History 歷史頻道">History 歷史頻道</channel>
    <channel update="i" site="porticomedia.com" site_id="116" xmltv_id="CI 罪案偵緝頻道">CI 罪案偵緝頻道</channel>
    <channel update="i" site="porticomedia.com" site_id="119" xmltv_id="Lifetime 娛樂頻道">Lifetime 娛樂頻道</channel>
    <channel update="i" site="porticomedia.com" site_id="110" xmltv_id="MTV Live 音樂頻道">MTV Live 音樂頻道</channel>
    <channel update="i" site="porticomedia.com" site_id="118" xmltv_id="H2 頻道">H2 頻道</channel>
    <channel update="i" site="porticomedia.com" site_id="105" xmltv_id="Fashiontv 時尚頻道">Fashiontv 時尚頻道</channel>
    <channel update="i" site="porticomedia.com" site_id="113" xmltv_id="Z Living 健康頻道">Z Living 健康頻道</channel>
    <channel update="i" site="porticomedia.com" site_id="114" xmltv_id="fyi 生活頻道">fyi 生活頻道</channel>
    <channel update="i" site="porticomedia.com" site_id="115" xmltv_id="Nick Jr. 兒童頻道">Nick Jr. 兒童頻道</channel>
    <channel update="i" site="porticomedia.com" site_id="111" xmltv_id="The Golf Channel 美國高爾夫頻道">The Golf Channel 美國高爾夫頻道</channel>
    <channel update="i" site="porticomedia.com" site_id="112" xmltv_id="CNBC Asia 財經台">CNBC Asia 財經台</channel>
    <channel update="i" site="porticomedia.com" site_id="107" xmltv_id="DW 德國之聲電視台">DW 德國之聲電視台</channel>
  </channels>
</site>