﻿<?xml version="1.0" encoding="UTF-8"?>
<site generator-info-name="WebGrab+Plus/w MDB &amp; REX Postprocess -- version V1.56.15 -- Jan van Straaten" site="m.tele.at">
  <channels>
    <channel update="i" site="m.tele.at" site_id="112" xmltv_id="13th Street">13th Street</channel>
    <channel update="i" site="m.tele.at" site_id="1" xmltv_id="3sat">3sat</channel>
    <channel update="i" site="m.tele.at" site_id="185" xmltv_id="Al Jazeera">Al Jazeera</channel>
    <channel update="i" site="m.tele.at" site_id="2" xmltv_id="ARD-alpha">ARD-alpha</channel>
    <channel update="i" site="m.tele.at" site_id="6" xmltv_id="ARTE">ARTE</channel>
    <channel update="i" site="m.tele.at" site_id="7" xmltv_id="ATV">ATV</channel>
    <channel update="i" site="m.tele.at" site_id="176" xmltv_id="ATV2">ATV2</channel>
    <channel update="i" site="m.tele.at" site_id="9" xmltv_id="AXN">AXN</channel>
    <channel update="i" site="m.tele.at" site_id="137" xmltv_id="Bayerisches Fernsehen">Bayerisches Fernsehen</channel>
    <channel update="i" site="m.tele.at" site_id="14" xmltv_id="BBC">BBC</channel>
    <channel update="i" site="m.tele.at" site_id="15" xmltv_id="BBC Entertainment">BBC Entertainment</channel>
    <channel update="i" site="m.tele.at" site_id="18" xmltv_id="Beate Uhse TV">Beate Uhse TV</channel>
    <channel update="i" site="m.tele.at" site_id="16" xmltv_id="Bibel TV">Bibel TV</channel>
    <channel update="i" site="m.tele.at" site_id="177" xmltv_id="Bon Gusto">Bon Gusto</channel>
    <channel update="i" site="m.tele.at" site_id="21" xmltv_id="Classica">Classica</channel>
    <channel update="i" site="m.tele.at" site_id="22" xmltv_id="CNN">CNN</channel>
    <channel update="i" site="m.tele.at" site_id="23" xmltv_id="Comedy Central">Comedy Central</channel>
    <channel update="i" site="m.tele.at" site_id="5" xmltv_id="Das Erste">Das Erste</channel>
    <channel update="i" site="m.tele.at" site_id="27" xmltv_id="Discovery Channel">Discovery Channel</channel>
    <channel update="i" site="m.tele.at" site_id="25" xmltv_id="Disney Channel">Disney Channel</channel>
    <channel update="i" site="m.tele.at" site_id="141" xmltv_id="Disney Cinemagic">Disney Cinemagic</channel>
    <channel update="i" site="m.tele.at" site_id="78" xmltv_id="Disney Junior">Disney Junior</channel>
    <channel update="i" site="m.tele.at" site_id="28" xmltv_id="Disney XD">Disney XD</channel>
    <channel update="i" site="m.tele.at" site_id="30" xmltv_id="DMAX">DMAX</channel>
    <channel update="i" site="m.tele.at" site_id="38" xmltv_id="Eins festival">Eins festival</channel>
    <channel update="i" site="m.tele.at" site_id="59" xmltv_id="Eins plus">Eins plus</channel>
    <channel update="i" site="m.tele.at" site_id="35" xmltv_id="Euronews">Euronews</channel>
    <channel update="i" site="m.tele.at" site_id="36" xmltv_id="Eurosport">Eurosport</channel>
    <channel update="i" site="m.tele.at" site_id="190" xmltv_id="Fix &amp; Foxi">Fix &amp; Foxi</channel>
    <channel update="i" site="m.tele.at" site_id="145" xmltv_id="FM4">FM4</channel>
    <channel update="i" site="m.tele.at" site_id="41" xmltv_id="FOX">FOX</channel>
    <channel update="i" site="m.tele.at" site_id="44" xmltv_id="Goldstar TV">Goldstar TV</channel>
    <channel update="i" site="m.tele.at" site_id="146" xmltv_id="gotv">gotv</channel>
    <channel update="i" site="m.tele.at" site_id="45" xmltv_id="Heimatkanal">Heimatkanal</channel>
    <channel update="i" site="m.tele.at" site_id="49" xmltv_id="hessen fernsehen">hessen fernsehen</channel>
    <channel update="i" site="m.tele.at" site_id="47" xmltv_id="History">History</channel>
    <channel update="i" site="m.tele.at" site_id="48" xmltv_id="HSE 24">HSE 24</channel>
    <channel update="i" site="m.tele.at" site_id="50" xmltv_id="Junior">Junior</channel>
    <channel update="i" site="m.tele.at" site_id="51" xmltv_id="kabel eins">kabel eins</channel>
    <channel update="i" site="m.tele.at" site_id="54" xmltv_id="KI.KA">KI.KA</channel>
    <channel update="i" site="m.tele.at" site_id="55" xmltv_id="MDR">MDR</channel>
    <channel update="i" site="m.tele.at" site_id="56" xmltv_id="MGM">MGM</channel>
    <channel update="i" site="m.tele.at" site_id="68" xmltv_id="n-tv">n-tv</channel>
    <channel update="i" site="m.tele.at" site_id="60" xmltv_id="N24">N24</channel>
    <channel update="i" site="m.tele.at" site_id="73" xmltv_id="National Geo. Wildlife">National Geo. Wildlife</channel>
    <channel update="i" site="m.tele.at" site_id="62" xmltv_id="National Geographic">National Geographic</channel>
    <channel update="i" site="m.tele.at" site_id="67" xmltv_id="NDR">NDR</channel>
    <channel update="i" site="m.tele.at" site_id="64" xmltv_id="NICK">NICK</channel>
    <channel update="i" site="m.tele.at" site_id="153" xmltv_id="Ö1">Ö1</channel>
    <channel update="i" site="m.tele.at" site_id="70" xmltv_id="OKTO">OKTO</channel>
    <channel update="i" site="m.tele.at" site_id="72" xmltv_id="ORF 2">ORF 2</channel>
    <channel update="i" site="m.tele.at" site_id="175" xmltv_id="ORF 3">ORF 3</channel>
    <channel update="i" site="m.tele.at" site_id="71" xmltv_id="ORF eins">ORF eins</channel>
    <channel update="i" site="m.tele.at" site_id="124" xmltv_id="ORF Sport +">ORF Sport +</channel>
    <channel update="i" site="m.tele.at" site_id="77" xmltv_id="Phoenix">Phoenix</channel>
    <channel update="i" site="m.tele.at" site_id="182" xmltv_id="Pro7 MAXX">Pro7 MAXX</channel>
    <channel update="i" site="m.tele.at" site_id="79" xmltv_id="ProSieben">ProSieben</channel>
    <channel update="i" site="m.tele.at" site_id="80" xmltv_id="Puls 4">Puls 4</channel>
    <channel update="i" site="m.tele.at" site_id="188" xmltv_id="RBB">RBB</channel>
    <channel update="i" site="m.tele.at" site_id="186" xmltv_id="RIC">RIC</channel>
    <channel update="i" site="m.tele.at" site_id="86" xmltv_id="RTL">RTL</channel>
    <channel update="i" site="m.tele.at" site_id="88" xmltv_id="RTL Crime">RTL Crime</channel>
    <channel update="i" site="m.tele.at" site_id="87" xmltv_id="RTL II">RTL II</channel>
    <channel update="i" site="m.tele.at" site_id="178" xmltv_id="RTL NITRO">RTL NITRO</channel>
    <channel update="i" site="m.tele.at" site_id="92" xmltv_id="Sat.1">Sat.1</channel>
    <channel update="i" site="m.tele.at" site_id="181" xmltv_id="SAT.1 emotions">SAT.1 emotions</channel>
    <channel update="i" site="m.tele.at" site_id="180" xmltv_id="SAT.1 Gold">SAT.1 Gold</channel>
    <channel update="i" site="m.tele.at" site_id="162" xmltv_id="Servus TV">Servus TV</channel>
    <channel update="i" site="m.tele.at" site_id="32" xmltv_id="SF1">SF1</channel>
    <channel update="i" site="m.tele.at" site_id="140" xmltv_id="SF2">SF2</channel>
    <channel update="i" site="m.tele.at" site_id="93" xmltv_id="Silverline">Silverline</channel>
    <channel update="i" site="m.tele.at" site_id="163" xmltv_id="SIXX Austria">SIXX Austria</channel>
    <channel update="i" site="m.tele.at" site_id="94" xmltv_id="Sky Action">Sky Action</channel>
    <channel update="i" site="m.tele.at" site_id="179" xmltv_id="Sky Atlantic HD">Sky Atlantic HD</channel>
    <channel update="i" site="m.tele.at" site_id="95" xmltv_id="Sky Bundesliga">Sky Bundesliga</channel>
    <channel update="i" site="m.tele.at" site_id="97" xmltv_id="Sky Cinema +1">Sky Cinema +1</channel>
    <channel update="i" site="m.tele.at" site_id="98" xmltv_id="Sky Cinema +24">Sky Cinema +24</channel>
    <channel update="i" site="m.tele.at" site_id="96" xmltv_id="Sky Cinema HD">Sky Cinema HD</channel>
    <channel update="i" site="m.tele.at" site_id="100" xmltv_id="Sky Comedy">Sky Comedy</channel>
    <channel update="i" site="m.tele.at" site_id="101" xmltv_id="Sky Emotion">Sky Emotion</channel>
    <channel update="i" site="m.tele.at" site_id="99" xmltv_id="Sky Hits">Sky Hits</channel>
    <channel update="i" site="m.tele.at" site_id="102" xmltv_id="Sky Krimi">Sky Krimi</channel>
    <channel update="i" site="m.tele.at" site_id="103" xmltv_id="Sky Nostalgie">Sky Nostalgie</channel>
    <channel update="i" site="m.tele.at" site_id="104" xmltv_id="Sky Sport 1">Sky Sport 1</channel>
    <channel update="i" site="m.tele.at" site_id="105" xmltv_id="Sky Sport 2">Sky Sport 2</channel>
    <channel update="i" site="m.tele.at" site_id="106" xmltv_id="Sky Sport Austria">Sky Sport Austria</channel>
    <channel update="i" site="m.tele.at" site_id="167" xmltv_id="Sky Sport HD (1)">Sky Sport HD (1)</channel>
    <channel update="i" site="m.tele.at" site_id="164" xmltv_id="Slovenija 1">Slovenija 1</channel>
    <channel update="i" site="m.tele.at" site_id="165" xmltv_id="Slovenija 2">Slovenija 2</channel>
    <channel update="i" site="m.tele.at" site_id="166" xmltv_id="Spiegel Geschichte">Spiegel Geschichte</channel>
    <channel update="i" site="m.tele.at" site_id="187" xmltv_id="Spiegel TV">Spiegel TV</channel>
    <channel update="i" site="m.tele.at" site_id="33" xmltv_id="Sport1">Sport1</channel>
    <channel update="i" site="m.tele.at" site_id="113" xmltv_id="Super RTL">Super RTL</channel>
    <channel update="i" site="m.tele.at" site_id="90" xmltv_id="SWR">SWR</channel>
    <channel update="i" site="m.tele.at" site_id="37" xmltv_id="Tagesschau24">Tagesschau24</channel>
    <channel update="i" site="m.tele.at" site_id="118" xmltv_id="Tele 5">Tele 5</channel>
    <channel update="i" site="m.tele.at" site_id="184" xmltv_id="TLC">TLC</channel>
    <channel update="i" site="m.tele.at" site_id="172" xmltv_id="TNT-Serie">TNT-Serie</channel>
    <channel update="i" site="m.tele.at" site_id="169" xmltv_id="TV5">TV5</channel>
    <channel update="i" site="m.tele.at" site_id="126" xmltv_id="VOX">VOX</channel>
    <channel update="i" site="m.tele.at" site_id="189" xmltv_id="W24">W24</channel>
    <channel update="i" site="m.tele.at" site_id="127" xmltv_id="WDR">WDR</channel>
    <channel update="i" site="m.tele.at" site_id="129" xmltv_id="ZDF">ZDF</channel>
    <channel update="i" site="m.tele.at" site_id="130" xmltv_id="ZDF infokanal">ZDF infokanal</channel>
    <channel update="i" site="m.tele.at" site_id="131" xmltv_id="ZDF neo">ZDF neo</channel>
    <channel update="i" site="m.tele.at" site_id="132" xmltv_id="ZDFkultur">ZDFkultur</channel>
  </channels>
</site>