﻿<?xml version="1.0" encoding="UTF-8"?>
<site generator-info-name="WebGrab+Plus/w MDB &amp; REX Postprocess -- version V1.56.25 -- Jan van Straaten" site="ipko.com">
  <channels>
    <channel update="i" site="ipko.com" site_id="402" xmltv_id="RTK">RTK</channel>
    <channel update="i" site="ipko.com" site_id="254" xmltv_id="Klan Kosova">Klan Kosova</channel>
    <channel update="i" site="ipko.com" site_id="255" xmltv_id="RTV 21">RTV 21</channel>
    <channel update="i" site="ipko.com" site_id="256" xmltv_id="RTV 21 HD">RTV 21 HD</channel>
    <channel update="i" site="ipko.com" site_id="259" xmltv_id="Klan TV">Klan TV</channel>
    <channel update="i" site="ipko.com" site_id="260" xmltv_id="Klan TV HD">Klan TV HD</channel>
    <channel update="i" site="ipko.com" site_id="269" xmltv_id="ABC News">ABC News</channel>
    <channel update="i" site="ipko.com" site_id="270" xmltv_id="Rrokum TV">Rrokum TV</channel>
    <channel update="i" site="ipko.com" site_id="271" xmltv_id="Rrokum HD">Rrokum HD</channel>
    <channel update="i" site="ipko.com" site_id="273" xmltv_id="My Music">My Music</channel>
    <channel update="i" site="ipko.com" site_id="274" xmltv_id="Bang Bang">Bang Bang</channel>
    <channel update="i" site="ipko.com" site_id="275" xmltv_id="Cufo TV">Cufo TV</channel>
    <channel update="i" site="ipko.com" site_id="276" xmltv_id="Junior TV">Junior TV</channel>
    <channel update="i" site="ipko.com" site_id="279" xmltv_id="Boomerang">Boomerang</channel>
    <channel update="i" site="ipko.com" site_id="281" xmltv_id="21 Junior">21 Junior</channel>
    <channel update="i" site="ipko.com" site_id="282" xmltv_id="Film Nje HD">Film Nje HD</channel>
    <channel update="i" site="ipko.com" site_id="283" xmltv_id="Film Dy HD">Film Dy HD</channel>
    <channel update="i" site="ipko.com" site_id="284" xmltv_id="Plus HD">Plus HD</channel>
    <channel update="i" site="ipko.com" site_id="285" xmltv_id="Film Komedi">Film Komedi</channel>
    <channel update="i" site="ipko.com" site_id="288" xmltv_id="Film Hits  +1">Film Hits  +1</channel>
    <channel update="i" site="ipko.com" site_id="289" xmltv_id="Film Thriller">Film Thriller</channel>
    <channel update="i" site="ipko.com" site_id="290" xmltv_id="Film Drame">Film Drame</channel>
    <channel update="i" site="ipko.com" site_id="291" xmltv_id="Film Aksion">Film Aksion</channel>
    <channel update="i" site="ipko.com" site_id="292" xmltv_id="Fox Life">Fox Life</channel>
    <channel update="i" site="ipko.com" site_id="295" xmltv_id="EXP Shkence">EXP Shkence</channel>
    <channel update="i" site="ipko.com" site_id="296" xmltv_id="EXP Histori">EXP Histori</channel>
    <channel update="i" site="ipko.com" site_id="298" xmltv_id="EXP Natyra">EXP Natyra</channel>
    <channel update="i" site="ipko.com" site_id="299" xmltv_id="Nat Geo HD">Nat Geo HD</channel>
    <channel update="i" site="ipko.com" site_id="403" xmltv_id="&quot;,&quot;description&quot;:&quot;">","description":"</channel>
    <channel update="i" site="ipko.com" site_id="303" xmltv_id="MTV Live HD">MTV Live HD</channel>
    <channel update="i" site="ipko.com" site_id="304" xmltv_id="musicAL">musicAL</channel>
    <channel update="i" site="ipko.com" site_id="308" xmltv_id="Fashion TV">Fashion TV</channel>
    <channel update="i" site="ipko.com" site_id="309" xmltv_id="Digi Gold">Digi Gold</channel>
    <channel update="i" site="ipko.com" site_id="312" xmltv_id="KTV">KTV</channel>
    <channel update="i" site="ipko.com" site_id="315" xmltv_id="Ora News">Ora News</channel>
    <channel update="i" site="ipko.com" site_id="316" xmltv_id="News 24">News 24</channel>
    <channel update="i" site="ipko.com" site_id="319" xmltv_id="Alsat M">Alsat M</channel>
    <channel update="i" site="ipko.com" site_id="321" xmltv_id="E TV">E TV</channel>
    <channel update="i" site="ipko.com" site_id="322" xmltv_id="ON TV">ON TV</channel>
    <channel update="i" site="ipko.com" site_id="324" xmltv_id="21 Popullore">21 Popullore</channel>
    <channel update="i" site="ipko.com" site_id="351" xmltv_id="EuroSport">EuroSport</channel>
    <channel update="i" site="ipko.com" site_id="352" xmltv_id="Hayat TV">Hayat TV</channel>
    <channel update="i" site="ipko.com" site_id="364" xmltv_id="TV Prizren">TV Prizren</channel>
    <channel update="i" site="ipko.com" site_id="365" xmltv_id="TV Festina">TV Festina</channel>
    <channel update="i" site="ipko.com" site_id="373" xmltv_id="RTL">RTL</channel>
    <channel update="i" site="ipko.com" site_id="375" xmltv_id="RTL 2">RTL 2</channel>
    <channel update="i" site="ipko.com" site_id="377" xmltv_id="N-TV">N-TV</channel>
    <channel update="i" site="ipko.com" site_id="378" xmltv_id="Rai 1">Rai 1</channel>
    <channel update="i" site="ipko.com" site_id="379" xmltv_id="Rai 2">Rai 2</channel>
    <channel update="i" site="ipko.com" site_id="380" xmltv_id="Rai 3">Rai 3</channel>
    <channel update="i" site="ipko.com" site_id="381" xmltv_id="Al Jazeera">Al Jazeera</channel>
    <channel update="i" site="ipko.com" site_id="383" xmltv_id="Peace TV">Peace TV</channel>
    <channel update="i" site="ipko.com" site_id="385" xmltv_id="CNN int">CNN int</channel>
    <channel update="i" site="ipko.com" site_id="386" xmltv_id="BBC">BBC</channel>
    <channel update="i" site="ipko.com" site_id="387" xmltv_id="EuroNews">EuroNews</channel>
    <channel update="i" site="ipko.com" site_id="388" xmltv_id="B92 ">B92 </channel>
    <channel update="i" site="ipko.com" site_id="391" xmltv_id="DW">DW</channel>
  </channels>
</site>