﻿<?xml version="1.0" encoding="UTF-8"?>
<site generator-info-name="WebGrab+Plus/w MDB &amp; REX Postprocess -- version V1.56.25 -- Jan van Straaten" site="tring.tv">
  <channels>
    <channel update="i" site="tring.tv" site_id="0528260" xmltv_id="Vizion Plus">Vizion Plus</channel>
    <channel update="i" site="tring.tv" site_id="0528261" xmltv_id="JOLLY HD">JOLLY HD</channel>
    <channel update="i" site="tring.tv" site_id="0528262" xmltv_id="LIVING">LIVING</channel>
    <channel update="i" site="tring.tv" site_id="0528263" xmltv_id="CLICK TV">CLICK TV</channel>
    <channel update="i" site="tring.tv" site_id="0528264" xmltv_id="SMILE">SMILE</channel>
    <channel update="i" site="tring.tv" site_id="0528265" xmltv_id="MUSE">MUSE</channel>
    <channel update="i" site="tring.tv" site_id="0528266" xmltv_id="Kanali 7">Kanali 7</channel>
    <channel update="i" site="tring.tv" site_id="0528267" xmltv_id="MEDIASET">MEDIASET</channel>
    <channel update="i" site="tring.tv" site_id="0528268" xmltv_id="TEMA TV ">TEMA TV </channel>
    <channel update="i" site="tring.tv" site_id="0528269" xmltv_id="3 Plus">3 Plus</channel>
    <channel update="i" site="tring.tv" site_id="05282610" xmltv_id="Tring Shqip">Tring Shqip</channel>
    <channel update="i" site="tring.tv" site_id="05282611" xmltv_id="Tring Tring">Tring Tring</channel>
    <channel update="i" site="tring.tv" site_id="05282612" xmltv_id="Tip Tv">Tip Tv</channel>
    <channel update="i" site="tring.tv" site_id="05282613" xmltv_id="SOFIA">SOFIA</channel>
    <channel update="i" site="tring.tv" site_id="05282614" xmltv_id="Tring Super">Tring Super</channel>
    <channel update="i" site="tring.tv" site_id="05282615" xmltv_id="Tring Max">Tring Max</channel>
    <channel update="i" site="tring.tv" site_id="05282616" xmltv_id="Tring Life">Tring Life</channel>
    <channel update="i" site="tring.tv" site_id="05282617" xmltv_id="Tring Comedy">Tring Comedy</channel>
    <channel update="i" site="tring.tv" site_id="05282618" xmltv_id="TRING FANTAZI">TRING FANTAZI</channel>
    <channel update="i" site="tring.tv" site_id="05282619" xmltv_id="Fox Life">Fox Life</channel>
    <channel update="i" site="tring.tv" site_id="05282620" xmltv_id="Fox Crime">Fox Crime</channel>
    <channel update="i" site="tring.tv" site_id="05282621" xmltv_id="FOX">FOX</channel>
    <channel update="i" site="tring.tv" site_id="05282622" xmltv_id="T-HIST">T-HIST</channel>
    <channel update="i" site="tring.tv" site_id="05282623" xmltv_id="Tring World">Tring World</channel>
    <channel update="i" site="tring.tv" site_id="05282624" xmltv_id="Tring Planet">Tring Planet</channel>
    <channel update="i" site="tring.tv" site_id="05282625" xmltv_id="National Geographic">National Geographic</channel>
    <channel update="i" site="tring.tv" site_id="05282626" xmltv_id="KTV">KTV</channel>
    <channel update="i" site="tring.tv" site_id="05282627" xmltv_id="RTV21">RTV21</channel>
    <channel update="i" site="tring.tv" site_id="05282628" xmltv_id="RTV 21 PLUS">RTV 21 PLUS</channel>
    <channel update="i" site="tring.tv" site_id="05282629" xmltv_id="RTV 21 JUNIOR">RTV 21 JUNIOR</channel>
    <channel update="i" site="tring.tv" site_id="05282630" xmltv_id="RTV 21 POPULLORE">RTV 21 POPULLORE</channel>
    <channel update="i" site="tring.tv" site_id="05282631" xmltv_id="ZDF">ZDF</channel>
    <channel update="i" site="tring.tv" site_id="05282632" xmltv_id="BBC WORLD">BBC WORLD</channel>
    <channel update="i" site="tring.tv" site_id="05282633" xmltv_id="BBF">BBF</channel>
    <channel update="i" site="tring.tv" site_id="05282634" xmltv_id="Folk +">Folk +</channel>
    <channel update="i" site="tring.tv" site_id="05282635" xmltv_id="Antenna Europe">Antenna Europe</channel>
    <channel update="i" site="tring.tv" site_id="05282636" xmltv_id="Canale 5">Canale 5</channel>
    <channel update="i" site="tring.tv" site_id="05282637" xmltv_id="Italia 1">Italia 1</channel>
    <channel update="i" site="tring.tv" site_id="05282638" xmltv_id="TELESPORT">TELESPORT</channel>
    <channel update="i" site="tring.tv" site_id="05282639" xmltv_id="Tring Sport News HD">Tring Sport News HD</channel>
    <channel update="i" site="tring.tv" site_id="05282640" xmltv_id="TS1 HD">TS1 HD</channel>
    <channel update="i" site="tring.tv" site_id="05282641" xmltv_id="TS2 HD">TS2 HD</channel>
    <channel update="i" site="tring.tv" site_id="05282642" xmltv_id="TS3 HD">TS3 HD</channel>
    <channel update="i" site="tring.tv" site_id="05282643" xmltv_id="TS4 HD">TS4 HD</channel>
    <channel update="i" site="tring.tv" site_id="05282644" xmltv_id="NEWS 24">NEWS 24</channel>
    <channel update="i" site="tring.tv" site_id="05282645" xmltv_id="TV Avrupa">TV Avrupa</channel>
    <channel update="i" site="tring.tv" site_id="05282646" xmltv_id="FOOD NETWORK">FOOD NETWORK</channel>
    <channel update="i" site="tring.tv" site_id="05282647" xmltv_id="DESIRE">DESIRE</channel>
    <channel update="i" site="tring.tv" site_id="05282648" xmltv_id="BIZARRE">BIZARRE</channel>
    <channel update="i" site="tring.tv" site_id="05282649" xmltv_id="BUNGA BUNGA">BUNGA BUNGA</channel>
    <channel update="i" site="tring.tv" site_id="05282650" xmltv_id="TV5 MONDE EUROPE">TV5 MONDE EUROPE</channel>
    <channel update="i" site="tring.tv" site_id="05282651" xmltv_id="TRAVEL CHANNEL">TRAVEL CHANNEL</channel>
    <channel update="i" site="tring.tv" site_id="05282652" xmltv_id="MOTORS TV">MOTORS TV</channel>
    <channel update="i" site="tring.tv" site_id="05282653" xmltv_id="EUROCHANNEL">EUROCHANNEL</channel>
    <channel update="i" site="tring.tv" site_id="05282654" xmltv_id="LUXE TV">LUXE TV</channel>
    <channel update="i" site="tring.tv" site_id="05282655" xmltv_id="EURO NEWS">EURO NEWS</channel>
  </channels>
</site>