<?xml version="1.0" encoding="UTF-8"?>
<site generator-info-name="WebGrab+Plus/w MDB &amp; REX Postprocess -- version V1.56.8 -- Jan van Straaten" site="mi.tv2)">&gt;
<channels>
<channel update="i" site="mi.tv2" site_id="ar###24-7-canal-de-noticias" xmltv_id="24/7 Canal de Noticias">24/7 Canal de Noticias</channel>
<channel update="i" site="mi.tv2" site_id="ar###26-tv" xmltv_id="26 TV">26 TV</channel>
<channel update="i" site="mi.tv2" site_id="ar###360-tv" xmltv_id="360tv">360tv</channel>
<channel update="i" site="mi.tv2" site_id="ar###a-e-mundo" xmltv_id="A&amp;E Mundo">A&amp;E Mundo</channel>
<channel update="i" site="mi.tv2" site_id="ar###america-24" xmltv_id="A24">A24</channel>
<channel update="i" site="mi.tv2" site_id="ar###amc" xmltv_id="AMC">AMC</channel>
<channel update="i" site="mi.tv2" site_id="ar###america-sports" xmltv_id="América Sports">América Sports</channel>
<channel update="i" site="mi.tv2" site_id="ar###america-2-capital" xmltv_id="América TV">América TV</channel>
<channel update="i" site="mi.tv2" site_id="ar###animal-planet" xmltv_id="Animal Planet">Animal Planet</channel>
<channel update="i" site="mi.tv2" site_id="ar###argentinisima-satelital" xmltv_id="Argentinísima Satelital">Argentinísima Satelital</channel>
<channel update="i" site="mi.tv2" site_id="ar###atreseries" xmltv_id="Atreseries">Atreseries</channel>
<channel update="i" site="mi.tv2" site_id="ar###az-corazon" xmltv_id="Az Corazón">Az Corazón</channel>
<channel update="i" site="mi.tv2" site_id="ar###bloomberg" xmltv_id="Bloomberg">Bloomberg</channel>
<channel update="i" site="mi.tv2" site_id="ar###boomerang-cartoon" xmltv_id="Boomerang Cartoon">Boomerang Cartoon</channel>
<channel update="i" site="mi.tv2" site_id="ar###c5n" xmltv_id="C5N">C5N</channel>
<channel update="i" site="mi.tv2" site_id="ar###canal-7-hd" xmltv_id="Canal 7 HD">Canal 7 HD</channel>
<channel update="i" site="mi.tv2" site_id="ar###canal-10-de-cordoba" xmltv_id="Canal 10 Córdoba">Canal 10 Córdoba</channel>
<channel update="i" site="mi.tv2" site_id="ar###canal-a" xmltv_id="Canal A">Canal A</channel>
<channel update="i" site="mi.tv2" site_id="ar###ciudad-abierta" xmltv_id="Canal de la Ciudad">Canal de la Ciudad</channel>
<channel update="i" site="mi.tv2" site_id="ar###canal-de-la-musica" xmltv_id="Canal de la Musica">Canal de la Musica</channel>
<channel update="i" site="mi.tv2" site_id="ar###canal-de-las-estrellas" xmltv_id="Canal de las Estrellas">Canal de las Estrellas</channel>
<channel update="i" site="mi.tv2" site_id="ar###canal-luz" xmltv_id="Canal Luz">Canal Luz</channel>
<channel update="i" site="mi.tv2" site_id="ar###canal-orbe-21" xmltv_id="Canal Orbe 21">Canal Orbe 21</channel>
<channel update="i" site="mi.tv2" site_id="ar###canal-rural" xmltv_id="Canal Rural">Canal Rural</channel>
<channel update="i" site="mi.tv2" site_id="ar###cartoon-network" xmltv_id="Cartoon Network">Cartoon Network</channel>
<channel update="i" site="mi.tv2" site_id="ar###cba-24n" xmltv_id="CBA 24N">CBA 24N</channel>
<channel update="i" site="mi.tv2" site_id="ar###cinecanal" xmltv_id="Cinecanal">Cinecanal</channel>
<channel update="i" site="mi.tv2" site_id="ar###cine-latino" xmltv_id="Cinelatino">Cinelatino</channel>
<channel update="i" site="mi.tv2" site_id="ar###cinemax" xmltv_id="Cinemax">Cinemax</channel>
<channel update="i" site="mi.tv2" site_id="ar###cinemax-sur" xmltv_id="Cinemax Sur">Cinemax Sur</channel>
<channel update="i" site="mi.tv2" site_id="ar###cn-23" xmltv_id="CN23">CN23</channel>
<channel update="i" site="mi.tv2" site_id="ar###cnn" xmltv_id="CNN">CNN</channel>
<channel update="i" site="mi.tv2" site_id="ar###cnn-en-espanol" xmltv_id="CNN en Espa&#241;ol">CNN en Espa&#241;ol</channel>
<channel update="i" site="mi.tv2" site_id="ar###comedy-central" xmltv_id="Comedy Central">Comedy Central</channel>
<channel update="i" site="mi.tv2" site_id="ar###conexion-educativa" xmltv_id="Conexión Educativa">Conexión Educativa</channel>
<channel update="i" site="mi.tv2" site_id="ar###construir" xmltv_id="Construir TV">Construir TV</channel>
<channel update="i" site="mi.tv2" site_id="ar###de-pelicula" xmltv_id="De Película">De Película</channel>
<channel update="i" site="mi.tv2" site_id="ar###discovery" xmltv_id="Discovery Channel">Discovery Channel</channel>
<channel update="i" site="mi.tv2" site_id="ar###discovery-civilization" xmltv_id="Discovery Civilization">Discovery Civilization</channel>
<channel update="i" site="mi.tv2" site_id="ar###discovery-hd-charvz" xmltv_id="Discovery HD">Discovery HD</channel>
<channel update="i" site="mi.tv2" site_id="ar###discovery-home-and-health" xmltv_id="Discovery Home &amp; Health">Discovery Home &amp; Health</channel>
<channel update="i" site="mi.tv2" site_id="ar###discovery-kids" xmltv_id="Discovery Kids">Discovery Kids</channel>
<channel update="i" site="mi.tv2" site_id="ar###discovery-science" xmltv_id="Discovery Science">Discovery Science</channel>
<channel update="i" site="mi.tv2" site_id="ar###discovery-hd-theater" xmltv_id="Discovery Theater HD">Discovery Theater HD</channel>
<channel update="i" site="mi.tv2" site_id="ar###discovery-turbo" xmltv_id="Discovery Turbo">Discovery Turbo</channel>
<channel update="i" site="mi.tv2" site_id="ar###discovery-world-hd" xmltv_id="Discovery World HD">Discovery World HD</channel>
<channel update="i" site="mi.tv2" site_id="ar###disney" xmltv_id="Disney Channel">Disney Channel</channel>
<channel update="i" site="mi.tv2" site_id="ar###disney-jr" xmltv_id="Disney Junior">Disney Junior</channel>
<channel update="i" site="mi.tv2" site_id="ar###dxtv" xmltv_id="DXTV">DXTV</channel>
<channel update="i" site="mi.tv2" site_id="ar###entertainment" xmltv_id="E!">E!</channel>
<channel update="i" site="mi.tv2" site_id="ar###12-cordoba" xmltv_id="El Doce">El Doce</channel>
<channel update="i" site="mi.tv2" site_id="ar###el-garage" xmltv_id="El Garage">El Garage</channel>
<channel update="i" site="mi.tv2" site_id="ar###el-gourmet" xmltv_id="elgourmet">El Gourmet</channel>
<channel update="i" site="mi.tv2" site_id="ar###el-trece" xmltv_id="El Trece">El Trece</channel>
<channel update="i" site="mi.tv2" site_id="ar###encuentro" xmltv_id="Encuentro">Encuentro</channel>
<channel update="i" site="mi.tv2" site_id="ar###espn" xmltv_id="ESPN">ESPN</channel>
<channel update="i" site="mi.tv2" site_id="ar###espn-1" xmltv_id="ESPN +">ESPN +</channel>
<channel update="i" site="mi.tv2" site_id="ar###espn-2" xmltv_id="ESPN 2">ESPN 2</channel>
<channel update="i" site="mi.tv2" site_id="ar###espn-3" xmltv_id="ESPN 3">ESPN 3</channel>
<channel update="i" site="mi.tv2" site_id="ar###europa-europa" xmltv_id="Europa Europa">Europa Europa</channel>
<channel update="i" site="mi.tv2" site_id="ar###ewtn" xmltv_id="EWTN">EWTN</channel>
<channel update="i" site="mi.tv2" site_id="ar###film-arts" xmltv_id="Film&amp;Arts">Film&amp;Arts</channel>
<channel update="i" site="mi.tv2" site_id="ar###fox" xmltv_id="FOX">FOX</channel>
<channel update="i" site="mi.tv2" site_id="ar###fox-1-este" xmltv_id="FOX 1 Este">FOX 1 Este</channel>
<channel update="i" site="mi.tv2" site_id="ar###fox-1-hd" xmltv_id="FOX 1 HD">FOX 1 HD</channel>
<channel update="i" site="mi.tv2" site_id="ar###fox-1-oeste" xmltv_id="FOX 1 Oeste">FOX 1 Oeste</channel>
<channel update="i" site="mi.tv2" site_id="ar###fox-action" xmltv_id="FOX Action">FOX Action</channel>
<channel update="i" site="mi.tv2" site_id="ar###fox-action-hd" xmltv_id="FOX Action HD">FOX Action HD</channel>
<channel update="i" site="mi.tv2" site_id="ar###fox-action-oeste" xmltv_id="FOX Action Oeste">FOX Action Oeste</channel>
<channel update="i" site="mi.tv2" site_id="ar###fox-cinema" xmltv_id="FOX Cinema">FOX Cinema</channel>
<channel update="i" site="mi.tv2" site_id="ar###fox-classics" xmltv_id="FOX Classics">FOX Classics</channel>
<channel update="i" site="mi.tv2" site_id="ar###fox-comedy-hd" xmltv_id="FOX Comedy HD">FOX Comedy HD</channel>
<channel update="i" site="mi.tv2" site_id="ar###fox-family" xmltv_id="FOX Family">FOX Family</channel>
<channel update="i" site="mi.tv2" site_id="ar###fox-family-hd" xmltv_id="FOX Family HD">FOX Family HD</channel>
<channel update="i" site="mi.tv2" site_id="ar###fox-family-oeste" xmltv_id="FOX Family Oeste">FOX Family Oeste</channel>
<channel update="i" site="mi.tv2" site_id="ar###fox-hd" xmltv_id="FOX HD">FOX HD</channel>
<channel update="i" site="mi.tv2" site_id="ar###fox-life" xmltv_id="FOX Life">FOX Life</channel>
<channel update="i" site="mi.tv2" site_id="ar###fox-movies" xmltv_id="FOX Movies">FOX Movies</channel>
<channel update="i" site="mi.tv2" site_id="ar###fox-movies-hd" xmltv_id="FOX Movies HD">FOX Movies HD"</channel>
<channel update="i" site="mi.tv2" site_id="ar###fox-sports-2" xmltv_id="FOX Sports 2">FOX Sports 2</channel>
<channel update="i" site="mi.tv2" site_id="ar###fox-sports-3" xmltv_id="FOX Sports 3">FOX Sports 3</channel>
<channel update="i" site="mi.tv2" site_id="ar###fox-sports-cono-sur-capital" xmltv_id="FOX Sports Cono Sur">FOX Sports Cono Sur</channel>
<channel update="i" site="mi.tv2" site_id="ar###fox-sports-hd" xmltv_id="FOX Sports HD">FOX Sports HD</channel>
<channel update="i" site="mi.tv2" site_id="ar###fx" xmltv_id="FX">FX</channel>
<channel update="i" site="mi.tv2" site_id="ar###galicia-tv" xmltv_id="Galicia TV">Galicia TV</channel>
<channel update="i" site="mi.tv2" site_id="ar###glitz" xmltv_id="Glitz">Glitz</channel>
<channel update="i" site="mi.tv2" site_id="ar###golden" xmltv_id="Golden">Golden</channel>
<channel update="i" site="mi.tv2" site_id="ar###golden-edge" xmltv_id="Golden Edge">Golden Edge</channel>
<channel update="i" site="mi.tv2" site_id="ar###h2" xmltv_id="H2">H2</channel>
<channel update="i" site="mi.tv2" site_id="ar###hapsa" xmltv_id="HAPSATV">HAPSATV</channel>
<channel update="i" site="mi.tv2" site_id="ar###hbo" xmltv_id="HBO">HBO</channel>
<channel update="i" site="mi.tv2" site_id="ar###hbo-2" xmltv_id="HBO 2">HBO 2</channel>
<channel update="i" site="mi.tv2" site_id="ar###hbo-2-hd" xmltv_id="HBO 2 HD">HBO 2 HD</channel>
<channel update="i" site="mi.tv2" site_id="ar###hbo-family" xmltv_id="HBO Family">HBO Family</channel>
<channel update="i" site="mi.tv2" site_id="ar###hbo-family-hd" xmltv_id="HBO Family HD">HBO Family HD</channel>
<channel update="i" site="mi.tv2" site_id="ar###hbo-hd-este" xmltv_id="HBO HD Este">HBO HD Este</channel>
<channel update="i" site="mi.tv2" site_id="ar###hbo-oeste" xmltv_id="HBO Oeste">HBO Oeste</channel>
<channel update="i" site="mi.tv2" site_id="ar###hbo-oeste-hd" xmltv_id="HBO Oeste HD">HBO Oeste HD</channel>
<channel update="i" site="mi.tv2" site_id="ar###hbo-plus-este" xmltv_id="HBO Plus Este">HBO Plus Este</channel>
<channel update="i" site="mi.tv2" site_id="ar###hbo-plus-panamericano-hd" xmltv_id="HBO Plus Panamericano HD">HBO Plus Panamericano HD</channel>
<channel update="i" site="mi.tv2" site_id="ar###hbo-plus-pan-regional" xmltv_id="HBO Plus Panregional">BO Plus Panregional</channel>
<channel update="i" site="mi.tv2" site_id="ar###hbo-plus-pan-regional-hd" xmltv_id="HBO Plus Panregional HD">HBO Plus Panregional HD</channel>
<channel update="i" site="mi.tv2" site_id="ar###hbo-signature" xmltv_id="HBO Signature">HBO Signature</channel>
<channel update="i" site="mi.tv2" site_id="ar###hbo-signature-hd" xmltv_id="HBO Signature HD">HBO Signature HD</channel>
<channel update="i" site="mi.tv2" site_id="ar###hispan-tv" xmltv_id="HispanTV">HispanTV</channel>
<channel update="i" site="mi.tv2" site_id="ar###history" xmltv_id="History">History</channel>
<channel update="i" site="mi.tv2" site_id="ar###hola-tv" xmltv_id="Hola TV">Hola TV</channel>
<channel update="i" site="mi.tv2" site_id="ar###htv" xmltv_id="HTV">HTV</channel>
<channel update="i" site="mi.tv2" site_id="ar###i-sat" xmltv_id="I-SAT">I-SAT</channel>
<channel update="i" site="mi.tv2" site_id="ar###incaa-tv" xmltv_id="INCAA TV">INCAA TV</channel>
<channel update="i" site="mi.tv2" site_id="ar###investigation-discovery" xmltv_id="Investigation Discovery">Investigation Discovery</channel>
<channel update="i" site="mi.tv2" site_id="ar###lifetime" xmltv_id="Lifetime">Lifetime</channel>
<channel update="i" site="mi.tv2" site_id="ar###magazine" xmltv_id="Magazine">Magazine</channel>
<channel update="i" site="mi.tv2" site_id="ar###max" xmltv_id="Max">Max</channel>
<channel update="i" site="mi.tv2" site_id="ar###max-prime" xmltv_id="Max Prime">Max Prime</channel>
<channel update="i" site="mi.tv2" site_id="ar###max-prime-o" xmltv_id="Max Prime O">Max Prime O</channel>
<channel update="i" site="mi.tv2" site_id="ar###max-prime-panamericano-hd" xmltv_id="Max Prime Panamericano HD">Max Prime Panamericano HD</channel>
<channel update="i" site="mi.tv2" site_id="ar###max-prime-panregional-hd" xmltv_id="Max Prime Panregional HD">Max Prime Panregional HD</channel>
<channel update="i" site="mi.tv2" site_id="ar###max-up" xmltv_id="Max Up">Max Up</channel>
<channel update="i" site="mi.tv2" site_id="ar###metro" xmltv_id="Metro">Metro</channel>
<channel update="i" site="mi.tv2" site_id="ar###mtv" xmltv_id="MTV">MTV</channel>
<channel update="i" site="mi.tv2" site_id="ar###mtv-hits" xmltv_id="MTV Hits">MTV Hits</channel>
<channel update="i" site="mi.tv2" site_id="ar###muchmusic" xmltv_id="MuchMusic">MuchMusic</channel>
<channel update="i" site="mi.tv2" site_id="ar###mas-chic" xmltv_id="Más Chic">Más Chic</channel>
<channel update="i" site="mi.tv2" site_id="ar###nat-geo-wild" xmltv_id="Nat Geo Wild">at Geo Wild</channel>
<channel update="i" site="mi.tv2" site_id="ar###national-geographic" xmltv_id="National Geographic">National Geographic</channel>
<channel update="i" site="mi.tv2" site_id="ar###nickelodeon" xmltv_id="Nickelodeon">Nickelodeon</channel>
<channel update="i" site="mi.tv2" site_id="ar###pakapaka" xmltv_id="Pakapaka">Pakapaka</channel>
<channel update="i" site="mi.tv2" site_id="ar###paramount-channel" xmltv_id="Paramount Channel">Paramount Channel</channel>
<channel update="i" site="mi.tv2" site_id="ar###pasiones" xmltv_id="Pasiones">Pasiones</channel>
<channel update="i" site="mi.tv2" site_id="ar###penthouse" xmltv_id="Penthouse">Penthouse</channel>
<channel update="i" site="mi.tv2" site_id="ar###playboy" xmltv_id="Playboy">Playboy</channel>
<channel update="i" site="mi.tv2" site_id="ar###quiero" xmltv_id="Quiero">Quiero</channel>
<channel update="i" site="mi.tv2" site_id="ar###rai" xmltv_id="RAI">RAI</channel>
<channel update="i" site="mi.tv2" site_id="ar###russia-today-hd" xmltv_id="Russia Today HD">Russia Today HD</channel>
<channel update="i" site="mi.tv2" site_id="ar###sony" xmltv_id="Sony">Sony</channel>
<channel update="i" site="mi.tv2" site_id="ar###sony-hd" xmltv_id="Sony HD">Sony HD</channel>
<channel update="i" site="mi.tv2" site_id="ar###space" xmltv_id="Space">Space</channel>
<channel update="i" site="mi.tv2" site_id="ar###studio-universal" xmltv_id="Studio Universal">Studio Universal</channel>
<channel update="i" site="mi.tv2" site_id="ar###sundance-channel" xmltv_id="Sundance Channel">Sundance Channel</channel>
<channel update="i" site="mi.tv2" site_id="ar###sy-fy" xmltv_id="SyFy">SyFy</channel>
<channel update="i" site="mi.tv2" site_id="ar###tateti" xmltv_id="TaTeTi">TaTeTi</channel>
<channel update="i" site="mi.tv2" site_id="ar###tbs" xmltv_id="TBS">TBS</channel>
<channel update="i" site="mi.tv2" site_id="ar###tcm" xmltv_id="TCM">TCM</channel>
<channel update="i" site="mi.tv2" site_id="ar###tecnopolis" xmltv_id="Tecnópolis TV">Tecnópolis TV</channel>
<channel update="i" site="mi.tv2" site_id="ar###telefe" xmltv_id="Telefe">Telefe</channel>
<channel update="i" site="mi.tv2" site_id="ar###telemundo" xmltv_id="Telemundo">Telemundo</channel>
<channel update="i" site="mi.tv2" site_id="ar###teleocho" xmltv_id="Teleocho">Teleocho</channel>
<channel update="i" site="mi.tv2" site_id="ar###telesur" xmltv_id="teleSUR">teleSUR</channel>
<channel update="i" site="mi.tv2" site_id="ar###discovery-tlc" xmltv_id="TLC">TLC</channel>
<channel update="i" site="mi.tv2" site_id="ar###tlnovelas" xmltv_id="TLNovelas">TLNovelas</channel>
<channel update="i" site="mi.tv2" site_id="ar###tn" xmltv_id="TN">TN</channel>
<channel update="i" site="mi.tv2" site_id="ar###tnt" xmltv_id="TNT">TNT</channel>
<channel update="i" site="mi.tv2" site_id="ar###tnt-series" xmltv_id="TNT Series">TNT Series</channel>
<channel update="i" site="mi.tv2" site_id="ar###tru-tv" xmltv_id="truTV">truTV</channel>
<channel update="i" site="mi.tv2" site_id="ar###turismo-vision-argentina" xmltv_id="Turismo Visión Argentina">Turismo Visión Argentina</channel>
<channel update="i" site="mi.tv2" site_id="ar###tv-5" xmltv_id="TV 5">TV 5</channel>
<channel update="i" site="mi.tv2" site_id="ar###tve" xmltv_id="TVE">TVE</channel>
<channel update="i" site="mi.tv2" site_id="ar###tv-globo" xmltv_id="TV Globo">TV Globo</channel>
<channel update="i" site="mi.tv2" site_id="ar###tvn-chile" xmltv_id="TVN CHILE">VN CHILE</channel>
<channel update="i" site="mi.tv2" site_id="ar###canal-7-capital" xmltv_id="TV Pública">TV Pública</channel>
<channel update="i" site="mi.tv2" site_id="ar###tyc-sports" xmltv_id="TyC Sports">yC Sports</channel>
<channel update="i" site="mi.tv2" site_id="ar###tyc-alternativa" xmltv_id="TyC Sports 2">TyC Sports 2</channel>
<channel update="i" site="mi.tv2" site_id="ar###universal-channel" xmltv_id="Universal Channel">Universal Channel</channel>
<channel update="i" site="mi.tv2" site_id="ar###venus" xmltv_id="Venus">Venus</channel>
<channel update="i" site="mi.tv2" site_id="ar###vh1" xmltv_id="VH1">VH1</channel>
<channel update="i" site="mi.tv2" site_id="ar###vh1-soul" xmltv_id="VH1 Soul">VH1 Sou</channel>
<channel update="i" site="mi.tv2" site_id="ar###viajar" xmltv_id="Viajar">Viajar</channel>
<channel update="i" site="mi.tv2" site_id="ar###volver" xmltv_id="Volver">Volver</channel>
<channel update="i" site="mi.tv2" site_id="ar###warner-channel" xmltv_id="Warner Channel">Warner Channel</channel>
<channel update="i" site="mi.tv2" site_id="ar###zoomoo" xmltv_id="ZooMoo">ZooMoo</channel>
<channel update="i" site="mi.tv2" site_id="br###rede-globo" xmltv_id="Globo">Globo</channel>
<channel update="i" site="mi.tv2" site_id="br###record" xmltv_id="Record">Record</channel>
<channel update="i" site="mi.tv2" site_id="br###sbt" xmltv_id="SBT">SBT</channel>
<channel update="i" site="mi.tv2" site_id="br###band" xmltv_id="Band São Paulo">Band São Paulo</channel>
<channel update="i" site="mi.tv2" site_id="br###rede-tv" xmltv_id="RedeTV!">RedeTV!</channel>
<channel update="i" site="mi.tv2" site_id="br###cultura" xmltv_id="Cultura">Cultura</channel>
<channel update="i" site="mi.tv2" site_id="br###futura" xmltv_id="Futura">Futura</channel>
<channel update="i" site="mi.tv2" site_id="br###cnt" xmltv_id="CNT">CNT</channel>
<channel update="i" site="mi.tv2" site_id="br###nbr" xmltv_id="NBR">NBR</channel>
<channel update="i" site="mi.tv2" site_id="br###tnt" xmltv_id="TNT">TNT</channel>
<channel update="i" site="mi.tv2" site_id="br###fox" xmltv_id="FOX">FOX</channel>
<channel update="i" site="mi.tv2" site_id="br###hbo" xmltv_id="HBO">HBO</channel>
<channel update="i" site="mi.tv2" site_id="br###sony" xmltv_id="Sony">Sony</channel>
<channel update="i" site="mi.tv2" site_id="br###axn" xmltv_id="AXN">AXN</channel>
<channel update="i" site="mi.tv2" site_id="br###a-e" xmltv_id="A&amp;E">A&amp;E</channel>
<channel update="i" site="mi.tv2" site_id="br###amc-brasil" xmltv_id="AMC Brasil">AMC Brasil</channel>
<channel update="i" site="mi.tv2" site_id="br###warner-channel" xmltv_id="Warner Channel">Warner Channel</channel>
<channel update="i" site="mi.tv2" site_id="br###universal" xmltv_id="Universal">Universal</channel>
<channel update="i" site="mi.tv2" site_id="br###telecine-premium" xmltv_id="Telecine Premium">Telecine Premium</channel>
<channel update="i" site="mi.tv2" site_id="br###mtv-brasil" xmltv_id="MTV Brasil">MTV Brasil</channel>
<channel update="i" site="mi.tv2" site_id="br###viva" xmltv_id="VIVA">VIVA</channel>
<channel update="i" site="mi.tv2" site_id="br###discovery" xmltv_id="Discovery">Discovery</channel>
<channel update="i" site="mi.tv2" site_id="br###national-geographic" xmltv_id="National Geographic">National Geographic</channel>
<channel update="i" site="mi.tv2" site_id="br###history-channel" xmltv_id="History Channel">History Channel</channel>
<channel update="i" site="mi.tv2" site_id="br###h2" xmltv_id="H2">H2</channel>
<channel update="i" site="mi.tv2" site_id="br###fox-sports" xmltv_id="FOX Sports">FOX Sports</channel>
<channel update="i" site="mi.tv2" site_id="br###sportv" xmltv_id="SporTV">SporTV</channel>
<channel update="i" site="mi.tv2" site_id="br###esporte-interativo" xmltv_id="Esporte Interativo">Esporte Interativo</channel>
<channel update="i" site="mi.tv2" site_id="br###espn" xmltv_id="ESPN Brasil">ESPN Brasil</channel>
<channel update="i" site="mi.tv2" site_id="br###gloob" xmltv_id="Gloob">Gloob</channel>
<channel update="i" site="mi.tv2" site_id="br###disney" xmltv_id="Disney">Disney</channel>
<channel update="i" site="mi.tv2" site_id="br###discovery-home-health" xmltv_id="Discovery Home &amp; Health">Discovery Home &amp; Health</channel>
<channel update="i" site="mi.tv2" site_id="br###discovery-kids" xmltv_id="Discovery Kids">Discovery Kids</channel>
<channel update="i" site="mi.tv2" site_id="br###cartoon" xmltv_id="Cartoon Network">Cartoon Network</channel>
<channel update="i" site="mi.tv2" site_id="br###nickelodeon" xmltv_id="Nickelodeon">Nickelodeon</channel>
<channel update="i" site="mi.tv2" site_id="br###boomerang" xmltv_id="Boomerang">Boomerang</channel>
<channel update="i" site="mi.tv2" site_id="br###globo-news" xmltv_id="Globo News">Globo News</channel>
<channel update="i" site="mi.tv2" site_id="br###record-news" xmltv_id="Record News">Record News</channel>
<channel update="i" site="mi.tv2" site_id="br###bbc-news" xmltv_id="BBC News">BBC News</channel>
<channel update="i" site="mi.tv2" site_id="br###cnn" xmltv_id="CNN">CNN</channel>
<channel update="i" site="mi.tv2" site_id="br###globosat" xmltv_id="+ Globosat">+ Globosat</channel>
<channel update="i" site="mi.tv2" site_id="br###animal-planet" xmltv_id="Animal Planet">Animal Planet</channel>
<channel update="i" site="mi.tv2" site_id="br###axn-hd" xmltv_id="AXN HD">AXN HD</channel>
<channel update="i" site="mi.tv2" site_id="br###band-belem" xmltv_id="Band Belém">Band Belém</channel>
<channel update="i" site="mi.tv2" site_id="br###band-curitiba" xmltv_id="Band Curitiba">Band Curitiba</channel>
<channel update="i" site="mi.tv2" site_id="br###band-minas" xmltv_id="Band Minas">Band Minas</channel>
<channel update="i" site="mi.tv2" site_id="br###band-news" xmltv_id="Band News">Band News</channel>
<channel update="i" site="mi.tv2" site_id="br###band-porto-alegre" xmltv_id="Band Porto Alegre">Band Porto Alegre</channel>
<channel update="i" site="mi.tv2" site_id="br###band-rio" xmltv_id="Band Rio">Band Rio</channel>
<channel update="i" site="mi.tv2" site_id="br###bandsports" xmltv_id="BandSports">BandSports</channel>
<channel update="i" site="mi.tv2" site_id="br###bh-news-tv" xmltv_id="BH News TV">BH News TV</channel>
<channel update="i" site="mi.tv2" site_id="br###bloomberg" xmltv_id="Bloomberg">Bloomberg</channel>
<channel update="i" site="mi.tv2" site_id="br###boa-vontade-tv" xmltv_id="Boa Vontade TV">Boa Vontade TV</channel>
<channel update="i" site="mi.tv2" site_id="br###canal-adulto" xmltv_id="Canal Adulto">Canal Adulto</channel>
<channel update="i" site="mi.tv2" site_id="br###canal-agromix" xmltv_id="Canal Agromix">Canal Agromix</channel>
<channel update="i" site="mi.tv2" site_id="br###canal-brasil" xmltv_id="Canal Brasil">Canal Brasil</channel>
<channel update="i" site="mi.tv2" site_id="br###canal-brasil-hd" xmltv_id="Canal Brasil HD">Canal Brasil HD</channel>
<channel update="i" site="mi.tv2" site_id="br###canal-legislativo-tval" xmltv_id="Canal Legislativo TVAL">Canal Legislativo TVAL</channel>
<channel update="i" site="mi.tv2" site_id="br###canal-rural" xmltv_id="Canal Rural">Canal Rural</channel>
<channel update="i" site="mi.tv2" site_id="br###canc-o-nova" xmltv_id="Canção Nova">Canção Nova</channel>
<channel update="i" site="mi.tv2" site_id="br###chef-tv" xmltv_id="Chef TV">Chef TV</channel>
<channel update="i" site="mi.tv2" site_id="br###cinebrasil-tv" xmltv_id="Cine Brasil TV">Cine Brasil TV</channel>
<channel update="i" site="mi.tv2" site_id="br###cinemax" xmltv_id="Cinemax">Cinemax</channel>
<channel update="i" site="mi.tv2" site_id="br###comedy-central" xmltv_id="Comedy Central">Comedy Central</channel>
<channel update="i" site="mi.tv2" site_id="br###cultura-hd" xmltv_id="Cultura HD">Cultura HD</channel>
<channel update="i" site="mi.tv2" site_id="br###discovery-hd" xmltv_id="Discovery HD">Discovery HD</channel>
<channel update="i" site="mi.tv2" site_id="br###discovery-home-health-hd" xmltv_id="Discovery Home &amp; Health HD">Discovery Home &amp; Health HD</channel>
<channel update="i" site="mi.tv2" site_id="br###discovery-science" xmltv_id="Discovery Science">Discovery Science</channel>
<channel update="i" site="mi.tv2" site_id="br###discovery-theater-hd" xmltv_id="Discovery Theater HD">Discovery Theater HD</channel>
<channel update="i" site="mi.tv2" site_id="br###discovery-turbo" xmltv_id="Discovery Turbo">Discovery Turbo</channel>
<channel update="i" site="mi.tv2" site_id="br###discovery-turbo-hd" xmltv_id="Discovery Turbo HD">Discovery Turbo HD</channel>
<channel update="i" site="mi.tv2" site_id="br###disney-hd" xmltv_id="Disney HD">Disney HD</channel>
<channel update="i" site="mi.tv2" site_id="br###discovery-world-hd" xmltv_id="Discovery World HD">Discovery World HD</channel>
<channel update="i" site="mi.tv2" site_id="br###disney-junior" xmltv_id="Disney Junior">Disney Junior</channel>
<channel update="i" site="mi.tv2" site_id="br###disney-xd" xmltv_id="Disney XD">Disney XD</channel>
<channel update="i" site="mi.tv2" site_id="br###deutsche-welle" xmltv_id="DW (Deutsch+)">DW (Deutsch+)</channel>
<channel update="i" site="mi.tv2" site_id="br###e" xmltv_id="E!">E!</channel>
<channel update="i" site="mi.tv2" site_id="br###espn-plus" xmltv_id="ESPN +">ESPN +</channel>
<channel update="i" site="mi.tv2" site_id="br###espn-sur-andina-93a" xmltv_id="ESPN Sur Andina (93A)">ESPN Sur Andina (93A)</channel>
<channel update="i" site="mi.tv2" site_id="br###eurochannel" xmltv_id="Eurochannel">Eurochannel</channel>
<channel update="i" site="mi.tv2" site_id="br###fashion-tv" xmltv_id="Fashion TV">Fashion TV</channel>
<channel update="i" site="mi.tv2" site_id="br###film-arts" xmltv_id="Film &amp; Arts">Film &amp; Arts</channel>
<channel update="i" site="mi.tv2" site_id="br###fishtv" xmltv_id="FishTV">FishTV</channel>
<channel update="i" site="mi.tv2" site_id="br###fox-life" xmltv_id="FOX Life">FOX Life</channel>
<channel update="i" site="mi.tv2" site_id="br###fox-sports-2" xmltv_id="FOX Sports 2">FOX Sports 2</channel>
<channel update="i" site="mi.tv2" site_id="br###fox-sports-2-hd" xmltv_id="FOX Sports 2 HD">FOX Sports 2 HD</channel>
<channel update="i" site="mi.tv2" site_id="br###fox-sports-hd" xmltv_id="FOX Sports HD">FOX Sports HD</channel>
<channel update="i" site="mi.tv2" site_id="br###furb-tv" xmltv_id="FURB TV">FURB TV</channel>
<channel update="i" site="mi.tv2" site_id="br###fx" xmltv_id="FX">FX</channel>
<channel update="i" site="mi.tv2" site_id="br###globo-amazonas" xmltv_id="Globo Amazonas">Globo Amazonas</channel>
<channel update="i" site="mi.tv2" site_id="br###globo-anhanguera" xmltv_id="Globo Anhanguera">Globo Anhanguera</channel>
<channel update="i" site="mi.tv2" site_id="br###rede-globo-aracaju" xmltv_id="Globo Aracaju">Globo Aracaju</channel>
<channel update="i" site="mi.tv2" site_id="br###globo-belem-liberal" xmltv_id="Globo Belém Liberal">Globo Belém Liberal</channel>
<channel update="i" site="mi.tv2" site_id="br###globo-brasilia-hd" xmltv_id="Globo Brasília HD">Globo Brasília HD</channel>
<channel update="i" site="mi.tv2" site_id="br###globo-hd" xmltv_id="Globo HD">Globo HD</channel>
<channel update="i" site="mi.tv2" site_id="br###globo-natal" xmltv_id="Globo Natal">Globo Natal</channel>
<channel update="i" site="mi.tv2" site_id="br###globo-rbs-tv-poa" xmltv_id="Globo RBS TV Poa">Globo RBS TV Poa</channel>
<channel update="i" site="mi.tv2" site_id="br###globo-recife" xmltv_id="Globo Recife">Globo Recife</channel>
<channel update="i" site="mi.tv2" site_id="br###globo-rj" xmltv_id="Globo RJ">Globo RJ</channel>
<channel update="i" site="mi.tv2" site_id="br###rede-globo-teresina" xmltv_id="Globo Teresina">Globo Teresina</channel>
<channel update="i" site="mi.tv2" site_id="br###globo-tv-bahia" xmltv_id="Globo TV Bahia">Globo TV Bahia</channel>
<channel update="i" site="mi.tv2" site_id="br###globo-tv-internacional" xmltv_id="Globo TV Internacional">Globo TV Internacional</channel>
<channel update="i" site="mi.tv2" site_id="br###globo-tv-tem-bauru" xmltv_id="Globo TV Tem Bauru">Globo TV Tem Bauru</channel>
<channel update="i" site="mi.tv2" site_id="br###globo-tv-tribuna" xmltv_id="Globo TV Tribuna">Globo TV Tribuna</channel>
<channel update="i" site="mi.tv2" site_id="br###globo-tv-vanguarda" xmltv_id="Globo TV Vanguarda">Globo TV Vanguarda</channel>
<channel update="i" site="mi.tv2" site_id="br###gloob-hd" xmltv_id="Gloob HD">Gloob HD</channel>
<channel update="i" site="mi.tv2" site_id="br###gnt" xmltv_id="GNT">GNT</channel>
<channel update="i" site="mi.tv2" site_id="br###gnt-hd" xmltv_id="GNT HD">GNT HD</channel>
<channel update="i" site="mi.tv2" site_id="br###golf-channel" xmltv_id="Golf Channel">Golf Channel</channel>
<channel update="i" site="mi.tv2" site_id="br###h2-hd" xmltv_id="H2 HD">H2 HD</channel>
<channel update="i" site="mi.tv2" site_id="br###hbo-2" xmltv_id="HBO 2">HBO 2</channel>
<channel update="i" site="mi.tv2" site_id="br###hbo-plus" xmltv_id="HBO Plus">HBO Plus</channel>
<channel update="i" site="mi.tv2" site_id="br###hbo-plus-brasil-hd" xmltv_id="HBO Plus HD">HBO Plus HD</channel>
<channel update="i" site="mi.tv2" site_id="br###hbo-signature" xmltv_id="HBO Signature">HBO Signature</channel>
<channel update="i" site="mi.tv2" site_id="br###history-channel-hd" xmltv_id="HISTORY CHANNEL HD">HISTORY CHANNEL HD</channel>
<channel update="i" site="mi.tv2" site_id="br###i-sat" xmltv_id="I.SAT">I.SAT</channel>
<channel update="i" site="mi.tv2" site_id="br###investigacao-discovery" xmltv_id="Investigação Discovery">Investigação Discovery</channel>
<channel update="i" site="mi.tv2" site_id="br###investigacao-discovery-hd" xmltv_id="Investigação Discovery HD">Investigação Discovery HD</channel>
<channel update="i" site="mi.tv2" site_id="br###latino" xmltv_id="Latino">Latino</channel>
<channel update="i" site="mi.tv2" site_id="br###max" xmltv_id="Max">Max</channel>
<channel update="i" site="mi.tv2" site_id="br###maxprime" xmltv_id="Maxprime">Maxprime</channel>
<channel update="i" site="mi.tv2" site_id="br###maxprime-e" xmltv_id="Maxprime*e">Maxprime*e</channel>
<channel update="i" site="mi.tv2" site_id="br###max-up" xmltv_id="Max Up">Max Up</channel>
<channel update="i" site="mi.tv2" site_id="br###megapix" xmltv_id="Megapix">Megapix</channel>
<channel update="i" site="mi.tv2" site_id="br###megapix-hd" xmltv_id="Megapix HD">Megapix HD</channel>
<channel update="i" site="mi.tv2" site_id="br###mix-tv" xmltv_id="MIX TV">MIX TV</channel>
<channel update="i" site="mi.tv2" site_id="br###mtv" xmltv_id="MTV">MTV</channel>
<channel update="i" site="mi.tv2" site_id="br###multishow" xmltv_id="Multishow">Multishow</channel>
<channel update="i" site="mi.tv2" site_id="br###natgeo-wild-hd" xmltv_id="NatGeo Wild HD">NatGeo Wild HD</channel>
<channel update="i" site="mi.tv2" site_id="br###nbr-florianopolis" xmltv_id="NBR Florianopolis">NBR Florianopolis</channel>
<channel update="i" site="mi.tv2" site_id="br###nhk" xmltv_id="NHK">NHK</channel>
<channel update="i" site="mi.tv2" site_id="br###nick-hd" xmltv_id="Nick HD">Nick HD</channel>
<channel update="i" site="mi.tv2" site_id="br###nick-jr" xmltv_id="Nick Jr.">Nick Jr.</channel>
<channel update="i" site="mi.tv2" site_id="br###nordestv" xmltv_id="NordesTV">NordesTV</channel>
<channel update="i" site="mi.tv2" site_id="br###off" xmltv_id="Off">Off</channel>
<channel update="i" site="mi.tv2" site_id="br###paramount-channel" xmltv_id="Paramount Channel">Paramount Channel</channel>
<channel update="i" site="mi.tv2" site_id="br###paramount-brasil-hd" xmltv_id="Paramount Channel HD">Paramount Channel HD</channel>
<channel update="i" site="mi.tv2" site_id="br###playboy" xmltv_id="Playboy">Playboy</channel>
<channel update="i" site="mi.tv2" site_id="br###play-tv" xmltv_id="Play TV">Play TV</channel>
<channel update="i" site="mi.tv2" site_id="br###premiere-clubes" xmltv_id="Premiere Clubes">Premiere Clubes</channel>
<channel update="i" site="mi.tv2" site_id="br###premiere-futebol-clube-hd" xmltv_id="Premiere FC HD">Premiere FC HD</channel>
<channel update="i" site="mi.tv2" site_id="br###prime-box-brazil" xmltv_id="Prime Box Brazil">Prime Box Brazil</channel>
<channel update="i" site="mi.tv2" site_id="br###rai" xmltv_id="RAI">RAI</channel>
<channel update="i" site="mi.tv2" site_id="br###ra-tim-bum" xmltv_id="RA TIM BUM">RA TIM BUM</channel>
<channel update="i" site="mi.tv2" site_id="br###rbs-tv-florianopolis" xmltv_id="RBS TV Florianópolis">RBS TV Florianópolis</channel>
<channel update="i" site="mi.tv2" site_id="br###rbs-tv-hd" xmltv_id="RBS TV HD">RBS TV HD</channel>
<channel update="i" site="mi.tv2" site_id="br###rbti" xmltv_id="RBTI">RBTI</channel>
<channel update="i" site="mi.tv2" site_id="br###record-aracaju" xmltv_id="Record Aracaju">Record Aracaju</channel>
<channel update="i" site="mi.tv2" site_id="br###record-bahia" xmltv_id="Record Bahia">Record Bahia</channel>
<channel update="i" site="mi.tv2" site_id="br###record-bauru" xmltv_id="Record Bauru">Record Bauru</channel>
<channel update="i" site="mi.tv2" site_id="br###record-belem" xmltv_id="Record Belem">Record Belem</channel>
<channel update="i" site="mi.tv2" site_id="br###record-campinas" xmltv_id="Record Campinas">Record Campinas</channel>
<channel update="i" site="mi.tv2" site_id="br###record-campo-grande" xmltv_id="Record Campo Grande">Record Campo Grande</channel>
<channel update="i" site="mi.tv2" site_id="br###record-cascavel" xmltv_id="Record Cascavel">Record Cascavel</channel>
<channel update="i" site="mi.tv2" site_id="br###record-cuiaba" xmltv_id="Record Cuiaba">Record Cuiaba</channel>
<channel update="i" site="mi.tv2" site_id="br###record-curitiba" xmltv_id="Record Curitiba">Record Curitiba</channel>
<channel update="i" site="mi.tv2" site_id="br###record-florianopolis" xmltv_id="Record Florianopolis">Record Florianopolis</channel>
<channel update="i" site="mi.tv2" site_id="br###record-fortaleza" xmltv_id="Record Fortaleza">Record Fortaleza</channel>
<channel update="i" site="mi.tv2" site_id="br###record-franca" xmltv_id="Record Franca">Record Franca</channel>
<channel update="i" site="mi.tv2" site_id="br###record-goias" xmltv_id="Record Goiás">Record Goiás</channel>
<channel update="i" site="mi.tv2" site_id="br###record-hd" xmltv_id="Record HD">Record HD</channel>
<channel update="i" site="mi.tv2" site_id="br###record-international" xmltv_id="Record International">Record International</channel>
<channel update="i" site="mi.tv2" site_id="br###record-joao-pessoa" xmltv_id="Record Joao Pessoa">Record Joao Pessoa</channel>
<channel update="i" site="mi.tv2" site_id="br###record-maceio" xmltv_id="Record Maceio">Record Maceio</channel>
<channel update="i" site="mi.tv2" site_id="br###record-maringa" xmltv_id="Record Maringa">Record Maringa</channel>
<channel update="i" site="mi.tv2" site_id="br###record-minas" xmltv_id="Record Minas">Record Minas</channel>
<channel update="i" site="mi.tv2" site_id="br###record-natal" xmltv_id="Record Natal">Record Natal</channel>
<channel update="i" site="mi.tv2" site_id="br###record-porto-alegre" xmltv_id="Record Porto Alegre">Record Porto Alegre</channel>
<channel update="i" site="mi.tv2" site_id="br###record-rio" xmltv_id="Record Rio">Record Rio</channel>
<channel update="i" site="mi.tv2" site_id="br###rede-familia" xmltv_id="Rede Familia">Rede Familia</channel>
<channel update="i" site="mi.tv2" site_id="br###rede-gospel" xmltv_id="Rede Gospel">Rede Gospel</channel>
<channel update="i" site="mi.tv2" site_id="br###rede-massa" xmltv_id="Rede Massa">Rede Massa</channel>
<channel update="i" site="mi.tv2" site_id="br###rede-mercosul" xmltv_id="Rede Mercosul">Rede Mercosul</channel>
<channel update="i" site="mi.tv2" site_id="br###rede-ngt-nova-geracao-de-televisao" xmltv_id="Rede NGT">Rede NGT</channel>
<channel update="i" site="mi.tv2" site_id="br###rede-super" xmltv_id="Rede Super">Rede Super</channel>
<channel update="i" site="mi.tv2" site_id="br###rede-tv-hd" xmltv_id="RedeTV! HD">RedeTV! HD</channel>
<channel update="i" site="mi.tv2" site_id="br###rede-tv-pampa" xmltv_id="RedeTV! Pampa">RedeTV! Pampa</channel>
<channel update="i" site="mi.tv2" site_id="br###redetv-rio-de-janeiro" xmltv_id="RedeTV! Rio de Janeiro">RedeTV! Rio de Janeiro</channel>
<channel update="i" site="mi.tv2" site_id="br###rede-tv-sp" xmltv_id="RedeTV! SP">RedeTV! SP</channel>
<channel update="i" site="mi.tv2" site_id="br###rede-tv-sul" xmltv_id="RedeTV! Sul">RedeTV! Sul</channel>
<channel update="i" site="mi.tv2" site_id="br###rede-vida" xmltv_id="Rede Vida">Rede Vida</channel>
<channel update="i" site="mi.tv2" site_id="br###rede-vida-belo-horizonte" xmltv_id="Rede Vida Belo Horizonte">Rede Vida Belo Horizonte</channel>
<channel update="i" site="mi.tv2" site_id="br###rede-vida-cascavel" xmltv_id="Rede Vida Cascavel">Rede Vida Cascavel</channel>
<channel update="i" site="mi.tv2" site_id="br###rede-vida-cuiaba" xmltv_id="Rede Vida Cuiaba">Rede Vida Cuiaba</channel>
<channel update="i" site="mi.tv2" site_id="br###rede-vida-goiania" xmltv_id="Rede Vida Goiania">Rede Vida Goiania</channel>
<channel update="i" site="mi.tv2" site_id="br###rede-vida-hd" xmltv_id="Rede Vida HD">Rede Vida HD</channel>
<channel update="i" site="mi.tv2" site_id="br###rede-vida-porto-alegre" xmltv_id="Rede Vida Porto Alegre">Rede Vida Porto Alegre</channel>
<channel update="i" site="mi.tv2" site_id="br###rede-vida-recife" xmltv_id="Rede Vida Recife">Rede Vida Recife</channel>
<channel update="i" site="mi.tv2" site_id="br###rede-vida-vitoria" xmltv_id="Rede Vida Vitoria">Rede Vida Vitoria</channel>
<channel update="i" site="mi.tv2" site_id="br###sbt-belo-horizonte" xmltv_id="SBT Belo Horizonte">SBT Belo Horizonte</channel>
<channel update="i" site="mi.tv2" site_id="br###sbt-brasilia" xmltv_id="SBT Brasilia">SBT Brasilia</channel>
<channel update="i" site="mi.tv2" site_id="br###sbt-cascavel" xmltv_id="SBT Cascavel">SBT Cascavel</channel>
<channel update="i" site="mi.tv2" site_id="br###sbt-criciuma" xmltv_id="SBT Criciuma">SBT Criciuma</channel>
<channel update="i" site="mi.tv2" site_id="br###sbt-florianopolis" xmltv_id="SBT Florianopolis">SBT Florianopolis</channel>
<channel update="i" site="mi.tv2" site_id="br###sbt-goiania-tv-serra-dourada" xmltv_id="SBT Goiania TV Serra Dourada">SBT Goiania TV Serra Dourada</channel>
<channel update="i" site="mi.tv2" site_id="br###sbt-hd" xmltv_id="SBT HD">SBT HD</channel>
<channel update="i" site="mi.tv2" site_id="br###sbt-juiz-de-fora" xmltv_id="SBT Juiz de Fora">SBT Juiz de Fora</channel>
<channel update="i" site="mi.tv2" site_id="br###sbt-maceio" xmltv_id="SBT Maceio">SBT Maceio</channel>
<channel update="i" site="mi.tv2" site_id="br###sbt-manaus" xmltv_id="SBT Manaus">SBT Manaus</channel>
<channel update="i" site="mi.tv2" site_id="br###sbt-maringa" xmltv_id="SBT Maringa">SBT Maringa</channel>
<channel update="i" site="mi.tv2" site_id="br###sbt-ms" xmltv_id="SBT MS">SBT MS</channel>
<channel update="i" site="mi.tv2" site_id="br###sbt-rio" xmltv_id="SBT Rio">SBT Rio</channel>
<channel update="i" site="mi.tv2" site_id="br###sbt-rs" xmltv_id="SBT RS">SBT RS</channel>
<channel update="i" site="mi.tv2" site_id="br###sbt-s-o-paulo" xmltv_id="SBT São Paulo">SBT São Paulo</channel>
<channel update="i" site="mi.tv2" site_id="br###sbt-vitoria" xmltv_id="SBT Vitoria">SBT Vitoria</channel>
<channel update="i" site="mi.tv2" site_id="br###sesctv" xmltv_id="Sesctv">Sesctv</channel>
<channel update="i" site="mi.tv2" site_id="br###sexprive-brasileirinhas" xmltv_id="SexPrive Brasileirinhas">SexPrive Brasileirinhas</channel>
<channel update="i" site="mi.tv2" site_id="br###sextreme-brazil" xmltv_id="Sextreme Brazil">Sextreme Brazil</channel>
<channel update="i" site="mi.tv2" site_id="br###sic" xmltv_id="SIC">SIC</channel>
<channel update="i" site="mi.tv2" site_id="br###sic-internacional" xmltv_id="SIC Internacional">SIC Internacional</channel>
<channel update="i" site="mi.tv2" site_id="br###sony-hd" xmltv_id="Sony HD">Sony HD</channel>
<channel update="i" site="mi.tv2" site_id="br###space" xmltv_id="Space">Space</channel>
<channel update="i" site="mi.tv2" site_id="br###space-hd" xmltv_id="Space HD">Space HD</channel>
<channel update="i" site="mi.tv2" site_id="br###sportv2" xmltv_id="SporTV2">SporTV2</channel>
<channel update="i" site="mi.tv2" site_id="br###sportv3" xmltv_id="SporTV3">SporTV3</channel>
<channel update="i" site="mi.tv2" site_id="br###studio-universal" xmltv_id="Studio Universal">Studio Universal</channel>
<channel update="i" site="mi.tv2" site_id="br###sucesso" xmltv_id="Sucesso">Sucesso</channel>
<channel update="i" site="mi.tv2" site_id="br###syfy" xmltv_id="SyFy">SyFy</channel>
<channel update="i" site="mi.tv2" site_id="br###tbs" xmltv_id="TBS">TBS</channel>
<channel update="i" site="mi.tv2" site_id="br###tbs-hd" xmltv_id="TBS HD">TBS HD</channel>
<channel update="i" site="mi.tv2" site_id="br###tcm" xmltv_id="TCM">TCM</channel>
<channel update="i" site="mi.tv2" site_id="br###telecine-action" xmltv_id="Telecine Action">Telecine Action</channel>
<channel update="i" site="mi.tv2" site_id="br###telecine-action-hd" xmltv_id="Telecine Action HD">Telecine Action HD</channel>
<channel update="i" site="mi.tv2" site_id="br###telecine-cult" xmltv_id="Telecine Cult">Telecine Cult</channel>
<channel update="i" site="mi.tv2" site_id="br###telecine-fun" xmltv_id="Telecine Fun">Telecine Fun</channel>
<channel update="i" site="mi.tv2" site_id="br###telecine-fun-hd" xmltv_id="Telecine Fun HD">Telecine Fun HD</channel>
<channel update="i" site="mi.tv2" site_id="br###telecine-pipoca" xmltv_id="Telecine Pipoca">Telecine Pipoca</channel>
<channel update="i" site="mi.tv2" site_id="br###telecine-pipoca-hd" xmltv_id="Telecine Pipoca HD">Telecine Pipoca HD</channel>
<channel update="i" site="mi.tv2" site_id="br###telecine-premium-hd" xmltv_id="Telecine Premium HD">Telecine Premium HD</channel>
<channel update="i" site="mi.tv2" site_id="br###telecine-touch" xmltv_id="Telecine Touch">Telecine Touch</channel>
<channel update="i" site="mi.tv2" site_id="br###telecine-touch-hd" xmltv_id="Telecine Touch HD">Telecine Touch HD</channel>
<channel update="i" site="mi.tv2" site_id="br###terra-viva" xmltv_id="Terra Viva">Terra Viva</channel>
<channel update="i" site="mi.tv2" site_id="br###tlc" xmltv_id="TLC">TLC</channel>
<channel update="i" site="mi.tv2" site_id="br###tnt-hd" xmltv_id="TNT HD">TNT HD</channel>
<channel update="i" site="mi.tv2" site_id="br###tnt-series" xmltv_id="TNT Series">TNT Series</channel>
<channel update="i" site="mi.tv2" site_id="br###tooncast" xmltv_id="Tooncast">Tooncast</channel>
<channel update="i" site="mi.tv2" site_id="br###travel-box-brazil" xmltv_id="Travel Box Brazil">Travel Box Brazil</channel>
<channel update="i" site="mi.tv2" site_id="br###trutv" xmltv_id="truTV">truTV</channel>
<channel update="i" site="mi.tv2" site_id="br###trutv-hd" xmltv_id="truTV HD">truTV HD</channel>
<channel update="i" site="mi.tv2" site_id="br###tv5" xmltv_id="TV5">TV5</channel>
<channel update="i" site="mi.tv2" site_id="br###tv-alterosa" xmltv_id="TV Alterosa">TV Alterosa</channel>
<channel update="i" site="mi.tv2" site_id="br###tv-ambiental" xmltv_id="TV Ambiental">TV Ambiental</channel>
<channel update="i" site="mi.tv2" site_id="br###tv-aparecida" xmltv_id="TV Aparecida">TV Aparecida</channel>
<channel update="i" site="mi.tv2" site_id="br###tv-aperipe" xmltv_id="TV Aperipê">TV Aperipê</channel>
<channel update="i" site="mi.tv2" site_id="br###tv-brasil" xmltv_id="TV Brasil">TV Brasil</channel>
<channel update="i" site="mi.tv2" site_id="br###tv-cei" xmltv_id="TV Cei">TV Cei</channel>
<channel update="i" site="mi.tv2" site_id="br###tv-centro-america" xmltv_id="TV Centro América">TV Centro América</channel>
<channel update="i" site="mi.tv2" site_id="br###tv-climatempo" xmltv_id="TV Climatempo">TV Climatempo</channel>
<channel update="i" site="mi.tv2" site_id="br###tv-camara" xmltv_id="TV Câmara">TV Câmara</channel>
<channel update="i" site="mi.tv2" site_id="br###tve" xmltv_id="TVE">TVE</channel>
<channel update="i" site="mi.tv2" site_id="br###tv-educativa" xmltv_id="TV Educativa">TV Educativa</channel>
<channel update="i" site="mi.tv2" site_id="br###tv-escola" xmltv_id="TV Escola">TV Escola</channel>
<channel update="i" site="mi.tv2" site_id="br###tv-gazeta" xmltv_id="TV Gazeta">TV Gazeta</channel>
<channel update="i" site="mi.tv2" site_id="br###tv-globo-panorama" xmltv_id="TV Globo Panorama">TV Globo Panorama</channel>
<channel update="i" site="mi.tv2" site_id="br###tv-integrac-o" xmltv_id="TV Integração">TV Integração</channel>
<channel update="i" site="mi.tv2" site_id="br###tv-jangadeiro" xmltv_id="TV Jangadeiro">TV Jangadeiro</channel>
<channel update="i" site="mi.tv2" site_id="br###tv-jornal" xmltv_id="TV Jornal">TV Jornal</channel>
<channel update="i" site="mi.tv2" site_id="br###tv-justica" xmltv_id="TV Justiça">TV Justiça</channel>
<channel update="i" site="mi.tv2" site_id="br###tv-liberal" xmltv_id="TV Liberal">TV Liberal</channel>
<channel update="i" site="mi.tv2" site_id="br###tv-mar-alagoas" xmltv_id="TV Mar Alagoas">TV Mar Alagoas</channel>
<channel update="i" site="mi.tv2" site_id="br###tv-novo-tempo" xmltv_id="TV Novo Tempo">TV Novo Tempo</channel>
<channel update="i" site="mi.tv2" site_id="br###tv-omega" xmltv_id="TV Omega">TV Omega</channel>
<channel update="i" site="mi.tv2" site_id="br###tv-rio-sul" xmltv_id="TV Rio Sul">TV Rio Sul</channel>
<channel update="i" site="mi.tv2" site_id="br###tv-senado" xmltv_id="TV SENADO">TV SENADO</channel>
<channel update="i" site="mi.tv2" site_id="br###tv-sorocaba" xmltv_id="TV Sorocaba">TV Sorocaba</channel>
<channel update="i" site="mi.tv2" site_id="br###tv-uni-o" xmltv_id="TV União">TV União</channel>
<channel update="i" site="mi.tv2" site_id="br###vh1" xmltv_id="VH1">VH1</channel>
<channel update="i" site="mi.tv2" site_id="br###warner-channel-hd" xmltv_id="Warner Channel HD">Warner Channel HD</channel>
<channel update="i" site="mi.tv2" site_id="br###woohoo" xmltv_id="WooHoo">WooHoo</channel>
<channel update="i" site="mi.tv2" site_id="br###record-brasilia" xmltv_id="Record Brasília">Record Brasília</channel>
<channel update="i" site="mi.tv2" site_id="co###caracol" xmltv_id="Caracol">Caracol</channel>
<channel update="i" site="mi.tv2" site_id="co###rcn" xmltv_id="RCN">RCN</channel>
<channel update="i" site="mi.tv2" site_id="co###tnt" xmltv_id="TNT">TNT</channel>
<channel update="i" site="mi.tv2" site_id="co###fox" xmltv_id="FOX">FOX</channel>
<channel update="i" site="mi.tv2" site_id="co###win-sports" xmltv_id="Win Sports">Win Sports</channel>
<channel update="i" site="mi.tv2" site_id="co###fox-sports" xmltv_id="FOX Sports">FOX Sports</channel>
<channel update="i" site="mi.tv2" site_id="co###canal-uno" xmltv_id="Canal 1">Canal 1</channel>
<channel update="i" site="mi.tv2" site_id="co###citytv" xmltv_id="Citytv">Citytv</channel>
<channel update="i" site="mi.tv2" site_id="co###hbo" xmltv_id="HBO">HBO</channel>
<channel update="i" site="mi.tv2" site_id="co###sony" xmltv_id="Sony">Sony</channel>
<channel update="i" site="mi.tv2" site_id="co###axn" xmltv_id="AXN">AXN</channel>
<channel update="i" site="mi.tv2" site_id="co###espn" xmltv_id="ESPN">ESPN</channel>
<channel update="i" site="mi.tv2" site_id="co###espn-2" xmltv_id="ESPN 2">ESPN 2</channel>
<channel update="i" site="mi.tv2" site_id="co###fox-sports-2" xmltv_id="FOX Sports 2">FOX Sports 2</channel>
<channel update="i" site="mi.tv2" site_id="co###fox-sports-3" xmltv_id="FOX Sports 3">FOX Sports 3</channel>
<channel update="i" site="mi.tv2" site_id="co###discovery-channel" xmltv_id="Discovery Channel">Discovery Channel</channel>
<channel update="i" site="mi.tv2" site_id="co###national-geographic" xmltv_id="National Geographic">National Geographic</channel>
<channel update="i" site="mi.tv2" site_id="co###animal-planet" xmltv_id="Animal Planet">Animal Planet</channel>
<channel update="i" site="mi.tv2" site_id="co###warner" xmltv_id="Warner Channel">Warner Channel</channel>
<channel update="i" site="mi.tv2" site_id="co###rcn-novelas" xmltv_id="RCN Novelas">RCN Novelas</channel>
<channel update="i" site="mi.tv2" site_id="co###tlnovelas" xmltv_id="TLNovelas">TLNovelas</channel>
<channel update="i" site="mi.tv2" site_id="co###caracol-novelas" xmltv_id="Novelas Caracol">Novelas Caracol</channel>
<channel update="i" site="mi.tv2" site_id="co###cinemax" xmltv_id="Cinemax">Cinemax</channel>
<channel update="i" site="mi.tv2" site_id="co###cinecanal" xmltv_id="Cinecanal">Cinecanal</channel>
<channel update="i" site="mi.tv2" site_id="co###fx-movies" xmltv_id="FX Movies">FX Movies</channel>
<channel update="i" site="mi.tv2" site_id="co###multipremier" xmltv_id="Multipremier">Multipremier</channel>
<channel update="i" site="mi.tv2" site_id="co###fx" xmltv_id="FX">FX</channel>
<channel update="i" site="mi.tv2" site_id="co###golden" xmltv_id="Golden">Golden</channel>
<channel update="i" site="mi.tv2" site_id="co###universal-channel" xmltv_id="Universal Channel">Universal Channel</channel>
<channel update="i" site="mi.tv2" site_id="co###studio-universal" xmltv_id="Studio Universal">Studio Universal</channel>
<channel update="i" site="mi.tv2" site_id="co###comedy-central" xmltv_id="Comedy Central">Comedy Central</channel>
<channel update="i" site="mi.tv2" site_id="co###space" xmltv_id="Space">Space</channel>
<channel update="i" site="mi.tv2" site_id="co###disney-multicountry" xmltv_id="Disney Channel">Disney Channel</channel>
<channel update="i" site="mi.tv2" site_id="co###disney-xd-multicountry" xmltv_id="Disney XD">Disney XD</channel>
<channel update="i" site="mi.tv2" site_id="co###cartoon-network" xmltv_id="Cartoon Network">Cartoon Network</channel>
<channel update="i" site="mi.tv2" site_id="co###m-tv" xmltv_id="MTV">MTV</channel>
<channel update="i" site="mi.tv2" site_id="co###cnn-en-espanol" xmltv_id="CNN en Español">CNN en Español</channel>
<channel update="i" site="mi.tv2" site_id="co###canal-capital" xmltv_id="Canal Capital">Canal Capital</channel>
<channel update="i" site="mi.tv2" site_id="co###teleantioquia" xmltv_id="Teleantioquia">Teleantioquia</channel>
<channel update="i" site="mi.tv2" site_id="co###telepacifico" xmltv_id="Telepacifico">Telepacifico</channel>
<channel update="i" site="mi.tv2" site_id="co###telecaribe" xmltv_id="Telecaribe">Telecaribe</channel>
<channel update="i" site="mi.tv2" site_id="gt###guatevision" xmltv_id="Guatevision">Guatevision</channel>
<channel update="i" site="mi.tv2" site_id="gt###canal-3" xmltv_id="Canal 3">Canal 3</channel>
<channel update="i" site="mi.tv2" site_id="gt###televisiete" xmltv_id="Canal 7 - Televisiete">Canal 7 - Televisiete</channel>
<channel update="i" site="mi.tv2" site_id="gt###teleonce-canal-11" xmltv_id="Canal 11 - Teleonce">Canal 11 - Teleonce</channel>
<channel update="i" site="mi.tv2" site_id="gt###trecevision-canal-13" xmltv_id="Canal 13 - Trecevisión">Canal 13 - Trecevisión</channel>
<channel update="i" site="mi.tv2" site_id="gt###canal-27" xmltv_id="Canal27">Canal27</channel>
<channel update="i" site="mi.tv2" site_id="gt###canal-antigua" xmltv_id="Canal Antigua">Canal Antigua</channel>
<channel update="i" site="mi.tv2" site_id="gt###azteca-guatemala" xmltv_id="Azteca Guatemala">Azteca Guatemala</channel>
<channel update="i" site="mi.tv2" site_id="gt###fox" xmltv_id="FOX">FOX</channel>
<channel update="i" site="mi.tv2" site_id="gt###tnt" xmltv_id="TNT">TNT</channel>
<channel update="i" site="mi.tv2" site_id="gt###cinemax" xmltv_id="Cinemax">Cinemax</channel>
<channel update="i" site="mi.tv2" site_id="gt###cinecanal" xmltv_id="Cinecanal">Cinecanal</channel>
<channel update="i" site="mi.tv2" site_id="gt###tvc-cine-mexicano-cmc" xmltv_id="Cine Mexicano">Cine Mexicano</channel>
<channel update="i" site="mi.tv2" site_id="gt###amc" xmltv_id="AMC">AMC</channel>
<channel update="i" site="mi.tv2" site_id="gt###hbo-oeste" xmltv_id="HBO Oeste">HBO Oeste</channel>
<channel update="i" site="mi.tv2" site_id="gt###a-e-mundo" xmltv_id="A&amp;E Mundo">A&amp;E Mundo</channel>
<channel update="i" site="mi.tv2" site_id="gt###sony" xmltv_id="Sony">Sony</channel>
<channel update="i" site="mi.tv2" site_id="gt###axn" xmltv_id="AXN">AXN</channel>
<channel update="i" site="mi.tv2" site_id="gt###space" xmltv_id="Space">Space</channel>
<channel update="i" site="mi.tv2" site_id="gt###warner" xmltv_id="Warner Channel">Warner Channel</channel>
<channel update="i" site="mi.tv2" site_id="gt###fox-sy-fy" xmltv_id="Syfy">Syfy</channel>
<channel update="i" site="mi.tv2" site_id="gt###discovery-channel" xmltv_id="Discovery Channel">Discovery Channel</channel>
<channel update="i" site="mi.tv2" site_id="gt###national-geographic" xmltv_id="National Geographic">National Geographic</channel>
<channel update="i" site="mi.tv2" site_id="gt###history" xmltv_id="History">History</channel>
<channel update="i" site="mi.tv2" site_id="gt###disney" xmltv_id="Disney Channel">Disney Channel</channel>
<channel update="i" site="mi.tv2" site_id="gt###canal-antigua-deportes" xmltv_id="Canal Antigua Deportes">Canal Antigua Deportes</channel>
<channel update="i" site="mi.tv2" site_id="gt###espn" xmltv_id="ESPN">ESPN</channel>
<channel update="i" site="mi.tv2" site_id="gt###fox-sports-2" xmltv_id="FOX Sports 2">FOX Sports 2</channel>
<channel update="i" site="mi.tv2" site_id="gt###tyc-sports" xmltv_id="TyC Sports">TyC Sports</channel>
<channel update="i" site="mi.tv2" site_id="gt###m-tv" xmltv_id="MTV">MTV</channel>
<channel update="i" site="mi.tv2" site_id="gt###cartoon-network" xmltv_id="Cartoon Network">Cartoon Network</channel>
<channel update="i" site="mi.tv2" site_id="gt###canal-de-las-estrellas" xmltv_id="Canal de las Estrellas">Canal de las Estrellas</channel>
<channel update="i" site="mi.tv2" site_id="gt###caracol-internacional" xmltv_id="Caracol Internacional">Caracol Internacional</channel>
<channel update="i" site="mi.tv2" site_id="gt###cnn-en-espanol" xmltv_id="CNN en Español">CNN en Español</channel>
<channel update="i" site="mi.tv2" site_id="gt###3abn" xmltv_id="3ABN">3ABN</channel>
<channel update="i" site="mi.tv2" site_id="gt###amc-hd" xmltv_id="AMC HD">AMC HD</channel>
<channel update="i" site="mi.tv2" site_id="gt###animal-planet" xmltv_id="Animal Planet">Animal Planet</channel>
<channel update="i" site="mi.tv2" site_id="gt###az-corazon" xmltv_id="Az Corazón">Az Corazón</channel>
<channel update="i" site="mi.tv2" site_id="gt###az-mundo" xmltv_id="Az Mundo">Az Mundo</channel>
<channel update="i" site="mi.tv2" site_id="gt###azteca-13" xmltv_id="Azteca 13">Azteca 13</channel>
<channel update="i" site="mi.tv2" site_id="gt###cablenoticias" xmltv_id="Cable Noticias">Cable Noticias</channel>
<channel update="i" site="mi.tv2" site_id="gt###canal-nu" xmltv_id="Canal NU">Canal NU</channel>
<channel update="i" site="mi.tv2" site_id="gt###cinecanal-hd" xmltv_id="Cinecanal HD">Cinecanal HD</channel>
<channel update="i" site="mi.tv2" site_id="gt###cinema" xmltv_id="Cinema+">Cinema+</channel>
<channel update="i" site="mi.tv2" site_id="gt###citytv" xmltv_id="Citytv">Citytv</channel>
<channel update="i" site="mi.tv2" site_id="gt###dhe" xmltv_id="DHE">DHE</channel>
<channel update="i" site="mi.tv2" site_id="gt###discovery-home-and-health" xmltv_id="Discovery Home &amp; Health">Discovery Home &amp; Health</channel>
<channel update="i" site="mi.tv2" site_id="gt###discovery-kids" xmltv_id="Discovery Kids">Discovery Kids</channel>
<channel update="i" site="mi.tv2" site_id="gt###discovery-world-hd" xmltv_id="Discovery World HD">Discovery World HD</channel>
<channel update="i" site="mi.tv2" site_id="gt###disney-jr" xmltv_id="Disney Junior">Disney Junior</channel>
<channel update="i" site="mi.tv2" site_id="gt###distrito-comedia" xmltv_id="Distrito Comedia">Distrito Comedia</channel>
<channel update="i" site="mi.tv2" site_id="gt###entertainment" xmltv_id="E!">E!</channel>
<channel update="i" site="mi.tv2" site_id="gt###enlace-juvenil" xmltv_id="Enlace Juvenil">Enlace Juvenil</channel>
<channel update="i" site="mi.tv2" site_id="gt###espn-1" xmltv_id="ESPN +">ESPN +</channel>
<channel update="i" site="mi.tv2" site_id="gt###espn-3" xmltv_id="ESPN 3">ESPN 3</channel>
<channel update="i" site="mi.tv2" site_id="gt###fox-life" xmltv_id="FOX Life">FOX Life</channel>
<channel update="i" site="mi.tv2" site_id="gt###fx-movies" xmltv_id="FX Movies">FX Movies</channel>
<channel update="i" site="mi.tv2" site_id="gt###rede-globo" xmltv_id="Globo">Globo</channel>
<channel update="i" site="mi.tv2" site_id="gt###h2" xmltv_id="H2">H2</channel>
<channel update="i" site="mi.tv2" site_id="gt###hbo-2" xmltv_id="HBO 2">HBO 2</channel>
<channel update="i" site="mi.tv2" site_id="gt###hbo-family" xmltv_id="HBO Family">HBO Family</channel>
<channel update="i" site="mi.tv2" site_id="gt###hbo-plus-mexico" xmltv_id="HBO Plus Mexico">HBO Plus Mexico</channel>
<channel update="i" site="mi.tv2" site_id="gt###hbo-plus-pan-regional" xmltv_id="HBO Plus Panregional">HBO Plus Panregional</channel>
<channel update="i" site="mi.tv2" site_id="gt###hbo-signature" xmltv_id="HBO Signature">HBO Signature</channel>
<channel update="i" site="mi.tv2" site_id="gt###history-hd" xmltv_id="History HD">History HD</channel>
<channel update="i" site="mi.tv2" site_id="gt###lifetime" xmltv_id="Lifetime">Lifetime</channel>
<channel update="i" site="mi.tv2" site_id="gt###max" xmltv_id="Max">Max</channel>
<channel update="i" site="mi.tv2" site_id="gt###max-prime" xmltv_id="Max Prime">Max Prime</channel>
<channel update="i" site="mi.tv2" site_id="gt###max-prime-mexico" xmltv_id="Max Prime México">Max Prime México</channel>
<channel update="i" site="mi.tv2" site_id="gt###multipremier" xmltv_id="Multipremier">Multipremier</channel>
<channel update="i" site="mi.tv2" site_id="gt###nbc" xmltv_id="NBC">NBC</channel>
<channel update="i" site="mi.tv2" site_id="gt###nick-jr" xmltv_id="Nick Jr.">Nick Jr.</channel>
<channel update="i" site="mi.tv2" site_id="gt###ntv" xmltv_id="NTV">NTV</channel>
<channel update="i" site="mi.tv2" site_id="gt###pasiones" xmltv_id="Pasiones">Pasiones</channel>
<channel update="i" site="mi.tv2" site_id="gt###tvc-platino" xmltv_id="Platino">Platino</channel>
<channel update="i" site="mi.tv2" site_id="gt###rai" xmltv_id="RAI">RAI</channel>
<channel update="i" site="mi.tv2" site_id="gt###region" xmltv_id="Region +">Region +</channel>
<channel update="i" site="mi.tv2" site_id="gt###ritmoson-latino" xmltv_id="Ritmoson">Ritmoson</channel>
<channel update="i" site="mi.tv2" site_id="gt###russia-today-hd" xmltv_id="Russia Today HD">Russia Today HD</channel>
<channel update="i" site="mi.tv2" site_id="gt###tbs-veryfunny-pan" xmltv_id="TBS veryfunny">TBS veryfunny</channel>
<channel update="i" site="mi.tv2" site_id="gt###tcm" xmltv_id="TCM">TCM</channel>
<channel update="i" site="mi.tv2" site_id="gt###tdn" xmltv_id="TDN">TDN</channel>
<channel update="i" site="mi.tv2" site_id="gt###tdn-hd" xmltv_id="TDN HD">TDN HD</channel>
<channel update="i" site="mi.tv2" site_id="gt###telehit" xmltv_id="Telehit">Telehit</channel>
<channel update="i" site="mi.tv2" site_id="gt###telemedellin" xmltv_id="Telemedellín">Telemedellín</channel>
<channel update="i" site="mi.tv2" site_id="gt###telemicro" xmltv_id="Telemicro">Telemicro</channel>
<channel update="i" site="mi.tv2" site_id="gt###telemundo" xmltv_id="Telemundo">Telemundo</channel>
<channel update="i" site="mi.tv2" site_id="gt###tele-nostalgia" xmltv_id="Telenostalgia">Telenostalgia</channel>
<channel update="i" site="mi.tv2" site_id="gt###televen" xmltv_id="Televen">Televen</channel>
<channel update="i" site="mi.tv2" site_id="gt###discovery-tlc" xmltv_id="TLC">TLC</channel>
<channel update="i" site="mi.tv2" site_id="gt###tnt-hd" xmltv_id="TNT HD">TNT HD</channel>
<channel update="i" site="mi.tv2" site_id="gt###tnt-series" xmltv_id="TNT Series">TNT Series</channel>
<channel update="i" site="mi.tv2" site_id="gt###tooncast" xmltv_id="Tooncast">Tooncast</channel>
<channel update="i" site="mi.tv2" site_id="gt###tv-agro" xmltv_id="Tv Agro">Tv Agro</channel>
<channel update="i" site="mi.tv2" site_id="gt###vh1-classic-usa" xmltv_id="VH1 Classic USA">VH1 Classic USA</channel>
<channel update="i" site="mi.tv2" site_id="gt###voa-tv" xmltv_id="Voa TV">Voa TV</channel>
<channel update="i" site="mi.tv2" site_id="gt###x-time" xmltv_id="X-Time">X-Time</channel>
<channel update="i" site="mi.tv2" site_id="hn###telecadena" xmltv_id="Telecadena 7 y 4">Telecadena 7 y 4</channel>
<channel update="i" site="mi.tv2" site_id="hn###telesistema-hondureno" xmltv_id="Telesistema 3 y 7">Telesistema 3 y 7</channel>
<channel update="i" site="mi.tv2" site_id="hn###vica-vtv" xmltv_id="VTV">VTV</channel>
<channel update="i" site="mi.tv2" site_id="hn###canal-5" xmltv_id="Canal 5">Canal 5</channel>
<channel update="i" site="mi.tv2" site_id="hn###si-tv" xmltv_id="SITV">SITV</channel>
<channel update="i" site="mi.tv2" site_id="hn###hch-hable-como-habla" xmltv_id="Hable Como Habla">Hable Como Habla</channel>
<channel update="i" site="mi.tv2" site_id="hn###ewtn" xmltv_id="EWTN">EWTN</channel>
<channel update="i" site="mi.tv2" site_id="hn###sony" xmltv_id="SONY">SONY</channel>
<channel update="i" site="mi.tv2" site_id="hn###axn" xmltv_id="AXN">AXN</channel>
<channel update="i" site="mi.tv2" site_id="hn###fox-honduras" xmltv_id="FOX Honduras">FOX Honduras</channel>
<channel update="i" site="mi.tv2" site_id="hn###fox-movies" xmltv_id="FOX Movies">FOX Movies</channel>
<channel update="i" site="mi.tv2" site_id="hn###space" xmltv_id="Space">Space</channel>
<channel update="i" site="mi.tv2" site_id="hn###amc" xmltv_id="AMC">AMC</channel>
<channel update="i" site="mi.tv2" site_id="hn###hbo" xmltv_id="HBO">HBO</channel>
<channel update="i" site="mi.tv2" site_id="hn###tnt" xmltv_id="TNT">TNT</channel>
<channel update="i" site="mi.tv2" site_id="hn###warner" xmltv_id="Warner Channel">Warner Channel</channel>
<channel update="i" site="mi.tv2" site_id="hn###cinecanal" xmltv_id="Cinecanal">Cinecanal</channel>
<channel update="i" site="mi.tv2" site_id="hn###a-e-mundo" xmltv_id="A&amp;E Mundo">A&amp;E Mundo</channel>
<channel update="i" site="mi.tv2" site_id="hn###fox-sports" xmltv_id="FOX Sports">FOX Sports</channel>
<channel update="i" site="mi.tv2" site_id="hn###espn-4" xmltv_id="ESPN">ESPN</channel>
<channel update="i" site="mi.tv2" site_id="hn###espn-2" xmltv_id="ESPN 2">ESPN 2</channel>
<channel update="i" site="mi.tv2" site_id="hn###discovery-channel" xmltv_id="Discovery Channel">Discovery Channel</channel>
<channel update="i" site="mi.tv2" site_id="hn###national-geographic" xmltv_id="National Geographic">National Geographic</channel>
<channel update="i" site="mi.tv2" site_id="hn###history" xmltv_id="History">History</channel>
<channel update="i" site="mi.tv2" site_id="hn###m-tv" xmltv_id="MTV">MTV</channel>
<channel update="i" site="mi.tv2" site_id="hn###disney-hd" xmltv_id="Disney Channel HD">Disney Channel HD</channel>
<channel update="i" site="mi.tv2" site_id="hn###discovery-kids" xmltv_id="Discovery Kids">Discovery Kids</channel>
<channel update="i" site="mi.tv2" site_id="hn###cartoon-network" xmltv_id="Cartoon Network">Cartoon Network</channel>
<channel update="i" site="mi.tv2" site_id="hn###boomerang-cartoon" xmltv_id="Boomerang">Boomerang</channel>
<channel update="i" site="mi.tv2" site_id="hn###tve" xmltv_id="TVE">TVE</channel>
<channel update="i" site="mi.tv2" site_id="hn###caracol-internacional" xmltv_id="Caracol Internacional">Caracol Internacional</channel>
<channel update="i" site="mi.tv2" site_id="hn###cnn-en-espanol" xmltv_id="CNN en Español">CNN en Español</channel>
<channel update="i" site="mi.tv2" site_id="hn###alfa-omega-vision" xmltv_id="Alfa &amp; Omega Vision">Alfa &amp; Omega Vision</channel>
<channel update="i" site="mi.tv2" site_id="hn###animal-planet" xmltv_id="Animal Planet">Animal Planet</channel>
<channel update="i" site="mi.tv2" site_id="hn###antena3" xmltv_id="ANTENA3">ANTENA3</channel>
<channel update="i" site="mi.tv2" site_id="hn###az-corazon" xmltv_id="Az Corazón">Az Corazón</channel>
<channel update="i" site="mi.tv2" site_id="hn###azteca-7" xmltv_id="Azteca 7">Azteca 7</channel>
<channel update="i" site="mi.tv2" site_id="hn###azteca-13" xmltv_id="Azteca 13">Azteca 13</channel>
<channel update="i" site="mi.tv2" site_id="hn###azteca-honduras" xmltv_id="Azteca Honduras">Azteca Honduras</channel>
<channel update="i" site="mi.tv2" site_id="hn###bandamax" xmltv_id="Bandamax">Bandamax</channel>
<channel update="i" site="mi.tv2" site_id="hn###beat-tv" xmltv_id="Beat TV">Beat TV</channel>
<channel update="i" site="mi.tv2" site_id="hn###bethel" xmltv_id="Bethel">Bethel</channel>
<channel update="i" site="mi.tv2" site_id="hn###bloomberg" xmltv_id="Bloomberg">Bloomberg</channel>
<channel update="i" site="mi.tv2" site_id="hn###canal-de-las-estrellas" xmltv_id="Canal de las Estrellas">Canal de las Estrellas</channel>
<channel update="i" site="mi.tv2" site_id="hn###cci-channel" xmltv_id="CCI Channel">CCI Channel</channel>
<channel update="i" site="mi.tv2" site_id="hn###cdm-cadena-de-milagros" xmltv_id="CDM - Cadena de Milagros">CDM - Cadena de Milagros</channel>
<channel update="i" site="mi.tv2" site_id="hn###cinecanal-hd" xmltv_id="Cinecanal HD">Cinecanal HD</channel>
<channel update="i" site="mi.tv2" site_id="hn###cine-latino" xmltv_id="Cinelatino">Cinelatino</channel>
<channel update="i" site="mi.tv2" site_id="hn###cinema" xmltv_id="Cinema+">Cinema+</channel>
<channel update="i" site="mi.tv2" site_id="hn###cnn" xmltv_id="CNN">CNN</channel>
<channel update="i" site="mi.tv2" site_id="hn###de-pelicula" xmltv_id="De Película">De Película</channel>
<channel update="i" site="mi.tv2" site_id="hn###discovery-hd-theater" xmltv_id="Discovery HD Theater">Discovery HD Theater</channel>
<channel update="i" site="mi.tv2" site_id="hn###discovery-home-and-health" xmltv_id="Discovery Home &amp; Health">Discovery Home &amp; Health</channel>
<channel update="i" site="mi.tv2" site_id="hn###discovery-world-hd" xmltv_id="Discovery World HD">Discovery World HD</channel>
<channel update="i" site="mi.tv2" site_id="hn###disney-multicountry" xmltv_id="Disney Channel">Disney Channel</channel>
<channel update="i" site="mi.tv2" site_id="hn###disney-jr" xmltv_id="Disney Junior">Disney Junior</channel>
<channel update="i" site="mi.tv2" site_id="hn###disney-xd" xmltv_id="Disney XD">Disney XD</channel>
<channel update="i" site="mi.tv2" site_id="hn###distrito-comedia" xmltv_id="Distrito Comedia">Distrito Comedia</channel>
<channel update="i" site="mi.tv2" site_id="hn###e" xmltv_id="E!">E!</channel>
<channel update="i" site="mi.tv2" site_id="hn###el-gourmet" xmltv_id="elgourmet">elgourmet</channel>
<channel update="i" site="mi.tv2" site_id="hn###enlace-tbn" xmltv_id="Enlace">Enlace</channel>
<channel update="i" site="mi.tv2" site_id="hn###espn" xmltv_id="ESPN +">ESPN +</channel>
<channel update="i" site="mi.tv2" site_id="hn###espn-3" xmltv_id="ESPN 3">ESPN 3</channel>
<channel update="i" site="mi.tv2" site_id="hn###fox" xmltv_id="FOX">FOX</channel>
<channel update="i" site="mi.tv2" site_id="hn###fox-1-este" xmltv_id="FOX 1 Este">FOX 1 Este</channel>
<channel update="i" site="mi.tv2" site_id="hn###fox-1-hd" xmltv_id="FOX 1 HD">FOX 1 HD</channel>
<channel update="i" site="mi.tv2" site_id="hn###fox-1-oeste" xmltv_id="FOX 1 Oeste">FOX 1 Oeste</channel>
<channel update="i" site="mi.tv2" site_id="hn###fox-action-oeste" xmltv_id="FOX Action">FOX Action</channel>
<channel update="i" site="mi.tv2" site_id="hn###fox-classics" xmltv_id="FOX Classics">FOX Classics</channel>
<channel update="i" site="mi.tv2" site_id="hn###fox-life" xmltv_id="FOX Life">FOX Life</channel>
<channel update="i" site="mi.tv2" site_id="hn###fox-sports-2" xmltv_id="FOX Sports 2">FOX Sports 2</channel>
<channel update="i" site="mi.tv2" site_id="hn###fox-sports-3" xmltv_id="FOX Sports 3">FOX Sports 3</channel>
<channel update="i" site="mi.tv2" site_id="hn###fox-sy-fy" xmltv_id="FOX Syfy">FOX Syfy</channel>
<channel update="i" site="mi.tv2" site_id="hn###fx" xmltv_id="FX">FX</channel>
<channel update="i" site="mi.tv2" site_id="hn###fx-movies" xmltv_id="FX Movies">FX Movies</channel>
<channel update="i" site="mi.tv2" site_id="hn###golden" xmltv_id="Golden">Golden</channel>
<channel update="i" site="mi.tv2" site_id="hn###gol-tv" xmltv_id="Gol TV">Gol TV</channel>
<channel update="i" site="mi.tv2" site_id="hn###guatevision" xmltv_id="Guatevision">Guatevision</channel>
<channel update="i" site="mi.tv2" site_id="hn###hbo-family" xmltv_id="HBO Family">HBO Family</channel>
<channel update="i" site="mi.tv2" site_id="hn###hbo-plus" xmltv_id="HBO Plus">HBO Plus</channel>
<channel update="i" site="mi.tv2" site_id="hn###hispan-tv" xmltv_id="HispanTV">HispanTV</channel>
<channel update="i" site="mi.tv2" site_id="hn###htv" xmltv_id="HTV">HTV</channel>
<channel update="i" site="mi.tv2" site_id="hn###discovery-id" xmltv_id="Investigation Discovery">Investigation Discovery</channel>
<channel update="i" site="mi.tv2" site_id="hn###kmusic" xmltv_id="Kmusic">Kmusic</channel>
<channel update="i" site="mi.tv2" site_id="hn###la-cosecha-canal-39" xmltv_id="La Cosecha">La Cosecha</channel>
<channel update="i" site="mi.tv2" site_id="hn###lifetime" xmltv_id="Lifetime">Lifetime</channel>
<channel update="i" site="mi.tv2" site_id="hn###max-prime" xmltv_id="Max Prime">Max Prime</channel>
<channel update="i" site="mi.tv2" site_id="hn###max-prime-mexico" xmltv_id="Max Prime México">Max Prime México</channel>
<channel update="i" site="mi.tv2" site_id="hn###multipremier" xmltv_id="Multipremier">Multipremier</channel>
<channel update="i" site="mi.tv2" site_id="hn###mas-chic" xmltv_id="Más Chic">Más Chic</channel>
<channel update="i" site="mi.tv2" site_id="hn###nickelodeon" xmltv_id="Nickelodeon">Nickelodeon</channel>
<channel update="i" site="mi.tv2" site_id="hn###nick-jr" xmltv_id="Nick Jr.">Nick Jr.</channel>
<channel update="i" site="mi.tv2" site_id="hn###pasiones" xmltv_id="Pasiones">Pasiones</channel>
<channel update="i" site="mi.tv2" site_id="hn###rai" xmltv_id="RAI">RAI</channel>
<channel update="i" site="mi.tv2" site_id="hn###ritmoson-latino" xmltv_id="Ritmoson">Ritmoson</channel>
<channel update="i" site="mi.tv2" site_id="hn###sedena" xmltv_id="Sedena">Sedena</channel>
<channel update="i" site="mi.tv2" site_id="hn###studio-universal" xmltv_id="Studio Universal">Studio Universal</channel>
<channel update="i" site="mi.tv2" site_id="hn###suyapa-educativa-tv" xmltv_id="Suyapa Educativa TV">Suyapa Educativa TV</channel>
<channel update="i" site="mi.tv2" site_id="hn###suyapa-tv" xmltv_id="Suyapa TV">Suyapa TV</channel>
<channel update="i" site="mi.tv2" site_id="hn###tcm" xmltv_id="TCM">TCM</channel>
<channel update="i" site="mi.tv2" site_id="hn###tdn" xmltv_id="TDN">TDN</channel>
<channel update="i" site="mi.tv2" site_id="hn###teleceiba" xmltv_id="Teleceiba">Teleceiba</channel>
<channel update="i" site="mi.tv2" site_id="hn###telehit" xmltv_id="Telehit">Telehit</channel>
<channel update="i" site="mi.tv2" site_id="hn###telemundo" xmltv_id="Telemundo">Telemundo</channel>
<channel update="i" site="mi.tv2" site_id="hn###tele-nostalgia" xmltv_id="Telenostalgia">Telenostalgia</channel>
<channel update="i" site="mi.tv2" site_id="hn###telered-21" xmltv_id="Telered21">Telered21</channel>
<channel update="i" site="mi.tv2" site_id="hn###telesur" xmltv_id="teleSUR">teleSUR</channel>
<channel update="i" site="mi.tv2" site_id="hn###discovery-tlc" xmltv_id="TLC">TLC</channel>
<channel update="i" site="mi.tv2" site_id="hn###tlnovelas" xmltv_id="TLNovelas">TLNovelas</channel>
<channel update="i" site="mi.tv2" site_id="hn###tnt-hd" xmltv_id="TNT HD">TNT HD</channel>
<channel update="i" site="mi.tv2" site_id="hn###tnt-series" xmltv_id="TNT Series">TNT Series</channel>
<channel update="i" site="mi.tv2" site_id="hn###todo-deportes-tdtv" xmltv_id="Todo Deportes">Todo Deportes</channel>
<channel update="i" site="mi.tv2" site_id="hn###tru-tv" xmltv_id="truTV">truTV</channel>
<channel update="i" site="mi.tv2" site_id="hn###tvh" xmltv_id="TVH">TVH</channel>
<channel update="i" site="mi.tv2" site_id="hn###universal-channel" xmltv_id="Universal Channel">Universal Channel</channel>
<channel update="i" site="mi.tv2" site_id="hn###univision" xmltv_id="Univision">Univision</channel>
<channel update="i" site="mi.tv2" site_id="hn###utv-universidad-autonoma" xmltv_id="UTV - Universidad Autónoma">UTV - Universidad Autónoma</channel>
<channel update="i" site="mi.tv2" site_id="hn###ve-plus-tv" xmltv_id="Ve Plus TV">Ve Plus TV</channel>
<channel update="i" site="mi.tv2" site_id="hn###vh1" xmltv_id="VH1">VH1</channel>
<channel update="i" site="mi.tv2" site_id="hn###vh1-classic-usa" xmltv_id="VH1 Classic USA">VH1 Classic USA</channel>
<channel update="i" site="mi.tv2" site_id="hn###3abn-latino" xmltv_id="3ABN Latino">3ABN Latino</channel>
<channel update="i" site="mi.tv2" site_id="mx###canal-de-las-estrellas-xew" xmltv_id="Las Estrellas">Las Estrellas</channel>
<channel update="i" site="mi.tv2" site_id="mx###xh-gc-canal-5" xmltv_id="Canal 5">Canal 5</channel>
<channel update="i" site="mi.tv2" site_id="mx###azteca-7" xmltv_id="Azteca 7">Azteca 7</channel>
<channel update="i" site="mi.tv2" site_id="mx###canal-4-foro-tv" xmltv_id="FOROtv">FOROtv</channel>
<channel update="i" site="mi.tv2" site_id="mx###galavision" xmltv_id="Gala TV">Gala TV</channel>
<channel update="i" site="mi.tv2" site_id="mx###xeipn-canal-11" xmltv_id="Canal Once">Canal Once</channel>
<channel update="i" site="mi.tv2" site_id="mx###azteca-13" xmltv_id="Azteca 13">Azteca 13</channel>
<channel update="i" site="mi.tv2" site_id="mx###canal-4" xmltv_id="Canal 4">Canal 4</channel>
<channel update="i" site="mi.tv2" site_id="mx###cadenatres" xmltv_id="Excelsior TV">Excelsior TV</channel>
<channel update="i" site="mi.tv2" site_id="mx###tv-unam" xmltv_id="TV UNAM">TV UNAM</channel>
<channel update="i" site="mi.tv2" site_id="mx###proyecto-40" xmltv_id="adn40">adn40</channel>
<channel update="i" site="mi.tv2" site_id="mx###fox" xmltv_id="FOX">FOX</channel>
<channel update="i" site="mi.tv2" site_id="mx###universal-channel" xmltv_id="Universal Channel">Universal Channel</channel>
<channel update="i" site="mi.tv2" site_id="mx###tnt" xmltv_id="TNT">TNT</channel>
<channel update="i" site="mi.tv2" site_id="mx###warner" xmltv_id="Warner Channel">Warner Channel</channel>
<channel update="i" site="mi.tv2" site_id="mx###sony" xmltv_id="Sony">Sony</channel>
<channel update="i" site="mi.tv2" site_id="mx###axn" xmltv_id="AXN">AXN</channel>
<channel update="i" site="mi.tv2" site_id="mx###entertainment" xmltv_id="E!">E!</channel>
<channel update="i" site="mi.tv2" site_id="mx###fox-sy-fy" xmltv_id="Syfy">Syfy</channel>
<channel update="i" site="mi.tv2" site_id="mx###a-e-mundo" xmltv_id="A&amp;E Mundo">A&amp;E Mundo</channel>
<channel update="i" site="mi.tv2" site_id="mx###space" xmltv_id="Space">Space</channel>
<channel update="i" site="mi.tv2" site_id="mx###espn" xmltv_id="ESPN">ESPN</channel>
<channel update="i" site="mi.tv2" site_id="mx###fox-sports" xmltv_id="FOX Sports">FOX Sports</channel>
<channel update="i" site="mi.tv2" site_id="mx###discovery-channel" xmltv_id="Discovery Channel">Discovery Channel</channel>
<channel update="i" site="mi.tv2" site_id="mx###national-geographic" xmltv_id="National Geographic">National Geographic</channel>
<channel update="i" site="mi.tv2" site_id="mx###discovery-id" xmltv_id="Investigation Discovery">Investigation Discovery</channel>
<channel update="i" site="mi.tv2" site_id="mx###history" xmltv_id="History">History</channel>
<channel update="i" site="mi.tv2" site_id="mx###disney" xmltv_id="Disney Channel">Disney Channel</channel>
<channel update="i" site="mi.tv2" site_id="mx###cartoon-network" xmltv_id="Cartoon Network">Cartoon Network</channel>
<channel update="i" site="mi.tv2" site_id="mx###discovery-kids" xmltv_id="Discovery Kids">Discovery Kids</channel>
<channel update="i" site="mi.tv2" site_id="mx###boomerang-cartoon" xmltv_id="Boomerang">Boomerang</channel>
<channel update="i" site="mi.tv2" site_id="mx###m-tv" xmltv_id="MTV">MTV</channel>
<channel update="i" site="mi.tv2" site_id="mx###vh1" xmltv_id="VH1">VH1</channel>
<channel update="i" site="mi.tv2" site_id="mx###amc" xmltv_id="AMC">AMC</channel>
<channel update="i" site="mi.tv2" site_id="mx###fox-movies" xmltv_id="FOX Movies">FOX Movies</channel>
<channel update="i" site="mi.tv2" site_id="mx###cinemax" xmltv_id="Cinemax">Cinemax</channel>
<channel update="i" site="mi.tv2" site_id="mx###hbo-oeste" xmltv_id="HBO">HBO</channel>
<channel update="i" site="mi.tv2" site_id="mx###tve" xmltv_id="TVE">TVE</channel>
<channel update="i" site="mi.tv2" site_id="mx###cnn-en-espanol" xmltv_id="CNN en Español">CNN en Español</channel>
<channel update="i" site="mi.tv2" site_id="mx###amc-hd" xmltv_id="AMC HD">AMC HD</channel>
<channel update="i" site="mi.tv2" site_id="mx###bandamax" xmltv_id="Bandamax">Bandamax</channel>
<channel update="i" site="mi.tv2" site_id="mx###canal-5-galavision" xmltv_id="Canal 5 Galavision">Canal 5 Galavision</channel>
<channel update="i" site="mi.tv2" site_id="mx###xh-gc-canal-5-hd" xmltv_id="Canal 5 HD">Canal 5 HD</channel>
<channel update="i" site="mi.tv2" site_id="mx###canal-22-conaculta" xmltv_id="Canal 22">Canal 22</channel>
<channel update="i" site="mi.tv2" site_id="mx###canal-nu" xmltv_id="Canal NU">Canal NU</channel>
<channel update="i" site="mi.tv2" site_id="mx###cinecanal" xmltv_id="Cinecanal">Cinecanal</channel>
<channel update="i" site="mi.tv2" site_id="mx###cinecanal-hd" xmltv_id="Cinecanal HD">Cinecanal HD</channel>
<channel update="i" site="mi.tv2" site_id="mx###tvc-cine-mexicano-cmc" xmltv_id="Cine Mexicano">Cine Mexicano</channel>
<channel update="i" site="mi.tv2" site_id="mx###cnn" xmltv_id="CNN">CNN</channel>
<channel update="i" site="mi.tv2" site_id="mx###comedy-central" xmltv_id="Comedy Central">Comedy Central</channel>
<channel update="i" site="mi.tv2" site_id="mx###de-pelicula" xmltv_id="De Película">De Película</channel>
<channel update="i" site="mi.tv2" site_id="mx###de-pelicula-hd" xmltv_id="De Película HD">De Película HD</channel>
<channel update="i" site="mi.tv2" site_id="mx###discovery-hd-mexico" xmltv_id="Discovery HD">Discovery HD</channel>
<channel update="i" site="mi.tv2" site_id="mx###discovery-hd-theater" xmltv_id="Discovery HD Theater">Discovery HD Theater</channel>
<channel update="i" site="mi.tv2" site_id="mx###discovery-home-and-health" xmltv_id="Discovery Home &amp; Health">Discovery Home &amp; Health</channel>
<channel update="i" site="mi.tv2" site_id="mx###discovery-world-hd" xmltv_id="Discovery World HD">Discovery World HD</channel>
<channel update="i" site="mi.tv2" site_id="mx###disney-jr" xmltv_id="Disney Junior">Disney Junior</channel>
<channel update="i" site="mi.tv2" site_id="mx###disney-xd" xmltv_id="Disney XD">Disney XD</channel>
<channel update="i" site="mi.tv2" site_id="mx###distrito-comedia" xmltv_id="Distrito Comedia">Distrito Comedia</channel>
<channel update="i" site="mi.tv2" site_id="mx###el-gourmet" xmltv_id="elgourmet">elgourmet</channel>
<channel update="i" site="mi.tv2" site_id="mx###espn-2" xmltv_id="ESPN 2">ESPN 2</channel>
<channel update="i" site="mi.tv2" site_id="mx###espn-3" xmltv_id="ESPN 3">ESPN 3</channel>
<channel update="i" site="mi.tv2" site_id="mx###espn-hd" xmltv_id="ESPN HD">ESPN HD</channel>
<channel update="i" site="mi.tv2" site_id="mx###europa-europa" xmltv_id="Europa Europa">Europa Europa</channel>
<channel update="i" site="mi.tv2" site_id="mx###film-arts" xmltv_id="Film&amp;Arts">Film&amp;Arts</channel>
<channel update="i" site="mi.tv2" site_id="mx###fox-1-hd" xmltv_id="FOX 1 HD">FOX 1 HD</channel>
<channel update="i" site="mi.tv2" site_id="mx###fox-1-oeste" xmltv_id="FOX 1 Oeste">FOX 1 Oeste</channel>
<channel update="i" site="mi.tv2" site_id="mx###fox-action-hd" xmltv_id="FOX Action HD">FOX Action HD</channel>
<channel update="i" site="mi.tv2" site_id="mx###fox-comedy-hd" xmltv_id="FOX Comedy HD">FOX Comedy HD</channel>
<channel update="i" site="mi.tv2" site_id="mx###fox-family" xmltv_id="FOX Family">FOX Family</channel>
<channel update="i" site="mi.tv2" site_id="mx###fox-family-hd" xmltv_id="FOX Family HD">FOX Family HD</channel>
<channel update="i" site="mi.tv2" site_id="mx###fox-life" xmltv_id="FOX Life">FOX Life</channel>
<channel update="i" site="mi.tv2" site_id="mx###fox-movies-hd" xmltv_id="FOX Movies HD">FOX Movies HD</channel>
<channel update="i" site="mi.tv2" site_id="mx###fox-oeste-hd" xmltv_id="FOX Oeste HD">FOX Oeste HD</channel>
<channel update="i" site="mi.tv2" site_id="mx###fox-sports-3" xmltv_id="FOX Sports 3">FOX Sports 3</channel>
<channel update="i" site="mi.tv2" site_id="mx###fx" xmltv_id="FX">FX</channel>
<channel update="i" site="mi.tv2" site_id="mx###fx-movies" xmltv_id="FX Movies">FX Movies</channel>
<channel update="i" site="mi.tv2" site_id="mx###glitz" xmltv_id="Glitz">Glitz</channel>
<channel update="i" site="mi.tv2" site_id="mx###golden" xmltv_id="Golden">Golden</channel>
<channel update="i" site="mi.tv2" site_id="mx###golden-edge" xmltv_id="Golden Edge">Golden Edge</channel>
<channel update="i" site="mi.tv2" site_id="mx###hbo-2" xmltv_id="HBO 2">HBO 2</channel>
<channel update="i" site="mi.tv2" site_id="mx###hbo-family" xmltv_id="HBO Family">HBO Family</channel>
<channel update="i" site="mi.tv2" site_id="mx###hbo-oeste-hd" xmltv_id="HBO HD">HBO HD</channel>
<channel update="i" site="mi.tv2" site_id="mx###hbo-plus-mexico" xmltv_id="HBO Plus Mexico">HBO Plus Mexico</channel>
<channel update="i" site="mi.tv2" site_id="mx###history-hd" xmltv_id="History HD">History HD</channel>
<channel update="i" site="mi.tv2" site_id="mx###i-sat" xmltv_id="I-SAT">I-SAT</channel>
<channel update="i" site="mi.tv2" site_id="mx###max" xmltv_id="Max">Max</channel>
<channel update="i" site="mi.tv2" site_id="mx###max-prime-mexico" xmltv_id="Max Prime México">Max Prime México</channel>
<channel update="i" site="mi.tv2" site_id="mx###milenio-tv" xmltv_id="Milenio TV">Milenio TV</channel>
<channel update="i" site="mi.tv2" site_id="mx###mas-chic" xmltv_id="Más Chic">Más Chic</channel>
<channel update="i" site="mi.tv2" site_id="mx###nickelodeon-hd" xmltv_id="Nick 2">Nick 2</channel>
<channel update="i" site="mi.tv2" site_id="mx###nickelodeon" xmltv_id="Nickelodeon">Nickelodeon</channel>
<channel update="i" site="mi.tv2" site_id="mx###nick-jr" xmltv_id="Nick Jr.">Nick Jr.</channel>
<channel update="i" site="mi.tv2" site_id="mx###tvc-platino" xmltv_id="Platino">Platino</channel>
<channel update="i" site="mi.tv2" site_id="mx###ritmoson-latino" xmltv_id="Ritmoson">Ritmoson</channel>
<channel update="i" site="mi.tv2" site_id="mx###russia-today-hd" xmltv_id="Russia Today HD">Russia Today HD</channel>
<channel update="i" site="mi.tv2" site_id="mx###sony-hd" xmltv_id="Sony HD">Sony HD</channel>
<channel update="i" site="mi.tv2" site_id="mx###studio-universal" xmltv_id="Studio Universal">Studio Universal</channel>
<channel update="i" site="mi.tv2" site_id="mx###tbs-veryfunny-pan" xmltv_id="TBS veryfunny">TBS veryfunny</channel>
<channel update="i" site="mi.tv2" site_id="mx###tcm" xmltv_id="TCM">TCM</channel>
<channel update="i" site="mi.tv2" site_id="mx###tdn-hd" xmltv_id="TDN HD">TDN HD</channel>
<channel update="i" site="mi.tv2" site_id="mx###telehit" xmltv_id="Telehit">Telehit</channel>
<channel update="i" site="mi.tv2" site_id="mx###telemundo" xmltv_id="Telemundo">Telemundo</channel>
<channel update="i" site="mi.tv2" site_id="mx###tiin" xmltv_id="TIIN">TIIN</channel>
<channel update="i" site="mi.tv2" site_id="mx###tlnovelas" xmltv_id="TLNovelas">TLNovelas</channel>
<channel update="i" site="mi.tv2" site_id="mx###tnt-hd" xmltv_id="TNT HD">TNT HD</channel>
<channel update="i" site="mi.tv2" site_id="mx###tooncast" xmltv_id="Tooncast">Tooncast</channel>
<channel update="i" site="mi.tv2" site_id="mx###tru-tv" xmltv_id="truTV">truTV</channel>
<channel update="i" site="mi.tv2" site_id="mx###tru-tv-hd" xmltv_id="truTV HD">truTV HD</channel>
<channel update="i" site="mi.tv2" site_id="mx###univision" xmltv_id="Univision">Univision</channel>
<channel update="i" site="mi.tv2" site_id="mx###wobi-tv" xmltv_id="WOBI TV">WOBI TV</channel>
<channel update="i" site="mi.tv2" site_id="mx###fox-family-oeste" xmltv_id="FOX Family Oeste">FOX Family Oeste</channel>
<channel update="i" site="mi.tv2" site_id="py###canal-9-snt" xmltv_id="SNT">SNT</channel>
<channel update="i" site="mi.tv2" site_id="py###red-guarani" xmltv_id="Red Guaraní">Red Guaraní</channel>
<channel update="i" site="mi.tv2" site_id="py###telefuturo" xmltv_id="Telefuturo">Telefuturo</channel>
<channel update="i" site="mi.tv2" site_id="py###canal-13" xmltv_id="RPC">RPC</channel>
<channel update="i" site="mi.tv2" site_id="py###canal-5-paravision" xmltv_id="Paravisión">Paravisión</channel>
<channel update="i" site="mi.tv2" site_id="py###la-tele" xmltv_id="latele">latele</channel>
<channel update="i" site="mi.tv2" site_id="py###unicanal" xmltv_id="Unicanal">Unicanal</channel>
<channel update="i" site="mi.tv2" site_id="py###hei-network" xmltv_id="HEi Network">HEi Network</channel>
<channel update="i" site="mi.tv2" site_id="py###paraguay-tv" xmltv_id="Paraguay TV">Paraguay TV</channel>
<channel update="i" site="mi.tv2" site_id="py###parana-tv" xmltv_id="C9N">C9N</channel>
<channel update="i" site="mi.tv2" site_id="py###abc-tv" xmltv_id="ABC TV">ABC TV</channel>
<channel update="i" site="mi.tv2" site_id="py###fox" xmltv_id="FOX">FOX</channel>
<channel update="i" site="mi.tv2" site_id="py###hbo" xmltv_id="HBO">HBO</channel>
<channel update="i" site="mi.tv2" site_id="py###tnt" xmltv_id="TNT">TNT</channel>
<channel update="i" site="mi.tv2" site_id="py###sony" xmltv_id="Sony">Sony</channel>
<channel update="i" site="mi.tv2" site_id="py###axn" xmltv_id="AXN">AXN</channel>
<channel update="i" site="mi.tv2" site_id="py###golden" xmltv_id="Golden">Golden</channel>
<channel update="i" site="mi.tv2" site_id="py###space" xmltv_id="Space">Space</channel>
<channel update="i" site="mi.tv2" site_id="py###cinecanal" xmltv_id="Cinecanal">Cinecanal</channel>
<channel update="i" site="mi.tv2" site_id="py###warner-channel" xmltv_id="Warner Channel">Warner Channel</channel>
<channel update="i" site="mi.tv2" site_id="py###mtv" xmltv_id="MTV">MTV</channel>
<channel update="i" site="mi.tv2" site_id="py###a-e-mundo" xmltv_id="A&amp;E Mundo">A&amp;E Mundo</channel>
<channel update="i" site="mi.tv2" site_id="py###discovery" xmltv_id="Discovery Channel">Discovery Channel</channel>
<channel update="i" site="mi.tv2" site_id="py###national-geographic" xmltv_id="National Geographic">National Geographic</channel>
<channel update="i" site="mi.tv2" site_id="py###history" xmltv_id="History">History</channel>
<channel update="i" site="mi.tv2" site_id="py###animal-planet" xmltv_id="Animal Planet">Animal Planet</channel>
<channel update="i" site="mi.tv2" site_id="py###fox-sports" xmltv_id="FOX Sports">FOX Sports</channel>
<channel update="i" site="mi.tv2" site_id="py###tigo-sports" xmltv_id="Tigo Sports">Tigo Sports</channel>
<channel update="i" site="mi.tv2" site_id="py###tyc-sports" xmltv_id="TyC Sports">TyC Sports</channel>
<channel update="i" site="mi.tv2" site_id="py###espn" xmltv_id="ESPN">ESPN</channel>
<channel update="i" site="mi.tv2" site_id="py###espn-1" xmltv_id="ESPN 2 ">ESPN 2 </channel>
<channel update="i" site="mi.tv2" site_id="py###comedy-central" xmltv_id="Comedy Central">Comedy Central</channel>
<channel update="i" site="mi.tv2" site_id="py###cartoon-network" xmltv_id="Cartoon Network">Cartoon Network</channel>
<channel update="i" site="mi.tv2" site_id="py###disney-multicountry" xmltv_id="Disney Channel">Disney Channel</channel>
<channel update="i" site="mi.tv2" site_id="py###discovery-kids" xmltv_id="Discovery Kids">Discovery Kids</channel>
<channel update="i" site="mi.tv2" site_id="py###tooncast" xmltv_id="Tooncast">Tooncast</channel>
<channel update="i" site="mi.tv2" site_id="py###tlnovelas" xmltv_id="TLNovelas">TLNovelas</channel>
<channel update="i" site="mi.tv2" site_id="py###caracol-internacional" xmltv_id="Caracol Internacional">Caracol Internacional</channel>
<channel update="i" site="mi.tv2" site_id="py###telefe-internacional" xmltv_id="Telefe Internacional">Telefe Internacional</channel>
<channel update="i" site="mi.tv2" site_id="py###cnn-en-espanol" xmltv_id="CNN en Español">CNN en Español</channel>
<channel update="i" site="mi.tv2" site_id="py###russia-today-hd" xmltv_id="Russia Today HD">Russia Today HD</channel>
<channel update="i" site="mi.tv2" site_id="py###america-24" xmltv_id="America 24">America 24</channel>
<channel update="i" site="mi.tv2" site_id="py###canal-de-las-estrellas" xmltv_id="Canal de las Estrellas">Canal de las Estrellas</channel>
<channel update="i" site="mi.tv2" site_id="py###cine-latino" xmltv_id="Cinelatino">Cinelatino</channel>
<channel update="i" site="mi.tv2" site_id="py###dhe" xmltv_id="DHE">DHE</channel>
<channel update="i" site="mi.tv2" site_id="py###discovery-turbo" xmltv_id="Discovery Turbo">Discovery Turbo</channel>
<channel update="i" site="mi.tv2" site_id="py###disney-xd" xmltv_id="Disney XD">Disney XD</channel>
<channel update="i" site="mi.tv2" site_id="py###el-trece" xmltv_id="El Trece">El Trece</channel>
<channel update="i" site="mi.tv2" site_id="py###enlace-tbn" xmltv_id="Enlace">Enlace</channel>
<channel update="i" site="mi.tv2" site_id="py###espn-3" xmltv_id="ESPN 3">ESPN 3</channel>
<channel update="i" site="mi.tv2" site_id="py###fox-1-hd" xmltv_id="FOX 1 HD">FOX 1 HD</channel>
<channel update="i" site="mi.tv2" site_id="py###fox-action-hd" xmltv_id="FOX Action HD">FOX Action HD</channel>
<channel update="i" site="mi.tv2" site_id="py###fox-comedy-hd" xmltv_id="FOX Comedy HD">FOX Comedy HD</channel>
<channel update="i" site="mi.tv2" site_id="py###fox-hd" xmltv_id="FOX HD">FOX HD</channel>
<channel update="i" site="mi.tv2" site_id="py###fox-movies-hd" xmltv_id="FOX Movies HD">FOX Movies HD</channel>
<channel update="i" site="mi.tv2" site_id="py###fox-sports-3" xmltv_id="FOX Sports 3">FOX Sports 3</channel>
<channel update="i" site="mi.tv2" site_id="py###hbo-hd-este" xmltv_id="HBO HD Este">HBO HD Este</channel>
<channel update="i" site="mi.tv2" site_id="py###hbo-plus-este" xmltv_id="HBO Plus Este">HBO Plus Este</channel>
<channel update="i" site="mi.tv2" site_id="py###hbo-signature" xmltv_id="HBO Signature">HBO Signature</channel>
<channel update="i" site="mi.tv2" site_id="py###htv" xmltv_id="HTV">HTV</channel>
<channel update="i" site="mi.tv2" site_id="py###max" xmltv_id="Max">Max</channel>
<channel update="i" site="mi.tv2" site_id="py###multipremier" xmltv_id="Multipremier">Multipremier</channel>
<channel update="i" site="mi.tv2" site_id="py###playboy" xmltv_id="Playboy">Playboy</channel>
<channel update="i" site="mi.tv2" site_id="py###sony-hd" xmltv_id="Sony HD">Sony HD</channel>
<channel update="i" site="mi.tv2" site_id="py###studio-universal" xmltv_id="Studio Universal">Studio Universal</channel>
<channel update="i" site="mi.tv2" site_id="py###teleamiga" xmltv_id="TeleAmiga">TeleAmiga</channel>
<channel update="i" site="mi.tv2" site_id="py###telemundo" xmltv_id="Telemundo">Telemundo</channel>
<channel update="i" site="mi.tv2" site_id="py###tnt-series" xmltv_id="TNT Series">TNT Series</channel>
<channel update="i" site="mi.tv2" site_id="py###tvs" xmltv_id="TVS ">TVS </channel>
<channel update="i" site="mi.tv2" site_id="py###tvs-hd" xmltv_id="TVS HD">TVS HD</channel>
<channel update="i" site="mi.tv2" site_id="py###universal-channel" xmltv_id="Universal Channel">Universal Channel</channel>
<channel update="i" site="mi.tv2" site_id="py###univision" xmltv_id="Univision">Univision</channel>
<channel update="i" site="mi.tv2" site_id="py###venus" xmltv_id="Venus">Venus</channel>
<channel update="i" site="mi.tv2" site_id="py###warner" xmltv_id="Warner Channel">Warner Channel</channel>
<channel update="i" site="mi.tv2" site_id="py###fx" xmltv_id="FX">FX</channel>
</channels>
</site>
