﻿<?xml version="1.0" encoding="UTF-8"?>
<site generator-info-name="WebGrab+Plus/w MDB &amp; REX Postprocess -- version  V1.57 -- Jan van Straaten" site="vivacom.bg">
  <channels>
    <channel update="i" site="vivacom.bg" site_id="1##БНТ" xmltv_id="БНТ">БНТ</channel>
    <channel update="i" site="vivacom.bg" site_id="1##bTV" xmltv_id="bTV">bTV</channel>
    <channel update="i" site="vivacom.bg" site_id="1##bTV HD" xmltv_id="bTV HD">bTV HD</channel>
    <channel update="i" site="vivacom.bg" site_id="1##Nova TV" xmltv_id="Nova TV">Nova TV</channel>
    <channel update="i" site="vivacom.bg" site_id="1##bTV Action" xmltv_id="bTV Action">bTV Action</channel>
    <channel update="i" site="vivacom.bg" site_id="1##bTV Action HD" xmltv_id="bTV Action HD">bTV Action HD</channel>
    <channel update="i" site="vivacom.bg" site_id="1##Diema" xmltv_id="Diema">Diema</channel>
    <channel update="i" site="vivacom.bg" site_id="1##Кино Нова" xmltv_id="Кино Нова">Кино Нова</channel>
    <channel update="i" site="vivacom.bg" site_id="1##bTV Comedy" xmltv_id="bTV Comedy">bTV Comedy</channel>
    <channel update="i" site="vivacom.bg" site_id="1##bTV Cinema" xmltv_id="bTV Cinema">bTV Cinema</channel>
    <channel update="i" site="vivacom.bg" site_id="2##Diema Family" xmltv_id="Diema Family">Diema Family</channel>
    <channel update="i" site="vivacom.bg" site_id="2##Fox" xmltv_id="Fox">Fox</channel>
    <channel update="i" site="vivacom.bg" site_id="2##Fox HD" xmltv_id="Fox HD">Fox HD</channel>
    <channel update="i" site="vivacom.bg" site_id="2##БНТ HD" xmltv_id="БНТ HD">БНТ HD</channel>
    <channel update="i" site="vivacom.bg" site_id="2##БНТ 2" xmltv_id="БНТ 2">БНТ 2</channel>
    <channel update="i" site="vivacom.bg" site_id="2##Канал 3" xmltv_id="Канал 3">Канал 3</channel>
    <channel update="i" site="vivacom.bg" site_id="2##Алфа ТВ" xmltv_id="Алфа ТВ">Алфа ТВ</channel>
    <channel update="i" site="vivacom.bg" site_id="2##CNN" xmltv_id="CNN">CNN</channel>
    <channel update="i" site="vivacom.bg" site_id="2##БНТ World" xmltv_id="БНТ World">БНТ World</channel>
    <channel update="i" site="vivacom.bg" site_id="2##bTV Lady" xmltv_id="bTV Lady">bTV Lady</channel>
    <channel update="i" site="vivacom.bg" site_id="3##Fox Crime" xmltv_id="Fox Crime">Fox Crime</channel>
    <channel update="i" site="vivacom.bg" site_id="3##Fox Life" xmltv_id="Fox Life">Fox Life</channel>
    <channel update="i" site="vivacom.bg" site_id="3##VIVACOM Arena" xmltv_id="VIVACOM Arena">VIVACOM Arena</channel>
    <channel update="i" site="vivacom.bg" site_id="3##Film+" xmltv_id="Film+">Film+</channel>
    <channel update="i" site="vivacom.bg" site_id="3##Cartoon Network" xmltv_id="Cartoon Network">Cartoon Network</channel>
    <channel update="i" site="vivacom.bg" site_id="3##Disney Junior" xmltv_id="Disney Junior">Disney Junior</channel>
    <channel update="i" site="vivacom.bg" site_id="3##Baby TV" xmltv_id="Baby TV">Baby TV</channel>
    <channel update="i" site="vivacom.bg" site_id="3##Duck TV" xmltv_id="Duck TV">Duck TV</channel>
    <channel update="i" site="vivacom.bg" site_id="3##Jim Jam" xmltv_id="Jim Jam">Jim Jam</channel>
    <channel update="i" site="vivacom.bg" site_id="4##Boomerang" xmltv_id="Boomerang">Boomerang</channel>
    <channel update="i" site="vivacom.bg" site_id="4##Disney" xmltv_id="Disney">Disney</channel>
    <channel update="i" site="vivacom.bg" site_id="4##E Kids" xmltv_id="E Kids">E Kids</channel>
    <channel update="i" site="vivacom.bg" site_id="4##Nickelodeon" xmltv_id="Nickelodeon">Nickelodeon</channel>
    <channel update="i" site="vivacom.bg" site_id="4##Fix&amp;Foxi" xmltv_id="Fix&amp;Foxi">Fix&amp;Foxi</channel>
    <channel update="i" site="vivacom.bg" site_id="4##Nick Junior" xmltv_id="Nick Junior">Nick Junior</channel>
    <channel update="i" site="vivacom.bg" site_id="4##Detskii Mir" xmltv_id="Detskii Mir">Detskii Mir</channel>
    <channel update="i" site="vivacom.bg" site_id="4##Eurosport" xmltv_id="Eurosport">Eurosport</channel>
    <channel update="i" site="vivacom.bg" site_id="4##Eurosport HD" xmltv_id="Eurosport HD">Eurosport HD</channel>
    <channel update="i" site="vivacom.bg" site_id="5##Eurosport 2" xmltv_id="Eurosport 2">Eurosport 2</channel>
    <channel update="i" site="vivacom.bg" site_id="5##Eurosport 2 HD" xmltv_id="Eurosport 2 HD">Eurosport 2 HD</channel>
    <channel update="i" site="vivacom.bg" site_id="5##Nova Sport" xmltv_id="Nova Sport">Nova Sport</channel>
    <channel update="i" site="vivacom.bg" site_id="5##Nova Sport HD" xmltv_id="Nova Sport HD">Nova Sport HD</channel>
    <channel update="i" site="vivacom.bg" site_id="5##Extreme Sports/Free X-TV" xmltv_id="Extreme Sports/Free X-TV">Extreme Sports/Free X-TV</channel>
    <channel update="i" site="vivacom.bg" site_id="5##RING" xmltv_id="RING">RING</channel>
    <channel update="i" site="vivacom.bg" site_id="5##CNBC" xmltv_id="CNBC">CNBC</channel>
    <channel update="i" site="vivacom.bg" site_id="5##Evrokom NCTV" xmltv_id="Evrokom NCTV">Evrokom NCTV</channel>
    <channel update="i" site="vivacom.bg" site_id="5##BG On Air" xmltv_id="BG On Air">BG On Air</channel>
    <channel update="i" site="vivacom.bg" site_id="5##AXN" xmltv_id="AXN">AXN</channel>
    <channel update="i" site="vivacom.bg" site_id="6##AXN Black" xmltv_id="AXN Black">AXN Black</channel>
    <channel update="i" site="vivacom.bg" site_id="6##AXN White" xmltv_id="AXN White">AXN White</channel>
    <channel update="i" site="vivacom.bg" site_id="6##HBO" xmltv_id="HBO">HBO</channel>
    <channel update="i" site="vivacom.bg" site_id="6##HBO 2" xmltv_id="HBO 2">HBO 2</channel>
    <channel update="i" site="vivacom.bg" site_id="6##HBO HD" xmltv_id="HBO HD">HBO HD</channel>
    <channel update="i" site="vivacom.bg" site_id="6##HBO 3" xmltv_id="HBO 3">HBO 3</channel>
    <channel update="i" site="vivacom.bg" site_id="6##Cinemax" xmltv_id="Cinemax">Cinemax</channel>
    <channel update="i" site="vivacom.bg" site_id="6##Cinemax 2" xmltv_id="Cinemax 2">Cinemax 2</channel>
    <channel update="i" site="vivacom.bg" site_id="6##History" xmltv_id="History">History</channel>
    <channel update="i" site="vivacom.bg" site_id="7##Nat Geo Wild" xmltv_id="Nat Geo Wild">Nat Geo Wild</channel>
    <channel update="i" site="vivacom.bg" site_id="7##Discovery Channel" xmltv_id="Discovery Channel">Discovery Channel</channel>
    <channel update="i" site="vivacom.bg" site_id="7##CI Network" xmltv_id="CI Network">CI Network</channel>
    <channel update="i" site="vivacom.bg" site_id="7##ID Xtra" xmltv_id="ID Xtra">ID Xtra</channel>
    <channel update="i" site="vivacom.bg" site_id="7##TLC" xmltv_id="TLC">TLC</channel>
    <channel update="i" site="vivacom.bg" site_id="7##Mezzo Live  HD" xmltv_id="Mezzo Live  HD">Mezzo Live  HD</channel>
    <channel update="i" site="vivacom.bg" site_id="7##Outdoor Channel HD" xmltv_id="Outdoor Channel HD">Outdoor Channel HD</channel>
    <channel update="i" site="vivacom.bg" site_id="7##Tiankov Folk" xmltv_id="Tiankov Folk">Tiankov Folk</channel>
    <channel update="i" site="vivacom.bg" site_id="7##Travel Channel" xmltv_id="Travel Channel">Travel Channel</channel>
    <channel update="i" site="vivacom.bg" site_id="7##RAI 1" xmltv_id="RAI 1">RAI 1</channel>
    <channel update="i" site="vivacom.bg" site_id="8##TV1" xmltv_id="TV1">TV1</channel>
    <channel update="i" site="vivacom.bg" site_id="8##TVE" xmltv_id="TVE">TVE</channel>
    <channel update="i" site="vivacom.bg" site_id="8##TV+" xmltv_id="TV+">TV+</channel>
    <channel update="i" site="vivacom.bg" site_id="8##TV 1000" xmltv_id="TV 1000">TV 1000</channel>
    <channel update="i" site="vivacom.bg" site_id="8##TVT Телевизия туризъм" xmltv_id="TVT Телевизия туризъм">TVT Телевизия туризъм</channel>
    <channel update="i" site="vivacom.bg" site_id="8##Агро ТВ" xmltv_id="Агро ТВ">Агро ТВ</channel>
    <channel update="i" site="vivacom.bg" site_id="8##Балканика" xmltv_id="Балканика">Балканика</channel>
    <channel update="i" site="vivacom.bg" site_id="8##Bloomberg" xmltv_id="Bloomberg">Bloomberg</channel>
    <channel update="i" site="vivacom.bg" site_id="8##Наше Кино" xmltv_id="Наше Кино">Наше Кино</channel>
    <channel update="i" site="vivacom.bg" site_id="8##France 24" xmltv_id="France 24">France 24</channel>
    <channel update="i" site="vivacom.bg" site_id="9##CBS Drama" xmltv_id="CBS Drama">CBS Drama</channel>
    <channel update="i" site="vivacom.bg" site_id="9##CBS Reality" xmltv_id="CBS Reality">CBS Reality</channel>
    <channel update="i" site="vivacom.bg" site_id="9##Comedy Central Extra" xmltv_id="Comedy Central Extra">Comedy Central Extra</channel>
    <channel update="i" site="vivacom.bg" site_id="9##Fashion TV" xmltv_id="Fashion TV">Fashion TV</channel>
    <channel update="i" site="vivacom.bg" site_id="9##AMC" xmltv_id="AMC">AMC</channel>
    <channel update="i" site="vivacom.bg" site_id="9##DM Sat" xmltv_id="DM Sat">DM Sat</channel>
    <channel update="i" site="vivacom.bg" site_id="9##English Club TV" xmltv_id="English Club TV">English Club TV</channel>
    <channel update="i" site="vivacom.bg" site_id="9##Fashion TV HD" xmltv_id="Fashion TV HD">Fashion TV HD</channel>
    <channel update="i" site="vivacom.bg" site_id="1##БНТ" xmltv_id="БНТ">БНТ</channel>
    <channel update="i" site="vivacom.bg" site_id="10##24 Kitchen" xmltv_id="24 Kitchen">24 Kitchen</channel>
    <channel update="i" site="vivacom.bg" site_id="10##Food Network HD" xmltv_id="Food Network HD">Food Network HD</channel>
    <channel update="i" site="vivacom.bg" site_id="10##Auto Motor Sport" xmltv_id="Auto Motor Sport">Auto Motor Sport</channel>
    <channel update="i" site="vivacom.bg" site_id="10##Animal Planet" xmltv_id="Animal Planet">Animal Planet</channel>
    <channel update="i" site="vivacom.bg" site_id="10##Nat Geo HD" xmltv_id="Nat Geo HD">Nat Geo HD</channel>
    <channel update="i" site="vivacom.bg" site_id="10##Nat Geo Wild HD" xmltv_id="Nat Geo Wild HD">Nat Geo Wild HD</channel>
    <channel update="i" site="vivacom.bg" site_id="10##Travel Channel HD" xmltv_id="Travel Channel HD">Travel Channel HD</channel>
    <channel update="i" site="vivacom.bg" site_id="10##Luxe TV HD" xmltv_id="Luxe TV HD">Luxe TV HD</channel>
    <channel update="i" site="vivacom.bg" site_id="10##Пловдивска Православна Телевизия" xmltv_id="Пловдивска Православна Телевизия">Пловдивска Православна Телевизия</channel>
    <channel update="i" site="vivacom.bg" site_id="10##RING HD" xmltv_id="RING HD">RING HD</channel>
    <channel update="i" site="vivacom.bg" site_id="11##RTL" xmltv_id="RTL">RTL</channel>
    <channel update="i" site="vivacom.bg" site_id="11##RTVi" xmltv_id="RTVi">RTVi</channel>
    <channel update="i" site="vivacom.bg" site_id="11##Планета ТВ" xmltv_id="Планета ТВ">Планета ТВ</channel>
    <channel update="i" site="vivacom.bg" site_id="11##Планета ТВ HD" xmltv_id="Планета ТВ HD">Планета ТВ HD</channel>
    <channel update="i" site="vivacom.bg" site_id="11##Fen TV" xmltv_id="Fen TV">Fen TV</channel>
    <channel update="i" site="vivacom.bg" site_id="11##Fen Folk TV" xmltv_id="Fen Folk TV">Fen Folk TV</channel>
    <channel update="i" site="vivacom.bg" site_id="11##The Voice" xmltv_id="The Voice">The Voice</channel>
    <channel update="i" site="vivacom.bg" site_id="11##Фолклор ТВ" xmltv_id="Фолклор ТВ">Фолклор ТВ</channel>
    <channel update="i" site="vivacom.bg" site_id="11##Планета Фолк" xmltv_id="Планета Фолк">Планета Фолк</channel>
    <channel update="i" site="vivacom.bg" site_id="11##Родина" xmltv_id="Родина">Родина</channel>
    <channel update="i" site="vivacom.bg" site_id="12##Deluxe Music HD" xmltv_id="Deluxe Music HD">Deluxe Music HD</channel>
    <channel update="i" site="vivacom.bg" site_id="12##Box TV" xmltv_id="Box TV">Box TV</channel>
    <channel update="i" site="vivacom.bg" site_id="12##Magic TV" xmltv_id="Magic TV">Magic TV</channel>
    <channel update="i" site="vivacom.bg" site_id="12##Mezzo" xmltv_id="Mezzo">Mezzo</channel>
    <channel update="i" site="vivacom.bg" site_id="12##BG Music Channel" xmltv_id="BG Music Channel">BG Music Channel</channel>
    <channel update="i" site="vivacom.bg" site_id="12##City TV" xmltv_id="City TV">City TV</channel>
    <channel update="i" site="vivacom.bg" site_id="12##MTV Hits" xmltv_id="MTV Hits">MTV Hits</channel>
    <channel update="i" site="vivacom.bg" site_id="12##MTV Rocks" xmltv_id="MTV Rocks">MTV Rocks</channel>
    <channel update="i" site="vivacom.bg" site_id="12##MTV HD" xmltv_id="MTV HD">MTV HD</channel>
    <channel update="i" site="vivacom.bg" site_id="12##MTV" xmltv_id="MTV">MTV</channel>
    <channel update="i" site="vivacom.bg" site_id="13##VH1" xmltv_id="VH1">VH1</channel>
    <channel update="i" site="vivacom.bg" site_id="13##Deluxe Lounge HD" xmltv_id="Deluxe Lounge HD">Deluxe Lounge HD</channel>
    <channel update="i" site="vivacom.bg" site_id="13##Первий канал России" xmltv_id="Первий канал России">Первий канал России</channel>
    <channel update="i" site="vivacom.bg" site_id="13##ТВ Европа" xmltv_id="ТВ Европа">ТВ Европа</channel>
    <channel update="i" site="vivacom.bg" site_id="13##Viasat Explore" xmltv_id="Viasat Explore">Viasat Explore</channel>
    <channel update="i" site="vivacom.bg" site_id="13##Viasat History" xmltv_id="Viasat History">Viasat History</channel>
    <channel update="i" site="vivacom.bg" site_id="13##Viasat HD" xmltv_id="Viasat HD">Viasat HD</channel>
    <channel update="i" site="vivacom.bg" site_id="13##Viasat Nature" xmltv_id="Viasat Nature">Viasat Nature</channel>
    <channel update="i" site="vivacom.bg" site_id="13##VOX" xmltv_id="VOX">VOX</channel>
    <channel update="i" site="vivacom.bg" site_id="14##ВТК" xmltv_id="ВТК">ВТК</channel>
    <channel update="i" site="vivacom.bg" site_id="14##VTV" xmltv_id="VTV">VTV</channel>
    <channel update="i" site="vivacom.bg" site_id="14##WFC" xmltv_id="WFC">WFC</channel>
    <channel update="i" site="vivacom.bg" site_id="14##AMS HD" xmltv_id="AMS HD">AMS HD</channel>
    <channel update="i" site="vivacom.bg" site_id="14##Fishing &amp; Hunting HD" xmltv_id="Fishing &amp; Hunting HD">Fishing &amp; Hunting HD</channel>
    <channel update="i" site="vivacom.bg" site_id="14##Hustler" xmltv_id="Hustler">Hustler</channel>
    <channel update="i" site="vivacom.bg" site_id="14##Dorcel HD" xmltv_id="Dorcel HD">Dorcel HD</channel>
    <channel update="i" site="vivacom.bg" site_id="14##Travel TV" xmltv_id="Travel TV">Travel TV</channel>
    <channel update="i" site="vivacom.bg" site_id="15##Diema Sport HD" xmltv_id="Diema Sport HD">Diema Sport HD</channel>
    <channel update="i" site="vivacom.bg" site_id="15##Trace Sport Stars" xmltv_id="Trace Sport Stars">Trace Sport Stars</channel>
    <channel update="i" site="vivacom.bg" site_id="15##Diema Sport 2 HD" xmltv_id="Diema Sport 2 HD">Diema Sport 2 HD</channel>
    <channel update="i" site="vivacom.bg" site_id="15##BiT" xmltv_id="BiT">BiT</channel>
    <channel update="i" site="vivacom.bg" site_id="15##Bloomberg BG" xmltv_id="Bloomberg BG">Bloomberg BG</channel>
    <channel update="i" site="vivacom.bg" site_id="15##Euronews" xmltv_id="Euronews">Euronews</channel>
    <channel update="i" site="vivacom.bg" site_id="15##History HD" xmltv_id="History HD">History HD</channel>
    <channel update="i" site="vivacom.bg" site_id="15##Ribalka i ohota" xmltv_id="Ribalka i ohota">Ribalka i ohota</channel>
    <channel update="i" site="vivacom.bg" site_id="15##Film Box plus" xmltv_id="Film Box plus">Film Box plus</channel>
    <channel update="i" site="vivacom.bg" site_id="16##BN Music" xmltv_id="BN Music">BN Music</channel>
    <channel update="i" site="vivacom.bg" site_id="16##BN Sat" xmltv_id="BN Sat">BN Sat</channel>
    <channel update="i" site="vivacom.bg" site_id="16##Chasse&amp;Peche" xmltv_id="Chasse&amp;Peche">Chasse&amp;Peche</channel>
    <channel update="i" site="vivacom.bg" site_id="16##Jukebox" xmltv_id="Jukebox">Jukebox</channel>
    <channel update="i" site="vivacom.bg" site_id="16##RCK TV" xmltv_id="RCK TV">RCK TV</channel>
    <channel update="i" site="vivacom.bg" site_id="16##RIC" xmltv_id="RIC">RIC</channel>
    <channel update="i" site="vivacom.bg" site_id="17##Realitatea" xmltv_id="Realitatea">Realitatea</channel>
    <channel update="i" site="vivacom.bg" site_id="17##TVR International" xmltv_id="TVR International">TVR International</channel>
    <channel update="i" site="vivacom.bg" site_id="17##Public Television of Armenia " xmltv_id="Public Television of Armenia ">Public Television of Armenia </channel>
    <channel update="i" site="vivacom.bg" site_id="17##CTCi" xmltv_id="CTCi">CTCi</channel>
    <channel update="i" site="vivacom.bg" site_id="17##Peretz INT" xmltv_id="Peretz INT">Peretz INT</channel>
    <channel update="i" site="vivacom.bg" site_id="17##Russia24" xmltv_id="Russia24">Russia24</channel>
    <channel update="i" site="vivacom.bg" site_id="17##Planeta RTR" xmltv_id="Planeta RTR">Planeta RTR</channel>
    <channel update="i" site="vivacom.bg" site_id="17##RT Documentary" xmltv_id="RT Documentary">RT Documentary</channel>
    <channel update="i" site="vivacom.bg" site_id="17##Russia Today Arabic " xmltv_id="Russia Today Arabic ">Russia Today Arabic </channel>
    <channel update="i" site="vivacom.bg" site_id="17##Russia Today HD " xmltv_id="Russia Today HD ">Russia Today HD </channel>
    <channel update="i" site="vivacom.bg" site_id="18##DocuBox" xmltv_id="DocuBox">DocuBox</channel>
    <channel update="i" site="vivacom.bg" site_id="18##Fast and Fun " xmltv_id="Fast and Fun ">Fast and Fun </channel>
    <channel update="i" site="vivacom.bg" site_id="18##Fight Box " xmltv_id="Fight Box ">Fight Box </channel>
    <channel update="i" site="vivacom.bg" site_id="18##FilmBox Extra" xmltv_id="FilmBox Extra">FilmBox Extra</channel>
    <channel update="i" site="vivacom.bg" site_id="18##C Music" xmltv_id="C Music">C Music</channel>
    <channel update="i" site="vivacom.bg" site_id="18##Fuel TV" xmltv_id="Fuel TV">Fuel TV</channel>
    <channel update="i" site="vivacom.bg" site_id="18##iConcerts" xmltv_id="iConcerts">iConcerts</channel>
    <channel update="i" site="vivacom.bg" site_id="18##Motors TV" xmltv_id="Motors TV">Motors TV</channel>
    <channel update="i" site="vivacom.bg" site_id="18##MyZen TV" xmltv_id="MyZen TV">MyZen TV</channel>
    <channel update="i" site="vivacom.bg" site_id="19##Wellness" xmltv_id="Wellness">Wellness</channel>
    <channel update="i" site="vivacom.bg" site_id="19##24 Horas" xmltv_id="24 Horas">24 Horas</channel>
    <channel update="i" site="vivacom.bg" site_id="19##English Club TV HD" xmltv_id="English Club TV HD">English Club TV HD</channel>
    <channel update="i" site="vivacom.bg" site_id="19##Fashion One" xmltv_id="Fashion One">Fashion One</channel>
    <channel update="i" site="vivacom.bg" site_id="19##Hit Mix" xmltv_id="Hit Mix">Hit Mix</channel>
    <channel update="i" site="vivacom.bg" site_id="19##The World" xmltv_id="The World">The World</channel>
    <channel update="i" site="vivacom.bg" site_id="19##UATV" xmltv_id="UATV">UATV</channel>
    <channel update="i" site="vivacom.bg" site_id="19##Da Vinci Learning " xmltv_id="Da Vinci Learning ">Da Vinci Learning </channel>
    <channel update="i" site="vivacom.bg" site_id="20##Mediaset" xmltv_id="Mediaset">Mediaset</channel>
    <channel update="i" site="vivacom.bg" site_id="20##Sundance" xmltv_id="Sundance">Sundance</channel>
    <channel update="i" site="vivacom.bg" site_id="20##HMTV" xmltv_id="HMTV">HMTV</channel>
    <channel update="i" site="vivacom.bg" site_id="20##Deutsche Welle" xmltv_id="Deutsche Welle">Deutsche Welle</channel>
    <channel update="i" site="vivacom.bg" site_id="20##Movie Star" xmltv_id="Movie Star">Movie Star</channel>
    <channel update="i" site="vivacom.bg" site_id="20##TV 5 Monde" xmltv_id="TV 5 Monde">TV 5 Monde</channel>
    <channel update="i" site="vivacom.bg" site_id="20##InLife" xmltv_id="InLife">InLife</channel>
    <channel update="i" site="vivacom.bg" site_id="20##VH1 classic " xmltv_id="VH1 classic ">VH1 classic </channel>
    <channel update="i" site="vivacom.bg" site_id="21##НТВ Мир" xmltv_id="НТВ Мир">НТВ Мир</channel>
    <channel update="i" site="vivacom.bg" site_id="21##Fight Network" xmltv_id="Fight Network">Fight Network</channel>
  </channels>
</site>
