﻿<?xml version="1.0" encoding="UTF-8"?>
<site generator-info-name="WebGrab+Plus/w MDB &amp; REX Postprocess -- version V1.56.23 -- Jan van Straaten" site="viasat.dk">
  <channels>
    <channel update="i" site="viasat.dk" site_id="V_25" xmltv_id="TV3">TV3</channel>
    <channel update="i" site="viasat.dk" site_id="V_26" xmltv_id="TV3+">TV3+</channel>
    <channel update="i" site="viasat.dk" site_id="V_27" xmltv_id="TV3 Puls">TV3 Puls</channel>
    <channel update="i" site="viasat.dk" site_id="B_3" xmltv_id="DR1">DR1</channel>
    <channel update="i" site="viasat.dk" site_id="B_11" xmltv_id="DR2">DR2</channel>
    <channel update="i" site="viasat.dk" site_id="B_327" xmltv_id="DR3">DR3</channel>
    <channel update="i" site="viasat.dk" site_id="B_326" xmltv_id="DR K">DR K</channel>
    <channel update="i" site="viasat.dk" site_id="B_6" xmltv_id="TV2">TV2</channel>
    <channel update="i" site="viasat.dk" site_id="B_247" xmltv_id="TV2 News">TV2 News</channel>
    <channel update="i" site="viasat.dk" site_id="B_216" xmltv_id="TV2 Charlie">TV2 Charlie</channel>
    <channel update="i" site="viasat.dk" site_id="B_401" xmltv_id="TV2 Fri">TV2 Fri</channel>
    <channel update="i" site="viasat.dk" site_id="B_7" xmltv_id="TV2 Zulu">TV2 Zulu</channel>
    <channel update="i" site="viasat.dk" site_id="B_16" xmltv_id="Kanal 4">Kanal 4</channel>
    <channel update="i" site="viasat.dk" site_id="B_15" xmltv_id="Kanal 5">Kanal 5</channel>
    <channel update="i" site="viasat.dk" site_id="B_20" xmltv_id="DK4">DK4</channel>
    <channel update="i" site="viasat.dk" site_id="V_125" xmltv_id="TV3 Sport 1">TV3 Sport 1</channel>
    <channel update="i" site="viasat.dk" site_id="V_126" xmltv_id="TV3 Sport 2">TV3 Sport 2</channel>
    <channel update="i" site="viasat.dk" site_id="B_412" xmltv_id="TV2 Sport">TV2 Sport</channel>
    <channel update="i" site="viasat.dk" site_id="B_415" xmltv_id="Eurosport 2">Eurosport 2</channel>
    <channel update="i" site="viasat.dk" site_id="B_323" xmltv_id="Canal9">Canal9</channel>
    <channel update="i" site="viasat.dk" site_id="V_29" xmltv_id="Viasat Golf">Viasat Golf</channel>
    <channel update="i" site="viasat.dk" site_id="V_30" xmltv_id="Viasat Film Premiere">Viasat Film Premiere</channel>
    <channel update="i" site="viasat.dk" site_id="V_165" xmltv_id="Viasat Film Hits">Viasat Film Hits</channel>
    <channel update="i" site="viasat.dk" site_id="V_31" xmltv_id="Viasat Film Action">Viasat Film Action</channel>
    <channel update="i" site="viasat.dk" site_id="V_147" xmltv_id="Viasat Film Comedy">Viasat Film Comedy</channel>
    <channel update="i" site="viasat.dk" site_id="V_34" xmltv_id="Viasat Film Family">Viasat Film Family</channel>
    <channel update="i" site="viasat.dk" site_id="V_166" xmltv_id="Viasat Series">Viasat Series</channel>
    <channel update="i" site="viasat.dk" site_id="B_400" xmltv_id="DR Ultra">DR Ultra</channel>
    <channel update="i" site="viasat.dk" site_id="B_325" xmltv_id="DR Ramasjang">DR Ramasjang</channel>
    <channel update="i" site="viasat.dk" site_id="B_288" xmltv_id="Boomerang">Boomerang</channel>
    <channel update="i" site="viasat.dk" site_id="B_199" xmltv_id="Disney Channel">Disney Channel</channel>
    <channel update="i" site="viasat.dk" site_id="B_330" xmltv_id="Disney XD">Disney XD</channel>
    <channel update="i" site="viasat.dk" site_id="B_253" xmltv_id="Disney Junior">Disney Junior</channel>
    <channel update="i" site="viasat.dk" site_id="B_42" xmltv_id="Cartoon Network">Cartoon Network</channel>
    <channel update="i" site="viasat.dk" site_id="B_50" xmltv_id="Nickelodeon">Nickelodeon</channel>
    <channel update="i" site="viasat.dk" site_id="B_380" xmltv_id="NickJR">NickJR</channel>
    <channel update="i" site="viasat.dk" site_id="B_181" xmltv_id="MTV">MTV</channel>
    <channel update="i" site="viasat.dk" site_id="A_351" xmltv_id="MTV Hits">MTV Hits</channel>
    <channel update="i" site="viasat.dk" site_id="B_193" xmltv_id="Vh1">Vh1</channel>
    <channel update="i" site="viasat.dk" site_id="A_342" xmltv_id="VH1 Classic">VH1 Classic</channel>
    <channel update="i" site="viasat.dk" site_id="A_225" xmltv_id="E!">E!</channel>
    <channel update="i" site="viasat.dk" site_id="B_409" xmltv_id="Comedy Central">Comedy Central</channel>
    <channel update="i" site="viasat.dk" site_id="V_41" xmltv_id="Viasat Nature">Viasat Nature</channel>
    <channel update="i" site="viasat.dk" site_id="V_39" xmltv_id="Viasat Explore">Viasat Explore</channel>
    <channel update="i" site="viasat.dk" site_id="V_40" xmltv_id="Viasat History">Viasat History</channel>
    <channel update="i" site="viasat.dk" site_id="B_183" xmltv_id="National Geographic Channel">National Geographic Channel</channel>
    <channel update="i" site="viasat.dk" site_id="B_284" xmltv_id="National Geographic HD">National Geographic HD</channel>
    <channel update="i" site="viasat.dk" site_id="B_283" xmltv_id="Nat Geo Wild">Nat Geo Wild</channel>
    <channel update="i" site="viasat.dk" site_id="A_171" xmltv_id="GOD TV">GOD TV</channel>
    <channel update="i" site="viasat.dk" site_id="A_528" xmltv_id="NHK World">NHK World</channel>
    <channel update="i" site="viasat.dk" site_id="B_176" xmltv_id="BBC World News">BBC World News</channel>
    <channel update="i" site="viasat.dk" site_id="A_70" xmltv_id="CNBC">CNBC</channel>
    <channel update="i" site="viasat.dk" site_id="B_43" xmltv_id="CNN">CNN</channel>
    <channel update="i" site="viasat.dk" site_id="A_167" xmltv_id="Euronews">Euronews</channel>
    <channel update="i" site="viasat.dk" site_id="B_188" xmltv_id="Sky News">Sky News</channel>
    <channel update="i" site="viasat.dk" site_id="A_531" xmltv_id="Blue Hustler">Blue Hustler</channel>
    <channel update="i" site="viasat.dk" site_id="A_223" xmltv_id="Playboy">Playboy</channel>
    <channel update="i" site="viasat.dk" site_id="A_529" xmltv_id="Penthouse 1">Penthouse 1</channel>
    <channel update="i" site="viasat.dk" site_id="A_530" xmltv_id="Penthouse 2">Penthouse 2</channel>
    <channel update="i" site="viasat.dk" site_id="A_145" xmltv_id="TV Chile">TV Chile</channel>
    <channel update="i" site="viasat.dk" site_id="A_295" xmltv_id="Russia Today">Russia Today</channel>
  </channels>
</site>