﻿<?xml version="1.0" encoding="UTF-8"?>
<site generator-info-name="WebGrab+Plus/w MDB &amp; REX Postprocess -- version V1.56.25 -- Jan van Straaten" site="superchannel.ca">
  <channels>
    <channel update="i" site="superchannel.ca" site_id="1" xmltv_id="Super Channel 1">Super Channel 1</channel>
    <channel update="i" site="superchannel.ca" site_id="2" xmltv_id="Super Channel 2">Super Channel 2</channel>
    <channel update="i" site="superchannel.ca" site_id="3" xmltv_id="Super Channel 3">Super Channel 3</channel>
    <channel update="i" site="superchannel.ca" site_id="4" xmltv_id="Super Channel 4">Super Channel 4</channel>
  </channels>
</site>