﻿<?xml version="1.0" encoding="UTF-8"?>
<site generator-info-name="WebGrab+Plus/w MDB &amp; REX Postprocess -- version  V1.57 -- Jan van Straaten" site="guidatv.sky.it">
  <channels>
    <channel update="i" site="guidatv.sky.it" site_id="rai-uno" xmltv_id="Rai Uno">Rai Uno</channel>
    <channel update="i" site="guidatv.sky.it" site_id="rai-due" xmltv_id="Rai Due">Rai Due</channel>
    <channel update="i" site="guidatv.sky.it" site_id="rai-tre" xmltv_id="Rai Tre">Rai Tre</channel>
    <channel update="i" site="guidatv.sky.it" site_id="sky-sport-mix-hd" xmltv_id="Sky Sport Mix HD">Sky Sport Mix HD</channel>
    <channel update="i" site="guidatv.sky.it" site_id="la7" xmltv_id="La7">La7</channel>
    <channel update="i" site="guidatv.sky.it" site_id="sky-uno-hd" xmltv_id="Sky Uno HD">Sky Uno HD</channel>
    <channel update="i" site="guidatv.sky.it" site_id="sky-atlantic-hd" xmltv_id="Sky Atlantic HD">Sky Atlantic HD</channel>
    <channel update="i" site="guidatv.sky.it" site_id="fox-hd" xmltv_id="Fox HD">Fox HD</channel>
    <channel update="i" site="guidatv.sky.it" site_id="fox-life-hd" xmltv_id="Fox Life HD">Fox Life HD</channel>
    <channel update="i" site="guidatv.sky.it" site_id="fox-crime-hd" xmltv_id="Fox Crime HD">Fox Crime HD</channel>
    <channel update="i" site="guidatv.sky.it" site_id="ci-crime+-investigation-hd" xmltv_id="CI Crime+ Investigation HD">CI Crime+ Investigation HD</channel>
    <channel update="i" site="guidatv.sky.it" site_id="sky-arte-hd" xmltv_id="Sky Arte HD">Sky Arte HD</channel>
    <channel update="i" site="guidatv.sky.it" site_id="tv8" xmltv_id="TV8">TV8</channel>
    <channel update="i" site="guidatv.sky.it" site_id="axn-hd" xmltv_id="AXN HD">AXN HD</channel>
    <channel update="i" site="guidatv.sky.it" site_id="comedy-central" xmltv_id="Comedy Central">Comedy Central</channel>
    <channel update="i" site="guidatv.sky.it" site_id="cielo-hd" xmltv_id="Cielo HD">Cielo HD</channel>
    <channel update="i" site="guidatv.sky.it" site_id="fox-animation-hd" xmltv_id="Fox Animation HD">Fox Animation HD</channel>
    <channel update="i" site="guidatv.sky.it" site_id="fox-comedy-hd" xmltv_id="Fox Comedy HD">Fox Comedy HD</channel>
    <channel update="i" site="guidatv.sky.it" site_id="lei" xmltv_id="Lei">Lei</channel>
    <channel update="i" site="guidatv.sky.it" site_id="real-time-hd" xmltv_id="Real Time HD">Real Time HD</channel>
    <channel update="i" site="guidatv.sky.it" site_id="mtv-hd" xmltv_id="MTV HD">MTV HD</channel>
    <channel update="i" site="guidatv.sky.it" site_id="axn-sci-fi" xmltv_id="AXN Sci-Fi">AXN Sci-Fi</channel>
    <channel update="i" site="guidatv.sky.it" site_id="classica-hd" xmltv_id="Classica HD">Classica HD</channel>
    <channel update="i" site="guidatv.sky.it" site_id="automoto-tv" xmltv_id="Automoto TV">Automoto TV</channel>
    <channel update="i" site="guidatv.sky.it" site_id="man-ga" xmltv_id="MAN-GA">MAN-GA</channel>
    <channel update="i" site="guidatv.sky.it" site_id="sky-3d---ch-150" xmltv_id="Sky 3D - Ch 150">Sky 3D - Ch 150</channel>
    <channel update="i" site="guidatv.sky.it" site_id="la3" xmltv_id="La3">La3</channel>
    <channel update="i" site="guidatv.sky.it" site_id="sky-sport24-hd" xmltv_id="Sky Sport24 HD">Sky Sport24 HD</channel>
    <channel update="i" site="guidatv.sky.it" site_id="sky-sport-1-hd" xmltv_id="Sky Sport 1 HD">Sky Sport 1 HD</channel>
    <channel update="i" site="guidatv.sky.it" site_id="sky-sport-2-hd" xmltv_id="Sky Sport 2 HD">Sky Sport 2 HD</channel>
    <channel update="i" site="guidatv.sky.it" site_id="sky-sport-3-hd" xmltv_id="Sky Sport 3 HD">Sky Sport 3 HD</channel>
    <channel update="i" site="guidatv.sky.it" site_id="fox-sports-hd" xmltv_id="Fox Sports HD">Fox Sports HD</channel>
    <channel update="i" site="guidatv.sky.it" site_id="sky-sport-plus-hd" xmltv_id="Sky Sport Plus HD">Sky Sport Plus HD</channel>
    <channel update="i" site="guidatv.sky.it" site_id="sky-supercalcio-hd" xmltv_id="Sky Supercalcio HD">Sky Supercalcio HD</channel>
    <channel update="i" site="guidatv.sky.it" site_id="sky-sport-f1-hd" xmltv_id="Sky Sport F1 HD">Sky Sport F1 HD</channel>
    <channel update="i" site="guidatv.sky.it" site_id="sky-sport-motogp-hd" xmltv_id="Sky Sport MotoGP HD">Sky Sport MotoGP HD</channel>
    <channel update="i" site="guidatv.sky.it" site_id="eurosport-hd" xmltv_id="Eurosport HD">Eurosport HD</channel>
    <channel update="i" site="guidatv.sky.it" site_id="eurosport-2-hd" xmltv_id="Eurosport 2 HD">Eurosport 2 HD</channel>
    <channel update="i" site="guidatv.sky.it" site_id="sky-cinema-uno-hd" xmltv_id="Sky Cinema Uno HD">Sky Cinema Uno HD</channel>
    <channel update="i" site="guidatv.sky.it" site_id="sky-cinema-hits-hd" xmltv_id="Sky Cinema Hits HD">Sky Cinema Hits HD</channel>
    <channel update="i" site="guidatv.sky.it" site_id="sky-cinema-family-hd" xmltv_id="Sky Cinema Family HD">Sky Cinema Family HD</channel>
    <channel update="i" site="guidatv.sky.it" site_id="sky-cinema-passion-hd" xmltv_id="Sky Cinema Passion HD">Sky Cinema Passion HD</channel>
    <channel update="i" site="guidatv.sky.it" site_id="sky-cinema-comedy-hd" xmltv_id="Sky Cinema Comedy HD">Sky Cinema Comedy HD</channel>
    <channel update="i" site="guidatv.sky.it" site_id="sky-cinema-max-hd" xmltv_id="Sky Cinema Max HD">Sky Cinema Max HD</channel>
    <channel update="i" site="guidatv.sky.it" site_id="sky-cinema-cult-hd" xmltv_id="Sky Cinema Cult HD">Sky Cinema Cult HD</channel>
    <channel update="i" site="guidatv.sky.it" site_id="sky-cinema-classics-hd" xmltv_id="Sky Cinema Classics HD">Sky Cinema Classics HD</channel>
    <channel update="i" site="guidatv.sky.it" site_id="primafila-1" xmltv_id="Primafila 1">Primafila 1</channel>
    <channel update="i" site="guidatv.sky.it" site_id="discovery-channel-hd" xmltv_id="Discovery Channel HD">Discovery Channel HD</channel>
    <channel update="i" site="guidatv.sky.it" site_id="national-geo-hd" xmltv_id="National Geo HD">National Geo HD</channel>
    <channel update="i" site="guidatv.sky.it" site_id="discovery-science-hd" xmltv_id="Discovery Science HD">Discovery Science HD</channel>
    <channel update="i" site="guidatv.sky.it" site_id="discovery-travel-&amp;-living-hd" xmltv_id="Discovery Travel &amp; Living HD">Discovery Travel &amp; Living HD</channel>
    <channel update="i" site="guidatv.sky.it" site_id="history-channel-hd" xmltv_id="History Channel HD">History Channel HD</channel>
    <channel update="i" site="guidatv.sky.it" site_id="nat-geo-wild-hd" xmltv_id="Nat Geo Wild HD">Nat Geo Wild HD</channel>
    <channel update="i" site="guidatv.sky.it" site_id="nat-geo-people-hd" xmltv_id="Nat Geo People HD">Nat Geo People HD</channel>
    <channel update="i" site="guidatv.sky.it" site_id="gambero-rosso-hd" xmltv_id="Gambero Rosso HD">Gambero Rosso HD</channel>
    <channel update="i" site="guidatv.sky.it" site_id="dove" xmltv_id="Dove">Dove</channel>
    <channel update="i" site="guidatv.sky.it" site_id="explora-hd" xmltv_id="eXplora HD">eXplora HD</channel>
    <channel update="i" site="guidatv.sky.it" site_id="animal-planet" xmltv_id="Animal Planet">Animal Planet</channel>
    <channel update="i" site="guidatv.sky.it" site_id="sky-tg24-hd" xmltv_id="Sky TG24 HD">Sky TG24 HD</channel>
    <channel update="i" site="guidatv.sky.it" site_id="deakids" xmltv_id="DeAKids">DeAKids</channel>
    <channel update="i" site="guidatv.sky.it" site_id="nick-junior" xmltv_id="Nick Junior">Nick Junior</channel>
    <channel update="i" site="guidatv.sky.it" site_id="nickelodeon" xmltv_id="Nickelodeon">Nickelodeon</channel>
    <channel update="i" site="guidatv.sky.it" site_id="cartoon-network" xmltv_id="Cartoon Network">Cartoon Network</channel>
    <channel update="i" site="guidatv.sky.it" site_id="boomerang" xmltv_id="Boomerang">Boomerang</channel>
    <channel update="i" site="guidatv.sky.it" site_id="disney-junior" xmltv_id="Disney Junior">Disney Junior</channel>
    <channel update="i" site="guidatv.sky.it" site_id="disney-channel-hd" xmltv_id="Disney Channel HD">Disney Channel HD</channel>
    <channel update="i" site="guidatv.sky.it" site_id="disney-xd-hd" xmltv_id="Disney XD HD">Disney XD HD</channel>
    <channel update="i" site="guidatv.sky.it" site_id="dea-junior" xmltv_id="DeA Junior">DeA Junior</channel>
    <channel update="i" site="guidatv.sky.it" site_id="baby-tv" xmltv_id="Baby TV">Baby TV</channel>
    <channel update="i" site="guidatv.sky.it" site_id="super!" xmltv_id="Super!">Super!</channel>
    <channel update="i" site="guidatv.sky.it" site_id="k2" xmltv_id="K2">K2</channel>
    <channel update="i" site="guidatv.sky.it" site_id="mtv-hits" xmltv_id="MTV Hits">MTV Hits</channel>
    <channel update="i" site="guidatv.sky.it" site_id="mtv-rocks" xmltv_id="MTV Rocks">MTV Rocks</channel>
    <channel update="i" site="guidatv.sky.it" site_id="mtv-music" xmltv_id="MTV Music">MTV Music</channel>
    <channel update="i" site="guidatv.sky.it" site_id="my-deejay" xmltv_id="My Deejay">My Deejay</channel>
    <channel update="i" site="guidatv.sky.it" site_id="rock-tv" xmltv_id="Rock TV">Rock TV</channel>
    <channel update="i" site="guidatv.sky.it" site_id="hip-hop-tv" xmltv_id="Hip Hop TV">Hip Hop TV</channel>
    <channel update="i" site="guidatv.sky.it" site_id="rai-4" xmltv_id="Rai 4">Rai 4</channel>
    <channel update="i" site="guidatv.sky.it" site_id="sky-uno-+-1-hd" xmltv_id="Sky Uno + 1 HD">Sky Uno + 1 HD</channel>
    <channel update="i" site="guidatv.sky.it" site_id="sky-generation-hd" xmltv_id="Sky Generation HD">Sky Generation HD</channel>
    <channel update="i" site="guidatv.sky.it" site_id="fox-+1" xmltv_id="Fox +1">Fox +1</channel>
    <channel update="i" site="guidatv.sky.it" site_id="fox-life-+1" xmltv_id="Fox Life +1">Fox Life +1</channel>
    <channel update="i" site="guidatv.sky.it" site_id="fox-crime-+1" xmltv_id="Fox Crime +1">Fox Crime +1</channel>
    <channel update="i" site="guidatv.sky.it" site_id="axn-+-1" xmltv_id="AXN + 1">AXN + 1</channel>
    <channel update="i" site="guidatv.sky.it" site_id="comedy-central-+-1" xmltv_id="Comedy Central + 1">Comedy Central + 1</channel>
    <channel update="i" site="guidatv.sky.it" site_id="lei-+1" xmltv_id="LEI +1">LEI +1</channel>
    <channel update="i" site="guidatv.sky.it" site_id="real-time+1" xmltv_id="Real Time+1">Real Time+1</channel>
    <channel update="i" site="guidatv.sky.it" site_id="dmax-hd" xmltv_id="DMAX HD">DMAX HD</channel>
    <channel update="i" site="guidatv.sky.it" site_id="dmax-+1" xmltv_id="DMAX +1">DMAX +1</channel>
    <channel update="i" site="guidatv.sky.it" site_id="laeffe" xmltv_id="Laeffe">Laeffe</channel>
    <channel update="i" site="guidatv.sky.it" site_id="tv2000" xmltv_id="TV2000">TV2000</channel>
    <channel update="i" site="guidatv.sky.it" site_id="fox-crime-europe" xmltv_id="Fox Crime Europe">Fox Crime Europe</channel>
    <channel update="i" site="guidatv.sky.it" site_id="giallo" xmltv_id="Giallo">Giallo</channel>
    <channel update="i" site="guidatv.sky.it" site_id="deejay-tv--nove" xmltv_id="Deejay TV  NOVE">Deejay TV  NOVE</channel>
    <channel update="i" site="guidatv.sky.it" site_id="sky-uno--hd" xmltv_id="Sky Uno  HD">Sky Uno  HD</channel>
    <channel update="i" site="guidatv.sky.it" site_id="j-%7C-juventus-tv" xmltv_id="J - Juventus TV">J - Juventus TV</channel>
    <channel update="i" site="guidatv.sky.it" site_id="roma-tv" xmltv_id="Roma TV">Roma TV</channel>
    <channel update="i" site="guidatv.sky.it" site_id="bike-channel-hd" xmltv_id="Bike Channel HD">Bike Channel HD</channel>
    <channel update="i" site="guidatv.sky.it" site_id="sky-3d---ch-209" xmltv_id="Sky 3D - Ch 209">Sky 3D - Ch 209</channel>
    <channel update="i" site="guidatv.sky.it" site_id="class-horse-tv" xmltv_id="Class Horse TV">Class Horse TV</channel>
    <channel update="i" site="guidatv.sky.it" site_id="pokeritalia24" xmltv_id="PokerItalia24">PokerItalia24</channel>
    <channel update="i" site="guidatv.sky.it" site_id="supertennis-hd" xmltv_id="SuperTennis HD">SuperTennis HD</channel>
    <channel update="i" site="guidatv.sky.it" site_id="sportitalia" xmltv_id="Sportitalia">Sportitalia</channel>
    <channel update="i" site="guidatv.sky.it" site_id="rai-sport-1" xmltv_id="Rai Sport 1">Rai Sport 1</channel>
    <channel update="i" site="guidatv.sky.it" site_id="rai-sport-2" xmltv_id="Rai Sport 2">Rai Sport 2</channel>
    <channel update="i" site="guidatv.sky.it" site_id="milan-tv-hd" xmltv_id="Milan TV HD">Milan TV HD</channel>
    <channel update="i" site="guidatv.sky.it" site_id="inter-channel" xmltv_id="Inter Channel">Inter Channel</channel>
    <channel update="i" site="guidatv.sky.it" site_id="lazio-style-channel" xmltv_id="Lazio Style Channel">Lazio Style Channel</channel>
    <channel update="i" site="guidatv.sky.it" site_id="caccia-e-pesca" xmltv_id="Caccia e Pesca">Caccia e Pesca</channel>
    <channel update="i" site="guidatv.sky.it" site_id="pesca-e-caccia" xmltv_id="Pesca e Caccia">Pesca e Caccia</channel>
    <channel update="i" site="guidatv.sky.it" site_id="sky-calcio-1-hd" xmltv_id="Sky Calcio 1 HD">Sky Calcio 1 HD</channel>
    <channel update="i" site="guidatv.sky.it" site_id="sky-calcio-2-hd" xmltv_id="Sky Calcio 2 HD">Sky Calcio 2 HD</channel>
    <channel update="i" site="guidatv.sky.it" site_id="sky-calcio-3-hd" xmltv_id="Sky Calcio 3 HD">Sky Calcio 3 HD</channel>
    <channel update="i" site="guidatv.sky.it" site_id="sky-calcio-4-hd" xmltv_id="Sky Calcio 4 HD">Sky Calcio 4 HD</channel>
    <channel update="i" site="guidatv.sky.it" site_id="sky-calcio-5-hd" xmltv_id="Sky Calcio 5 HD">Sky Calcio 5 HD</channel>
    <channel update="i" site="guidatv.sky.it" site_id="sky-calcio-6-hd" xmltv_id="Sky Calcio 6 HD">Sky Calcio 6 HD</channel>
    <channel update="i" site="guidatv.sky.it" site_id="sky-calcio-7-hd" xmltv_id="Sky Calcio 7 HD">Sky Calcio 7 HD</channel>
    <channel update="i" site="guidatv.sky.it" site_id="sky-calcio-8-hd" xmltv_id="Sky Calcio 8 HD">Sky Calcio 8 HD</channel>
    <channel update="i" site="guidatv.sky.it" site_id="sky-calcio-9" xmltv_id="Sky Calcio 9">Sky Calcio 9</channel>
    <channel update="i" site="guidatv.sky.it" site_id="sky-calcio-10" xmltv_id="Sky Calcio 10">Sky Calcio 10</channel>
    <channel update="i" site="guidatv.sky.it" site_id="sky-calcio-11" xmltv_id="Sky Calcio 11">Sky Calcio 11</channel>
    <channel update="i" site="guidatv.sky.it" site_id="sky-calcio-12" xmltv_id="Sky Calcio 12">Sky Calcio 12</channel>
    <channel update="i" site="guidatv.sky.it" site_id="sky-calcio-13" xmltv_id="Sky Calcio 13">Sky Calcio 13</channel>
    <channel update="i" site="guidatv.sky.it" site_id="sky-cinema-+-1-hd" xmltv_id="Sky Cinema + 1 HD">Sky Cinema + 1 HD</channel>
    <channel update="i" site="guidatv.sky.it" site_id="sky-cinema-+-24-hd" xmltv_id="Sky Cinema + 24 HD">Sky Cinema + 24 HD</channel>
    <channel update="i" site="guidatv.sky.it" site_id="sky-cinema-family-+1-hd" xmltv_id="Sky Cinema Family +1 HD">Sky Cinema Family +1 HD</channel>
    <channel update="i" site="guidatv.sky.it" site_id="sky-cinema-max-+-1-hd" xmltv_id="Sky Cinema Max + 1 HD">Sky Cinema Max + 1 HD</channel>
    <channel update="i" site="guidatv.sky.it" site_id="sky-3d---ch-321" xmltv_id="Sky 3D - Ch 321">Sky 3D - Ch 321</channel>
    <channel update="i" site="guidatv.sky.it" site_id="sky-arte-hd-400" xmltv_id="Sky Arte HD-400">Sky Arte HD-400</channel>
    <channel update="i" site="guidatv.sky.it" site_id="discovery-ch-+1" xmltv_id="Discovery Ch +1">Discovery Ch +1</channel>
    <channel update="i" site="guidatv.sky.it" site_id="national-geo-+1" xmltv_id="National Geo +1">National Geo +1</channel>
    <channel update="i" site="guidatv.sky.it" site_id="history-ch-+1" xmltv_id="History Ch +1">History Ch +1</channel>
    <channel update="i" site="guidatv.sky.it" site_id="nat-geo-wild-+1" xmltv_id="Nat Geo Wild +1">Nat Geo Wild +1</channel>
    <channel update="i" site="guidatv.sky.it" site_id="focus-tv" xmltv_id="Focus Tv">Focus Tv</channel>
    <channel update="i" site="guidatv.sky.it" site_id="la-sposa" xmltv_id="La Sposa">La Sposa</channel>
    <channel update="i" site="guidatv.sky.it" site_id="doctor's-life" xmltv_id="Doctor's Life">Doctor's Life</channel>
    <channel update="i" site="guidatv.sky.it" site_id="qvc" xmltv_id="QVC">QVC</channel>
    <channel update="i" site="guidatv.sky.it" site_id="sky-tg-24-meteo" xmltv_id="Sky TG 24 Meteo">Sky TG 24 Meteo</channel>
    <channel update="i" site="guidatv.sky.it" site_id="tg24-primo-piano" xmltv_id="TG24 Primo Piano">TG24 Primo Piano</channel>
    <channel update="i" site="guidatv.sky.it" site_id="tg24-eventi" xmltv_id="TG24 Eventi">TG24 Eventi</channel>
    <channel update="i" site="guidatv.sky.it" site_id="tg24-rassegne" xmltv_id="TG24 Rassegne">TG24 Rassegne</channel>
    <channel update="i" site="guidatv.sky.it" site_id="class-cnbc" xmltv_id="Class-Cnbc">Class-Cnbc</channel>
    <channel update="i" site="guidatv.sky.it" site_id="rai-news" xmltv_id="Rai News">Rai News</channel>
    <channel update="i" site="guidatv.sky.it" site_id="tg-norba24" xmltv_id="TG Norba24">TG Norba24</channel>
    <channel update="i" site="guidatv.sky.it" site_id="reteconomy" xmltv_id="Reteconomy">Reteconomy</channel>
    <channel update="i" site="guidatv.sky.it" site_id="trm-h24" xmltv_id="TRM h24">TRM h24</channel>
    <channel update="i" site="guidatv.sky.it" site_id="smtv-san-marino" xmltv_id="SMtv San Marino">SMtv San Marino</channel>
    <channel update="i" site="guidatv.sky.it" site_id="euronews" xmltv_id="Euronews">Euronews</channel>
    <channel update="i" site="guidatv.sky.it" site_id="sky-news" xmltv_id="Sky News">Sky News</channel>
    <channel update="i" site="guidatv.sky.it" site_id="fox-news" xmltv_id="Fox News">Fox News</channel>
    <channel update="i" site="guidatv.sky.it" site_id="cnn-intl" xmltv_id="CNN Intl">CNN Intl</channel>
    <channel update="i" site="guidatv.sky.it" site_id="fox-business" xmltv_id="Fox Business">Fox Business</channel>
    <channel update="i" site="guidatv.sky.it" site_id="cnbc" xmltv_id="CNBC">CNBC</channel>
    <channel update="i" site="guidatv.sky.it" site_id="bloomberg" xmltv_id="Bloomberg">Bloomberg</channel>
    <channel update="i" site="guidatv.sky.it" site_id="france-24-english" xmltv_id="France 24 English">France 24 English</channel>
    <channel update="i" site="guidatv.sky.it" site_id="russia-today" xmltv_id="Russia Today">Russia Today</channel>
    <channel update="i" site="guidatv.sky.it" site_id="i24news" xmltv_id="I24news">I24news</channel>
    <channel update="i" site="guidatv.sky.it" site_id="france-24" xmltv_id="France 24">France 24</channel>
    <channel update="i" site="guidatv.sky.it" site_id="rt-doc-hd" xmltv_id="RT Doc HD">RT Doc HD</channel>
    <channel update="i" site="guidatv.sky.it" site_id="deakids+1" xmltv_id="DeAKids+1">DeAKids+1</channel>
    <channel update="i" site="guidatv.sky.it" site_id="nick-junior-+-1" xmltv_id="Nick Junior + 1">Nick Junior + 1</channel>
    <channel update="i" site="guidatv.sky.it" site_id="nickelodeon-+-1" xmltv_id="Nickelodeon + 1">Nickelodeon + 1</channel>
    <channel update="i" site="guidatv.sky.it" site_id="cartoon-network-+1" xmltv_id="Cartoon Network +1">Cartoon Network +1</channel>
    <channel update="i" site="guidatv.sky.it" site_id="boomerang-+-1" xmltv_id="Boomerang + 1">Boomerang + 1</channel>
    <channel update="i" site="guidatv.sky.it" site_id="disney-junior-+-1" xmltv_id="Disney Junior + 1">Disney Junior + 1</channel>
    <channel update="i" site="guidatv.sky.it" site_id="disney-channel-+1" xmltv_id="Disney Channel +1">Disney Channel +1</channel>
    <channel update="i" site="guidatv.sky.it" site_id="disney-channel-+2" xmltv_id="Disney Channel +2">Disney Channel +2</channel>
    <channel update="i" site="guidatv.sky.it" site_id="disney-xd-+1" xmltv_id="Disney XD +1">Disney XD +1</channel>
    <channel update="i" site="guidatv.sky.it" site_id="disney-xd-+2" xmltv_id="Disney XD +2">Disney XD +2</channel>
    <channel update="i" site="guidatv.sky.it" site_id="disney-in-english" xmltv_id="Disney in English">Disney in English</channel>
    <channel update="i" site="guidatv.sky.it" site_id="teennick" xmltv_id="TeenNick">TeenNick</channel>
    <channel update="i" site="guidatv.sky.it" site_id="frisbee" xmltv_id="Frisbee">Frisbee</channel>
    <channel update="i" site="guidatv.sky.it" site_id="sky-radio" xmltv_id="Sky Radio">Sky Radio</channel>
    <channel update="i" site="guidatv.sky.it" site_id="sky-music" xmltv_id="Sky Music">Sky Music</channel>
    <channel update="i" site="guidatv.sky.it" site_id="radio-italia-tv" xmltv_id="Radio Italia Tv">Radio Italia Tv</channel>
    <channel update="i" site="guidatv.sky.it" site_id="radionorba-tv" xmltv_id="Radionorba TV">Radionorba TV</channel>
    <channel update="i" site="guidatv.sky.it" site_id="rtl-102.5-tv" xmltv_id="RTL 102.5 TV">RTL 102.5 TV</channel>
    <channel update="i" site="guidatv.sky.it" site_id="primafila-2" xmltv_id="Primafila 2">Primafila 2</channel>
    <channel update="i" site="guidatv.sky.it" site_id="primafila-3-hd" xmltv_id="Primafila 3 HD">Primafila 3 HD</channel>
    <channel update="i" site="guidatv.sky.it" site_id="primafila-4" xmltv_id="Primafila 4">Primafila 4</channel>
    <channel update="i" site="guidatv.sky.it" site_id="primafila-5" xmltv_id="Primafila 5">Primafila 5</channel>
    <channel update="i" site="guidatv.sky.it" site_id="primafila-6" xmltv_id="Primafila 6">Primafila 6</channel>
    <channel update="i" site="guidatv.sky.it" site_id="primafila-7-hd" xmltv_id="Primafila 7 HD">Primafila 7 HD</channel>
    <channel update="i" site="guidatv.sky.it" site_id="primafila-8" xmltv_id="Primafila 8">Primafila 8</channel>
    <channel update="i" site="guidatv.sky.it" site_id="primafila-9" xmltv_id="Primafila 9">Primafila 9</channel>
    <channel update="i" site="guidatv.sky.it" site_id="primafila-10" xmltv_id="Primafila 10">Primafila 10</channel>
    <channel update="i" site="guidatv.sky.it" site_id="primafila-11" xmltv_id="Primafila 11">Primafila 11</channel>
    <channel update="i" site="guidatv.sky.it" site_id="primafila-12" xmltv_id="Primafila 12">Primafila 12</channel>
    <channel update="i" site="guidatv.sky.it" site_id="primafila-13" xmltv_id="Primafila 13">Primafila 13</channel>
    <channel update="i" site="guidatv.sky.it" site_id="primafila-14" xmltv_id="Primafila 14">Primafila 14</channel>
    <channel update="i" site="guidatv.sky.it" site_id="primafila-15" xmltv_id="Primafila 15">Primafila 15</channel>
    <channel update="i" site="guidatv.sky.it" site_id="primafila-16" xmltv_id="Primafila 16">Primafila 16</channel>
    <channel update="i" site="guidatv.sky.it" site_id="primafila-17" xmltv_id="Primafila 17">Primafila 17</channel>
    <channel update="i" site="guidatv.sky.it" site_id="primafila-18" xmltv_id="Primafila 18">Primafila 18</channel>
    <channel update="i" site="guidatv.sky.it" site_id="primafila-19" xmltv_id="Primafila 19">Primafila 19</channel>
    <channel update="i" site="guidatv.sky.it" site_id="rai-1-%28dtt%29" xmltv_id="Rai 1 DTT">Rai 1 DTT</channel>
    <channel update="i" site="guidatv.sky.it" site_id="rai-2-%28dtt%29" xmltv_id="Rai 2 DTT">Rai 2 DTT</channel>
    <channel update="i" site="guidatv.sky.it" site_id="rai-3-%28dtt%29" xmltv_id="Rai 3 DTT">Rai 3 DTT</channel>
    <channel update="i" site="guidatv.sky.it" site_id="rete-4-%28dtt%29" xmltv_id="Rete 4 DTT">Rete 4 DTT</channel>
    <channel update="i" site="guidatv.sky.it" site_id="canale-5-%28dtt%29" xmltv_id="Canale 5 DTT">Canale 5 DTT</channel>
    <channel update="i" site="guidatv.sky.it" site_id="italia-1-%28dtt%29" xmltv_id="Italia 1 DTT">Italia 1 DTT</channel>
    <channel update="i" site="guidatv.sky.it" site_id="la7-dtt" xmltv_id="La7 DTT">La7 DTT</channel>
    <channel update="i" site="guidatv.sky.it" site_id="tv8-dtt" xmltv_id="TV8 DTT">TV8 DTT</channel>
    <channel update="i" site="guidatv.sky.it" site_id="deejay-tv-nove-dtt" xmltv_id="Deejay TV NOVE DTT">Deejay TV NOVE DTT</channel>
    <channel update="i" site="guidatv.sky.it" site_id="rai-4-dtt" xmltv_id="Rai 4 DTT">Rai 4 DTT</channel>
    <channel update="i" site="guidatv.sky.it" site_id="iris" xmltv_id="Iris">Iris</channel>
    <channel update="i" site="guidatv.sky.it" site_id="rai-5" xmltv_id="Rai 5">Rai 5</channel>
    <channel update="i" site="guidatv.sky.it" site_id="rai-movie" xmltv_id="Rai Movie">Rai Movie</channel>
    <channel update="i" site="guidatv.sky.it" site_id="rai-premium" xmltv_id="Rai Premium">Rai Premium</channel>
    <channel update="i" site="guidatv.sky.it" site_id="cielo-dtt" xmltv_id="Cielo DTT">Cielo DTT</channel>
    <channel update="i" site="guidatv.sky.it" site_id="tv2000-dtt" xmltv_id="TV2000 DTT">TV2000 DTT</channel>
    <channel update="i" site="guidatv.sky.it" site_id="la7d" xmltv_id="La7D">La7D</channel>
    <channel update="i" site="guidatv.sky.it" site_id="la5" xmltv_id="La5">La5</channel>
    <channel update="i" site="guidatv.sky.it" site_id="real-time-dtt" xmltv_id="Real Time DTT">Real Time DTT</channel>
    <channel update="i" site="guidatv.sky.it" site_id="qvc-dtt" xmltv_id="QVC DTT">QVC DTT</channel>
    <channel update="i" site="guidatv.sky.it" site_id="mediaset-extra" xmltv_id="Mediaset Extra">Mediaset Extra</channel>
    <channel update="i" site="guidatv.sky.it" site_id="mediaset-italia-due-dtt" xmltv_id="Mediaset Italia Due DTT">Mediaset Italia Due DTT</channel>
    <channel update="i" site="guidatv.sky.it" site_id="giallo-dtt" xmltv_id="GIALLO DTT">GIALLO DTT</channel>
    <channel update="i" site="guidatv.sky.it" site_id="rtl-102.5-tv-dtt" xmltv_id="RTL 102.5 TV DTT">RTL 102.5 TV DTT</channel>
    <channel update="i" site="guidatv.sky.it" site_id="top-crime" xmltv_id="Top Crime">Top Crime</channel>
    <channel update="i" site="guidatv.sky.it" site_id="boing" xmltv_id="Boing">Boing</channel>
    <channel update="i" site="guidatv.sky.it" site_id="k2-kids-tv-dtt" xmltv_id="K2 Kids Tv DTT">K2 Kids Tv DTT</channel>
    <channel update="i" site="guidatv.sky.it" site_id="rai-gulp" xmltv_id="Rai Gulp">Rai Gulp</channel>
    <channel update="i" site="guidatv.sky.it" site_id="rai-yoyo" xmltv_id="Rai Yoyo">Rai Yoyo</channel>
    <channel update="i" site="guidatv.sky.it" site_id="frisbee-dtt" xmltv_id="Frisbee DTT">Frisbee DTT</channel>
    <channel update="i" site="guidatv.sky.it" site_id="cartoonito" xmltv_id="Cartoonito">Cartoonito</channel>
    <channel update="i" site="guidatv.sky.it" site_id="super!-dtt" xmltv_id="Super! DTT">Super! DTT</channel>
    <channel update="i" site="guidatv.sky.it" site_id="rai-news-dtt" xmltv_id="Rai News DTT">Rai News DTT</channel>
    <channel update="i" site="guidatv.sky.it" site_id="sky-tg24-dtt2" xmltv_id="Sky Tg24 DTT2">Sky Tg24 DTT2</channel>
    <channel update="i" site="guidatv.sky.it" site_id="dmax-dtt" xmltv_id="DMAX DTT">DMAX DTT</channel>
    <channel update="i" site="guidatv.sky.it" site_id="rai-storia" xmltv_id="Rai Storia">Rai Storia</channel>
    <channel update="i" site="guidatv.sky.it" site_id="focus-dtt" xmltv_id="Focus DTT">Focus DTT</channel>
    <channel update="i" site="guidatv.sky.it" site_id="rai-sport-1-dtt" xmltv_id="Rai Sport 1 DTT">Rai Sport 1 DTT</channel>
    <channel update="i" site="guidatv.sky.it" site_id="rai-sport-2-dtt" xmltv_id="Rai Sport 2 DTT">Rai Sport 2 DTT</channel>
    <channel update="i" site="guidatv.sky.it" site_id="supertennis-dtt" xmltv_id="SuperTennis DTT">SuperTennis DTT</channel>
    <channel update="i" site="guidatv.sky.it" site_id="mtv-music-dtt" xmltv_id="MTV Music DTT">MTV Music DTT</channel>
    <channel update="i" site="guidatv.sky.it" site_id="france-24-dtt" xmltv_id="France 24 DTT">France 24 DTT</channel>
  </channels>
</site>