﻿<?xml version="1.0" encoding="UTF-8"?>
<site generator-info-name="WebGrab+Plus/w MDB &amp; REX Postprocess -- version V2.0.6 -- Jan van Straaten" site="mediasetpremium.it">
  <channels>
    <channel update="i" site="mediasetpremium.it" site_id="KE" xmltv_id="Premium Cinema HD">Premium Cinema HD</channel>
    <channel update="i" site="mediasetpremium.it" site_id="LX" xmltv_id="Premium Cinema +24">Premium Cinema +24</channel>
    <channel update="i" site="mediasetpremium.it" site_id="LM" xmltv_id="Premium Cinema 2 HD">Premium Cinema 2 HD</channel>
    <channel update="i" site="mediasetpremium.it" site_id="LW" xmltv_id="Premium Cinema 2 +24">Premium Cinema 2 +24</channel>
    <channel update="i" site="mediasetpremium.it" site_id="KG" xmltv_id="Premium Cinema Energy">Premium Cinema Energy</channel>
    <channel update="i" site="mediasetpremium.it" site_id="LQ" xmltv_id="Premium Cinema Energy +24">Premium Cinema Energy +24</channel>
    <channel update="i" site="mediasetpremium.it" site_id="KO" xmltv_id="Premium Cinema Emotion">Premium Cinema Emotion</channel>
    <channel update="i" site="mediasetpremium.it" site_id="LC" xmltv_id="Premium Cinema Comedy">Premium Cinema Comedy</channel>
    <channel update="i" site="mediasetpremium.it" site_id="KR" xmltv_id="Studio Universal">Studio Universal</channel>
    <channel update="i" site="mediasetpremium.it" site_id="KS" xmltv_id="Premium Action HD">Premium Action HD</channel>
    <channel update="i" site="mediasetpremium.it" site_id="LU" xmltv_id="Premium Action +24">Premium Action +24</channel>
    <channel update="i" site="mediasetpremium.it" site_id="LR" xmltv_id="Premium Crime HD">Premium Crime HD</channel>
    <channel update="i" site="mediasetpremium.it" site_id="LZ" xmltv_id="Premium Crime +24">Premium Crime +24</channel>
    <channel update="i" site="mediasetpremium.it" site_id="KD" xmltv_id="Premium Stories">Premium Stories</channel>
    <channel update="i" site="mediasetpremium.it" site_id="LE" xmltv_id="Premium Stories +24">Premium Stories +24</channel>
    <channel update="i" site="mediasetpremium.it" site_id="KJ" xmltv_id="Premium Joi">Premium Joi</channel>
    <channel update="i" site="mediasetpremium.it" site_id="LD" xmltv_id="Premium Joi +24">Premium Joi +24</channel>
    <channel update="i" site="mediasetpremium.it" site_id="EH" xmltv_id="Investigation Discovery">Investigation Discovery</channel>
    <channel update="i" site="mediasetpremium.it" site_id="LV" xmltv_id="Premium Sport HD">Premium Sport HD</channel>
    <channel update="i" site="mediasetpremium.it" site_id="KC" xmltv_id="Premium Sport 2 HD">Premium Sport 2 HD</channel>
    <channel update="i" site="mediasetpremium.it" site_id="EE" xmltv_id="Eurosport">Eurosport</channel>
    <channel update="i" site="mediasetpremium.it" site_id="EF" xmltv_id="Eurosport 2">Eurosport 2</channel>
    <channel update="i" site="mediasetpremium.it" site_id="KN" xmltv_id="Cartoon Network">Cartoon Network</channel>
  </channels>
</site>