﻿<?xml version="1.0" encoding="UTF-8"?>
<site generator-info-name="WebGrab+Plus/w MDB &amp; REX Postprocess -- version  V1.57 -- Jan van Straaten" site="nove.tv">
  <channels>
    <channel update="i" site="nove.tv" site_id="DeejayTV" xmltv_id="DeejayTV">DeejayTV</channel>
    <channel update="i" site="nove.tv" site_id="RealTime" xmltv_id="RealTime">RealTime</channel>
    <channel update="i" site="nove.tv" site_id="DMax" xmltv_id="DMax">DMax</channel>
    <channel update="i" site="nove.tv" site_id="Focus" xmltv_id="Focus">Focus</channel>
    <channel update="i" site="nove.tv" site_id="Giallo" xmltv_id="Giallo">Giallo</channel>
    <channel update="i" site="nove.tv" site_id="K2" xmltv_id="K2">K2</channel>
    <channel update="i" site="nove.tv" site_id="Frisbee" xmltv_id="Frisbee">Frisbee</channel>
  </channels>
</site>