﻿<?xml version="1.0" encoding="UTF-8"?>
<site generator-info-name="WebGrab+Plus/w MDB &amp; REX Postprocess -- version V1.56.23 -- Jan van Straaten" site="programmi-tv.eu">
  <channels>
    <channel update="i" site="programmi-tv.eu" site_id="raiuno" xmltv_id="Rai Uno">Rai Uno</channel>
    <channel update="i" site="programmi-tv.eu" site_id="raidue" xmltv_id="Rai Due">Rai Due</channel>
    <channel update="i" site="programmi-tv.eu" site_id="raitre" xmltv_id="Rai Tre">Rai Tre</channel>
    <channel update="i" site="programmi-tv.eu" site_id="rete4" xmltv_id="Rete 4">Rete 4</channel>
    <channel update="i" site="programmi-tv.eu" site_id="canale5" xmltv_id="Canale 5">Canale 5</channel>
    <channel update="i" site="programmi-tv.eu" site_id="italia1" xmltv_id="Italia 1">Italia 1</channel>
    <channel update="i" site="programmi-tv.eu" site_id="la7" xmltv_id="La7">La7</channel>
    <channel update="i" site="programmi-tv.eu" site_id="tv8" xmltv_id="TV8">TV8</channel>
    <channel update="i" site="programmi-tv.eu" site_id="deejaytv" xmltv_id="DeeJay TV - NOVE">DeeJay TV - NOVE</channel>
    <channel update="i" site="programmi-tv.eu" site_id="rai4" xmltv_id="Rai 4">Rai 4</channel>
    <channel update="i" site="programmi-tv.eu" site_id="iris" xmltv_id="Iris">Iris</channel>
    <channel update="i" site="programmi-tv.eu" site_id="rai5" xmltv_id="Rai 5">Rai 5</channel>
    <channel update="i" site="programmi-tv.eu" site_id="raimovie" xmltv_id="Rai Movie">Rai Movie</channel>
    <channel update="i" site="programmi-tv.eu" site_id="raipremium" xmltv_id="Rai Premium">Rai Premium</channel>
    <channel update="i" site="programmi-tv.eu" site_id="cielo" xmltv_id="Cielo">Cielo</channel>
    <channel update="i" site="programmi-tv.eu" site_id="paramount-channel" xmltv_id="Paramount Channel">Paramount Channel</channel>
    <channel update="i" site="programmi-tv.eu" site_id="tv2000" xmltv_id="TV2000">TV2000</channel>
    <channel update="i" site="programmi-tv.eu" site_id="la7d" xmltv_id="La7d">La7d</channel>
    <channel update="i" site="programmi-tv.eu" site_id="la5" xmltv_id="La5">La5</channel>
    <channel update="i" site="programmi-tv.eu" site_id="realtime" xmltv_id="Real Time">Real Time</channel>
    <channel update="i" site="programmi-tv.eu" site_id="qvc" xmltv_id="QVC">QVC</channel>
    <channel update="i" site="programmi-tv.eu" site_id="mediasetextra" xmltv_id="Mediaset Extra">Mediaset Extra</channel>
    <channel update="i" site="programmi-tv.eu" site_id="italia2" xmltv_id="Italia 2">Italia 2</channel>
    <channel update="i" site="programmi-tv.eu" site_id="rtl1025tv" xmltv_id="RTL 102.5 TV">RTL 102.5 TV</channel>
    <channel update="i" site="programmi-tv.eu" site_id="hse24" xmltv_id="HSE24">HSE24</channel>
    <channel update="i" site="programmi-tv.eu" site_id="giallo" xmltv_id="Giallo">Giallo</channel>
    <channel update="i" site="programmi-tv.eu" site_id="topcrime" xmltv_id="Top Crime">Top Crime</channel>
    <channel update="i" site="programmi-tv.eu" site_id="boing" xmltv_id="Boing">Boing</channel>
    <channel update="i" site="programmi-tv.eu" site_id="k2" xmltv_id="K2">K2</channel>
    <channel update="i" site="programmi-tv.eu" site_id="raigulp" xmltv_id="Rai Gulp">Rai Gulp</channel>
    <channel update="i" site="programmi-tv.eu" site_id="raiyoyo" xmltv_id="Rai Yoyo">Rai Yoyo</channel>
    <channel update="i" site="programmi-tv.eu" site_id="frisbee" xmltv_id="Frisbee">Frisbee</channel>
    <channel update="i" site="programmi-tv.eu" site_id="cartoonito" xmltv_id="Cartoonito">Cartoonito</channel>
    <channel update="i" site="programmi-tv.eu" site_id="super" xmltv_id="Super!">Super!</channel>
    <channel update="i" site="programmi-tv.eu" site_id="rainews24" xmltv_id="Rai News 24">Rai News 24</channel>
    <channel update="i" site="programmi-tv.eu" site_id="fineliving" xmltv_id="Fine Living">Fine Living</channel>
    <channel update="i" site="programmi-tv.eu" site_id="skytg24" xmltv_id="Sky TG 24">Sky TG 24</channel>
    <channel update="i" site="programmi-tv.eu" site_id="tgcom24" xmltv_id="Tgcom24">Tgcom24</channel>
    <channel update="i" site="programmi-tv.eu" site_id="dmax" xmltv_id="DMax">DMax</channel>
    <channel update="i" site="programmi-tv.eu" site_id="raistoria" xmltv_id="Rai Storia">Rai Storia</channel>
    <channel update="i" site="programmi-tv.eu" site_id="focus" xmltv_id="Focus">Focus</channel>
    <channel update="i" site="programmi-tv.eu" site_id="raisport" xmltv_id="Rai Sport 1">Rai Sport 1</channel>
    <channel update="i" site="programmi-tv.eu" site_id="raisport2" xmltv_id="Rai Sport 2">Rai Sport 2</channel>
    <channel update="i" site="programmi-tv.eu" site_id="super-tennis" xmltv_id="Super Tennis">Super Tennis</channel>
    <channel update="i" site="programmi-tv.eu" site_id="mtvmusic" xmltv_id="MTV Music">MTV Music</channel>
    <channel update="i" site="programmi-tv.eu" site_id="la3" xmltv_id="La3">La3</channel>
    <channel update="i" site="programmi-tv.eu" site_id="raiscuola" xmltv_id="Rai Scuola">Rai Scuola</channel>
    <channel update="i" site="programmi-tv.eu" site_id="sportitalia" xmltv_id="Sportitalia">Sportitalia</channel>
  </channels>
</site>